{"type": "FeatureCollection", "features": [{"type": "Feature", "properties": {"county": "NAIROBI", "subcounty": "Ruaraka  Sub County", "ward_count": 5}, "geometry": {"type": "Polygon", "coordinates": [[[36.87609558661045, -1.252250182144172], [36.875881582169534, -1.2521701894234767], [36.87573957925307, -1.252215185411438], [36.8757255789654, -1.2522191850552218], [36.87549257418808, -1.2523191761136396], [36.875293570119275, -1.252441165178037], [36.87509256600198, -1.2525401563165468], [36.87502966271352, -1.2525713715220743], [36.875008700284205, -1.2525817735908222], [36.87478712873465, -1.252655623002482], [36.87474355884007, -1.252670144707006], [36.87456255510477, -1.2526701447639736], [36.87451855419675, -1.252670144777822], [36.87436155095933, -1.2526781441059942], [36.87425454874749, -1.2526661452215324], [36.87424600057093, -1.2526659212443974], [36.87410154558876, -1.2526621456302178], [36.87391954186698, -1.2527721357711539], [36.87382453992411, -1.252829130662572], [36.87380212946988, -1.2528556592778566], [36.873737538160626, -1.2529321214045135], [36.87364925836136, -1.2530045479025769], [36.8736495363672, -1.253005114851422], [36.87354253418606, -1.253092107042139], [36.87334353013259, -1.2532640915990703], [36.873165989488385, -1.253327209964467], [36.87311852551409, -1.25334408445803], [36.8729765226088, -1.2534250772006128], [36.87281651938005, -1.2536610559758488], [36.87274051784351, -1.2537640467143094], [36.87260569610279, -1.253897862692322], [36.87260451507877, -1.253899034587047], [36.87260279404336, -1.253899606535982], [36.87245759606197, -1.2539478292340795], [36.87232150926762, -1.2539930262022057], [36.872297702782014, -1.2540114195513299], [36.87218950657513, -1.2540950170484608], [36.87211850511452, -1.2541100157185874], [36.87205571782279, -1.2541227605893142], [36.87198550237814, -1.2541370133264709], [36.87185797275743, -1.2541727871414057], [36.87176449783651, -1.2541990078069076], [36.871729497117244, -1.254209006916381], [36.87171534982648, -1.2542128535740853], [36.87161549477419, -1.2542400041576598], [36.8715864941757, -1.2542400041667974], [36.87142849091504, -1.2542400042165847], [36.87127548775619, -1.254236004625417], [36.871106484261354, -1.2542130067520656], [36.87108048372352, -1.25420900712088], [36.871040949907155, -1.2542074002781618], [36.87095748118356, -1.2542040076104128], [36.870832478601955, -1.2541980081907314], [36.87072933048246, -1.2542276985464018], [36.870723934371576, -1.2542292524079606], [36.87056847317719, -1.2542740014224714], [36.87030146768957, -1.2543469949257167], [36.87019646554465, -1.2544179885582254], [36.86999346139768, -1.2545549762717254], [36.86994046031812, -1.2546009721416398], [36.869752456485756, -1.254753958408014], [36.86974474733113, -1.2547686970817078], [36.86967456492446, -1.2549028770064197], [36.869661454661745, -1.254927942750719], [36.86964645436079, -1.2549559402312713], [36.86953545214611, -1.255200918179661], [36.86942444990961, -1.2553759024384838], [36.869268446741295, -1.255540887612958], [36.86922044582712, -1.2557868654512578], [36.869113443674806, -1.2559668492579972], [36.869083443067474, -1.2560048458417976], [36.86900296743753, -1.2561041979097538], [36.86899066318828, -1.25611938754418], [36.868887439097556, -1.256246824087369], [36.86885743849001, -1.2562838207612337], [36.86873243597735, -1.2564998013282611], [36.86870043533404, -1.2565547963800285], [36.86867198574843, -1.2565598559329123], [36.86840242920034, -1.2566077916961673], [36.86834342798103, -1.2566027921655738], [36.86811642329057, -1.2565847938599553], [36.86810642308478, -1.2565867936828], [36.86802288236643, -1.2566052530448373], [36.86798791964731, -1.256612979359301], [36.8679254193617, -1.2566267901339532], [36.86785297487718, -1.2566607210976324], [36.86773864053416, -1.2567142713057247], [36.86773541546806, -1.256715782170473], [36.867466409955206, -1.2568407709866678], [36.86746635595409, -1.2568407899849734], [36.86732040695784, -1.2568917664350616], [36.86721285975014, -1.2569300510174075], [36.86716542277637, -1.2569469375099056], [36.86712940303702, -1.256959760365188], [36.86699540028597, -1.257006756170422], [36.866827396836754, -1.2570647509947643], [36.86671639455803, -1.2571037475139888], [36.866533390801, -1.2571677418022231], [36.86638738780391, -1.2572197371604723], [36.866356387165055, -1.2572227368997941], [36.866204384033274, -1.2572397354153193], [36.86616938331117, -1.257240735336217], [36.86594837875091, -1.2572437351355439], [36.86586337699502, -1.257238735613169], [36.86570437371039, -1.2572287365648558], [36.865579100122645, -1.257221619246049], [36.86544036825693, -1.2572137380004815], [36.86529736530033, -1.2571967395782038], [36.86521536360477, -1.2571867405055703], [36.86495535823399, -1.257171741939926], [36.864936357843035, -1.2571757415853027], [36.86468635269785, -1.2572227374271938], [36.86454834987354, -1.2572997305292204], [36.86447234833203, -1.2573867227101958], [36.86438034649982, -1.2576007034472152], [36.86436034610542, -1.2576596981346824], [36.86430034492113, -1.2578336824675427], [36.86417434238505, -1.258040663846265], [36.864097340837546, -1.2581746517904535], [36.86401482817953, -1.2583190327994156], [36.86401043309123, -1.2583268011003583], [36.86397580935627, -1.2582614650020036], [36.86396660616086, -1.2582441005704461], [36.863618331027176, -1.258418629945207], [36.8635807852575, -1.2584354244429674], [36.86351423089315, -1.2584651957798465], [36.863504328690134, -1.2584696253835332], [36.863487036334746, -1.2584742359733425], [36.86347432807353, -1.2584776246718539], [36.8633913013668, -1.2585000726742168], [36.86327832404462, -1.2585306199558792], [36.8632386552311, -1.258547360459087], [36.86319328430063, -1.2585665077471273], [36.86309833935355, -1.2586065741648487], [36.86301531865095, -1.2586416100322857], [36.86298031793421, -1.2586596084207133], [36.86285431535287, -1.2587216028712078], [36.86281672958665, -1.2587521771265189], [36.862736312947284, -1.2588175942541222], [36.862567908509305, -1.2589388623739326], [36.86252728367997, -1.258968116749271], [36.862518334497246, -1.258974561171082], [36.86251814149324, -1.2589745531718637], [36.862517871487746, -1.258974597167986], [36.86251481942491, -1.258975097123917], [36.862497846075385, -1.2589778798783597], [36.86233528872865, -1.2590045255274203], [36.862205286026374, -1.2589435310677162], [36.86213828464355, -1.2589435310889026], [36.86208328350842, -1.258943531106294], [36.86204496573123, -1.2589876181436008], [36.862010282027875, -1.2590275235567754], [36.861926280362006, -1.2592455039305652], [36.861917490194266, -1.2592894509711376], [36.86189227971324, -1.2594154886157667], [36.86186781024601, -1.2595370786610407], [36.861859279083156, -1.2595794738414867], [36.861859290083395, -1.2595795258367999], [36.8618622791544, -1.2596094711359238], [36.86186728426993, -1.259648466618583], [36.861840278739955, -1.2597364596937703], [36.861840170738745, -1.2597397643958632], [36.86183527868446, -1.2598894459023247], [36.861832343641204, -1.2599452098756243], [36.86183227864033, -1.259946440764682], [36.861836278781155, -1.2601334239052024], [36.861836297781565, -1.2601334749005142], [36.86186380436931, -1.2601977620957159], [36.86191628049061, -1.2603204070215515], [36.86198927905091, -1.260492392492357], [36.86198930105137, -1.260492442487847], [36.862065279673146, -1.2606643819618248], [36.862065234672265, -1.260664528948599], [36.86202128280967, -1.2608073630846515], [36.86187876790346, -1.2609202339533103], [36.8618192786903, -1.2609673487243773], [36.861796884230365, -1.2609746110766777], [36.86174527717052, -1.2609913465841192], [36.86171208648868, -1.2610018946436066], [36.861617033536284, -1.2610321019502448], [36.86161627452072, -1.2610323429287786], [36.861579273764185, -1.2610553408670493], [36.861502621197126, -1.2611036375369147], [36.86143327077942, -1.2611473326193197], [36.86138342476635, -1.2611976101020899], [36.86131926846232, -1.2612623222880033], [36.861309956271796, -1.261267588816116], [36.861294845962576, -1.2612761330505526], [36.8611923728656, -1.261334082858273], [36.86107526346924, -1.2614003099243296], [36.861011241159, -1.2614362637029835], [36.8610022619753, -1.261441306251255], [36.86091941127585, -1.2614752412179893], [36.86082264529097, -1.261514875675119], [36.86075325686771, -1.2615432971346743], [36.860725230292786, -1.2615546401209237], [36.86071125600612, -1.2615602956153882], [36.86053225233775, -1.2616442880993841], [36.860527758246604, -1.2616495536260606], [36.860500380691605, -1.261681633742387], [36.86041779401714, -1.2617784040437725], [36.86040424974258, -1.261794274617156], [36.860255246723376, -1.2619742584370166], [36.86024509051743, -1.2619861843650035], [36.86016924497981, -1.2620752493589389], [36.860134920283926, -1.2621154877419674], [36.860053242627984, -1.2622112371351033], [36.859971398962564, -1.262287343299299], [36.85995324059297, -1.2623042287826345], [36.85993424020645, -1.2623222271659], [36.85972423589561, -1.262398220380907], [36.85968341405545, -1.2624056417248224], [36.85953723204652, -1.2624322173750884], [36.85950837645359, -1.2624406836209097], [36.859370228614786, -1.2624812130105587], [36.859364581498795, -1.262482800869141], [36.85934375707076, -1.2624886573477647], [36.85933822795711, -1.262490212209371], [36.85933155882042, -1.262493333930023], [36.859267711511976, -1.2625232162560598], [36.859197225067454, -1.2625562063040001], [36.8591242235638, -1.2625662054256566], [36.859011221225444, -1.2625472071744033], [36.8589152192539, -1.2625792043199644], [36.858775216375484, -1.2626152011188463], [36.85868053739895, -1.2625437845878316], [36.85866121399555, -1.262529208908051], [36.858561211928645, -1.2625202097511812], [36.85843020920074, -1.262443216734343], [36.85821723178476, -1.2623792305708896], [36.858217204784204, -1.2623792225716186], [36.85800820048026, -1.2624112197531006], [36.85793719901412, -1.262409219955838], [36.85785319727463, -1.2623912216052195], [36.85774219497626, -1.2623682237139482], [36.85753819077547, -1.2624002208936702], [36.857525883522335, -1.2624029386525875], [36.85737518742231, -1.2624362176999426], [36.85727418534465, -1.2624592156585186], [36.85714318269321, -1.262627200554555], [36.856939178506444, -1.2627041936776386], [36.85693907450424, -1.262704010694154], [36.85693901850315, -1.262704266671025], [36.85675219065405, -1.2627272436587142], [36.85662864008563, -1.262668950953518], [36.85652118585184, -1.2626182535585173], [36.856455159488014, -1.2626149708754149], [36.85637822089877, -1.2626111452446798], [36.856378187897995, -1.2626111442447805], [36.856357707474935, -1.2626101253431432], [36.85634018211297, -1.2626092544272391], [36.856185178885106, -1.2625182626801745], [36.85617151059887, -1.2625050518755592], [36.856094633988896, -1.2624307455993193], [36.85594517385874, -1.2622862836713176], [36.85593532765263, -1.2622771284999037], [36.85593529265189, -1.262277096502797], [36.85576944518052, -1.2621228904583877], [36.85575638690718, -1.2621107485572898], [36.85573116937939, -1.2620873016791547], [36.855727123293875, -1.2620811262372305], [36.85560016961297, -1.2618873177510646], [36.85560014361241, -1.2618872717551273], [36.85555966375541, -1.2618187279477937], [36.8555156018227, -1.2617441176885655], [36.855463168712646, -1.2616553377093995], [36.85546314971224, -1.2616552887139072], [36.85543089900256, -1.2615143554304413], [36.85540916052418, -1.2614193620017455], [36.8553789849053, -1.261432146858635], [36.85529116010412, -1.261469357531662], [36.85517782874376, -1.2614017636617239], [36.855177157729734, -1.2614013636979633], [36.85517714272941, -1.2614013127025612], [36.855154748241645, -1.2613194650888777], [36.855148156098124, -1.2612953732630932], [36.85514794009358, -1.2612951872799143], [36.85512452160393, -1.2612750481030668], [36.85504815500704, -1.261209381047666], [36.85498915377336, -1.2611583856640483], [36.854983940663814, -1.2611521092314955], [36.85489115171364, -1.2610403963327876], [36.85482062023161, -1.2609564399244473], [36.85481161804242, -1.2609457238934352], [36.85480714994851, -1.260940405374361], [36.85464014644649, -1.260764420293688], [36.85463987744083, -1.260764137319262], [36.8545791451674, -1.260700427082432], [36.85442214187579, -1.2605374418265207], [36.85442195087177, -1.2605372628427034], [36.85442186687009, -1.2605371798502056], [36.85424913825422, -1.260375456485487], [36.85420413731193, -1.2603324603761437], [36.85399513294823, -1.2601734747759963], [36.853902131012354, -1.2601214794932272], [36.8538667012653, -1.260071009054708], [36.85382912947307, -1.2600174888917428], [36.85375053981873, -1.2599144602053722], [36.85373912757844, -1.259899499557884], [36.85370655989378, -1.2598594721769094], [36.85364312556009, -1.2597815102258196], [36.85364291355567, -1.2597814102348042], [36.85330711857481, -1.259622524665731], [36.8532508074121, -1.259621569769556], [36.85301211248383, -1.2596175252097277], [36.852823141572514, -1.2595834803388979], [36.85279010788881, -1.2595775288859496], [36.85254010274788, -1.2596405232855623], [36.852540152748745, -1.2596402493103132], [36.85259010369522, -1.2593685477901335], [36.85244018657079, -1.2592726114867705], [36.85244010056899, -1.25927255649184], [36.85243053236752, -1.259259800644895], [36.85238609943185, -1.259200562999569], [36.852359738870746, -1.2591459319331502], [36.85233144326837, -1.2590872892291263], [36.85233109826108, -1.2590865732938106], [36.85207709298277, -1.2589735835607987], [36.851839088038034, -1.258871592831103], [36.85171208538529, -1.2587716018859947], [36.85148508066677, -1.258666611423247], [36.85132068427742, -1.2586799132760087], [36.851312077099955, -1.2586806102158652], [36.85122638231892, -1.2586416627542536], [36.85121307504231, -1.2586356143037933], [36.8512099079723, -1.2586206856507023], [36.85118073332238, -1.2584675524657352], [36.85094872350804, -1.2583865668402967], [36.85146674520267, -1.2583915662258456], [36.85192631169021, -1.2583951347589222], [36.85198176683501, -1.258395564702671], [36.85258969035174, -1.2582930057567714], [36.85270479672173, -1.2582735864712364], [36.85330182097723, -1.2580546250231062], [36.85359583299385, -1.2578866550736936], [36.85394084702676, -1.2576017066543381], [36.85416193953395, -1.2574198109834405], [36.85440386646571, -1.2572207748511783], [36.85563191651052, -1.2562439505292782], [36.856049933036545, -1.2559150090531321], [36.85659395613345, -1.2554890852805316], [36.85670670543082, -1.2553928899174713], [36.857500992614966, -1.254715224761706], [36.85766800000433, -1.2545292574748081], [36.85791100994049, -1.254272303563686], [36.85906705642245, -1.2530495234381012], [36.85930606627628, -1.2527935694379133], [36.86066812195454, -1.2513908214718208], [36.860959270866836, -1.2510776046176153], [36.86110213976804, -1.2509239054291856], [36.862168183424814, -1.2498061058666334], [36.862452195197356, -1.2495171578268172], [36.862725205746834, -1.249241207618489], [36.86315116240052, -1.24879586263359], [36.86351112671362, -1.2484195264479452], [36.86370924673871, -1.2482123920592916], [36.86396925701483, -1.247920444297262], [36.86519865999798, -1.2466559209101096], [36.86525430912882, -1.2465986820527772], [36.865530320737754, -1.24631473256462], [36.86617934691963, -1.2456238566442563], [36.866390356238426, -1.2455068781237855], [36.86672337007614, -1.245392898294973], [36.86688539339443, -1.2453098927272241], [36.86716638814927, -1.245165938616803], [36.86727456934935, -1.2450599771354345], [36.86736339615574, -1.2449729729510852], [36.86748040048425, -1.2446930241519034], [36.86768440852947, -1.2441571203997108], [36.86820378302054, -1.2434172229387332], [36.86823043055888, -1.2433792603526743], [36.86840843813013, -1.2430463193114978], [36.86864844793486, -1.2425634067706066], [36.86899146176612, -1.2417575513101844], [36.86926347218661, -1.2411286649182813], [36.86959848585551, -1.240330807738906], [36.869768492253286, -1.2399698732232096], [36.87027851341565, -1.2387860857792021], [36.87030134087171, -1.2387369891980085], [36.87036451613382, -1.238601119426482], [36.87036736019071, -1.2385950569721373], [36.870367515193855, -1.2385951239660549], [36.87036937823264, -1.2385959768885693], [36.870390056662224, -1.2386054800254467], [36.87055610311233, -1.2386817970940633], [36.87057852557831, -1.2386921031580818], [36.87064010385033, -1.2386962687633918], [36.8706409808682, -1.2386955998233664], [36.87065124708033, -1.2386962997570439], [36.870711471324476, -1.2387004053682673], [36.87080847331216, -1.238654409484377], [36.870895475103346, -1.2386404107193274], [36.87101947767532, -1.238682406894844], [36.87113848013945, -1.2387094044241718], [36.87125248250348, -1.2387464010535174], [36.8713394843158, -1.2388013960688335], [36.871367484903374, -1.2388333931756625], [36.87141748595216, -1.238888388202488], [36.871500487687385, -1.2389613815965184], [36.87160548990375, -1.2391223670514608], [36.87166049104702, -1.2391493646005096], [36.87171149209129, -1.2391223670184617], [36.87178949368809, -1.2390803707800082], [36.87188049556064, -1.239062372374115], [36.87195849715193, -1.2390023777582746], [36.87205949921545, -1.2389343838562576], [36.87211950042701, -1.2388473916796692], [36.872155501169914, -1.2388473916684644], [36.872211502339404, -1.2388923875947726], [36.8721971540505, -1.2389159574744781], [36.872183501775666, -1.2389383834570802], [36.87218369377978, -1.238938884411902], [36.872206502268746, -1.2389983780415679], [36.87220640926688, -1.2389985680244857], [36.87215550124839, -1.2391033685928206], [36.87211450042495, -1.239177361935281], [36.87211467142864, -1.239177866889749], [36.87213750092049, -1.239245355798685], [36.87220650233345, -1.2392093590222557], [36.872284503940364, -1.2392003598091905], [36.87236250555135, -1.239204359424325], [36.8723909431461, -1.2392302660800651], [36.872407506492586, -1.2392453557146215], [36.872408599515346, -1.2392460046557454], [36.872409891542176, -1.2392467815853692], [36.87249950840805, -1.2393003507283342], [36.87256850986301, -1.2394013416026883], [36.872646511486785, -1.2394473374320594], [36.872724513071304, -1.2393653447991742], [36.872838515401256, -1.2392913514340034], [36.872907516808375, -1.2392363563701674], [36.8729365174093, -1.2392443556400632], [36.87302651927398, -1.2392683534486373], [36.87308652054869, -1.2393873427034274], [36.87319652283445, -1.2394383380720109], [36.87340252709271, -1.2394613359346869], [36.873590530982185, -1.2394933329916527], [36.8737145335455, -1.2395073316910827], [36.873801535346345, -1.2395253300414513], [36.87389753734992, -1.2395983234313421], [36.87399453937564, -1.2396763163702729], [36.87403954035644, -1.2398463010323884], [36.87403953335633, -1.2398463770255461], [36.874026540130195, -1.2399832886872013], [36.873977539161984, -1.2401232760828684], [36.874048441668414, -1.2402642103557893], [36.87406054092541, -1.2402882611839072], [36.8741885436133, -1.2404392475326824], [36.87428954572586, -1.240531239208329], [36.87438654774598, -1.2405912337696436], [36.874564551395345, -1.2405132407451689], [36.87466155337166, -1.2404302481965865], [36.874706554300396, -1.240430248182562], [36.87476655559773, -1.2406232307667617], [36.87488155800043, -1.240719222077337], [36.875046561409825, -1.24073322076393], [36.875188564351525, -1.2407702173843973], [36.875380568329156, -1.240820212817536], [36.87550457089233, -1.2408342115169038], [36.875623573349266, -1.2408382111192142], [36.875742575805, -1.2408382110821132], [36.875926579576934, -1.2407562184163838], [36.875990580851266, -1.2406052320076926], [36.876045581924274, -1.2404032501990319], [36.87605458203106, -1.2401462733624096], [36.876068582257986, -1.2399442915665566], [36.87614158373498, -1.2398483001972813], [36.87624258577996, -1.2397203117038862], [36.87626558622795, -1.2396333195389473], [36.876265586187145, -1.2395003315276418], [36.87635758806019, -1.2394173389806173], [36.8764995909736, -1.2393623438940984], [36.87661859344073, -1.2393993405217965], [36.87668259473319, -1.2393073487948132], [36.87673759582465, -1.2391653615776848], [36.876820597516314, -1.2390963677715006], [36.87688859891837, -1.2390923681109143], [36.87706960266666, -1.2391353641785292], [36.87723460608997, -1.2391953587186302], [36.877270960845, -1.239211163282614], [36.87734960847845, -1.2392453541758468], [36.877477611136655, -1.2393003491782775], [36.877638614492774, -1.2394103392126192], [36.877638789496594, -1.2394109491576288], [36.87767561529591, -1.2395393275729498], [36.87767567829726, -1.2395394525616732], [36.87777561741996, -1.239736309783999], [36.87786361927395, -1.239860298579141], [36.877945620988434, -1.2399332919732913], [36.87804162296523, -1.239919293205354], [36.87816062539692, -1.2398413001993207], [36.87824762716554, -1.2397543080144924], [36.878381345895434, -1.2396585196080647], [36.87838162990126, -1.2396583166262578], [36.87838592198875, -1.239654795942372], [36.878509632510436, -1.2395533260512162], [36.8785686337123, -1.2395023306300765], [36.87877063782733, -1.2393283462516906], [36.878872639948426, -1.2393813414423966], [36.87892164096721, -1.2394063391736365], [36.87909164446813, -1.2393833411939879], [36.87919264654251, -1.239351344046976], [36.879306648927184, -1.239456334546725], [36.87940365097119, -1.2395943220769816], [36.879470652374266, -1.2396613160166787], [36.879540653840245, -1.2397313096849047], [36.87963765586032, -1.2397913042462776], [36.87974065796949, -1.239738308991655], [36.87976265841025, -1.2396953128608799], [36.87981365943223, -1.2395963217689752], [36.879930685800005, -1.2394429685572477], [36.879974662689875, -1.2393853407386937], [36.87999638312791, -1.2393524137002212], [36.88000566331513, -1.2393383449656987], [36.880053189273845, -1.239266597418819], [36.88005666434388, -1.239261351890628], [36.880219667688706, -1.2392003573384998], [36.88029066914584, -1.239174359660043], [36.880441672249155, -1.2391333633087973], [36.88049667339117, -1.23915636121846], [36.88060667568071, -1.239220355415129], [36.88060681468376, -1.2392209273635721], [36.88062467607482, -1.2392943487391448], [36.88063367628572, -1.2393763413446903], [36.880633937291215, -1.2393769282916558], [36.88067067207453, -1.2394593358511836], [36.88069367755602, -1.2394813318611289], [36.88069395056178, -1.239481951805118], [36.88071667404614, -1.2395323292566114], [36.88084968080051, -1.2395643243308136], [36.88093268251601, -1.2395733234936297], [36.88111035621287, -1.2396730274500605], [36.881128686594195, -1.2396833135170247], [36.88116996146181, -1.239735103835293], [36.88117968766627, -1.2397473077321148], [36.88117968766634, -1.2397475507101419], [36.88117968768468, -1.2398073023235037], [36.88117996569047, -1.2398074473103593], [36.88129469007603, -1.2398672968792372], [36.88141869264156, -1.2398892948574334], [36.88158769611623, -1.2398482985005825], [36.88179370031086, -1.2396653149324337], [36.881834701128675, -1.2395733232126565], [36.88195470357394, -1.2394723322796881], [36.882045705398305, -1.2392983479360118], [36.88220170860908, -1.2392713503212427], [36.88228871040698, -1.239280349482817], [36.88238971246441, -1.2391933572936953], [36.882417713006916, -1.2390783676513528], [36.88244244849621, -1.2390095458479122], [36.882463713916835, -1.2389503791751424], [36.88248012825004, -1.2389323487954829], [36.88266671803731, -1.2387273992134489], [36.88281372107642, -1.2387463974550599], [36.882869722231966, -1.238746397437627], [36.8829607241097, -1.2387463974092985], [36.88307072637371, -1.2387273990876837], [36.88312072738731, -1.238668404390566], [36.88312572746387, -1.2385814122313215], [36.88319472886796, -1.2385174179788474], [36.88327498248688, -1.2383966538407511], [36.883295730905466, -1.2383654316489527], [36.88326372620744, -1.2382426167305804], [36.88325873009842, -1.2382234444605171], [36.8833137311941, -1.2380954559814665], [36.883464734266454, -1.2379534687346037], [36.883464959270974, -1.237953321747772], [36.88372573759981, -1.2377834809776451], [36.88384574207055, -1.2377654855626075], [36.883846021076174, -1.2377652695819732], [36.883882758825536, -1.2377368851293429], [36.88391174341674, -1.2377144901392305], [36.88393784894922, -1.237694269953959], [36.88398274486493, -1.2376594950749762], [36.8839828258666, -1.2376594780764822], [36.88411974768291, -1.237630497646455], [36.88413374797087, -1.2376274979125428], [36.88434475232352, -1.2376234982074148], [36.88461075780912, -1.237613499026064], [36.88477176113276, -1.2376184985253391], [36.88488476347883, -1.2376654942535315], [36.88500476596991, -1.2377144897992454], [36.88518876977632, -1.2377464868575545], [36.88535377317547, -1.2377284884287072], [36.885442775025275, -1.2377724844347933], [36.885443059031076, -1.2377722184587496], [36.88544314103288, -1.2377722594549425], [36.88546239142444, -1.2377541610805285], [36.88559414710513, -1.2376302852069616], [36.88582095472132, -1.2374227728435392], [36.88586515862101, -1.23738232947577], [36.88610316847865, -1.237208360084998], [36.88619902543696, -1.2371444698148168], [36.88619917243997, -1.2371443718236863], [36.88630517661737, -1.2371123776749073], [36.88655718683674, -1.2371763658280994], [36.8867771963943, -1.237235355441789], [36.8868962008638, -1.2372813472586195], [36.887025206567884, -1.2374193217800853], [36.88713921096204, -1.2375562973963412], [36.887272216723275, -1.2376112873976393], [36.88741422263923, -1.2375652954995613], [36.88741515165833, -1.237565129514222], [36.88750896458888, -1.2375484069926137], [36.88754322829388, -1.2375422995325713], [36.887581695084954, -1.2375338572816874], [36.887625230980355, -1.2375243031293726], [36.88774980754166, -1.2374946477640891], [36.88774993554432, -1.237494719757565], [36.88775082256255, -1.237494508776291], [36.887752420595966, -1.237496106631791], [36.887888825452194, -1.2376324962938188], [36.88814483078062, -1.237783482602685], [36.888405836195325, -1.23787947386786], [36.88859926319961, -1.237923312855551], [36.888630840853374, -1.2379304692005468], [36.88896584780347, -1.2380544579186767], [36.88924985367586, -1.2380954541343785], [36.88948885863215, -1.2381774466683262], [36.88951419615731, -1.2381850609740113], [36.889671862424876, -1.2382324416534451], [36.88989686707857, -1.2382694382481692], [36.890102871330456, -1.2382744377333081], [36.89010667940973, -1.2382766255348931], [36.890189873140834, -1.238324433199125], [36.89020287341122, -1.2383314325641233], [36.89024521328771, -1.2383408407027667], [36.89024787434275, -1.2383414316486243], [36.89030187545756, -1.2383434314515174], [36.8903228758905, -1.2383424315351304], [36.89044910549389, -1.2383389738076254], [36.890469349911626, -1.238339153785024], [36.89056135380555, -1.2383251570182088], [36.89063035620688, -1.2382521695766466], [36.89063271124962, -1.2382333332740707], [36.89063387627146, -1.23822588094555], [36.890634790288516, -1.2382200324725625], [36.890748546624025, -1.238182400829603], [36.890769885062134, -1.238175446449954], [36.89078505137545, -1.2381767163307682], [36.89083561341987, -1.2381809489334519], [36.8909853715138, -1.238194179694009], [36.89112637742615, -1.2382041777488102], [36.89124138181427, -1.2382541692061737], [36.89137438758787, -1.2383501515118578], [36.89147939179936, -1.238497125229241], [36.891525393806106, -1.2386850912694565], [36.891553395410526, -1.238772075418956], [36.891666451758326, -1.238821650914438], [36.891667399777916, -1.238822066876589], [36.89178640522502, -1.2387950712733118], [36.89191040977485, -1.2387670757585407], [36.89206641598245, -1.2387310829547367], [36.892199421700006, -1.2386440977552073], [36.89232742731985, -1.2385751109346252], [36.89253843560861, -1.2383641478876972], [36.89253838260745, -1.2383639679040133], [36.89253892161845, -1.2383634289523884], [36.892680924519944, -1.238271437201349], [36.89279010175678, -1.2382203917692443], [36.89289692894554, -1.2381704462387153], [36.8930889328943, -1.2381294498748336], [36.893164020446726, -1.2381400378969212], [36.89347894095767, -1.2381844447954748], [36.89370924471035, -1.238188432364364], [36.89370994572488, -1.2381884443629765], [36.89387194907879, -1.2382264408871186], [36.89400495183425, -1.2382634375104329], [36.89404795273091, -1.2382944347025715], [36.89405495289615, -1.2383624285706234], [36.89403795257485, -1.2384584199220257], [36.89402395230992, -1.2385364128951941], [36.894051952900504, -1.2385784091004282], [36.89410195393051, -1.238573409535524], [36.89412256534675, -1.2385439671834557], [36.894122954354636, -1.2385434122333192], [36.89416995529119, -1.2384354219542106], [36.89419287073091, -1.2383278296468387], [36.894192955732564, -1.2383274316826567], [36.894253956974616, -1.2382734365314247], [36.894370959384226, -1.2382594377571083], [36.89447696156902, -1.2382524383550768], [36.89458996389797, -1.238244439041105], [36.89468486283888, -1.2381892709850566], [36.89471896653638, -1.238169445761777], [36.894838968960435, -1.238000460958748], [36.894976971766795, -1.2378674729049708], [36.89499097204552, -1.2378344758753899], [36.89513097486012, -1.2375934975564742], [36.89520797641493, -1.2374835074483006], [36.895278977857416, -1.2374105140067997], [36.89535097932643, -1.2373565188521405], [36.89555098344193, -1.2373215219449092], [36.89567298596107, -1.237328521276001], [36.89578256823681, -1.237377326841947], [36.89578259323734, -1.2373773408407673], [36.89578298824557, -1.2373775168247048], [36.89582966121847, -1.237410282856308], [36.89582998922534, -1.2374105138354012], [36.89594999168667, -1.2373635180347686], [36.89606699408829, -1.2373235216041973], [36.89607199414616, -1.2371755349439464], [36.896130995343405, -1.237110540784896], [36.89620399682743, -1.2370385472525387], [36.896349999829575, -1.2370055501819037], [36.89645300192876, -1.2369215577219277], [36.89650300292576, -1.236808567892596], [36.89656600420621, -1.2367455735520867], [36.8966270054451, -1.236681579302348], [36.896696606882, -1.2366845620117914], [36.8966970068902, -1.2366845790101362], [36.89669700691532, -1.236766571618301], [36.896710887212905, -1.2368032513072593], [36.89671100721549, -1.2368035682786724], [36.89678900880968, -1.2367545726714948], [36.89687101047697, -1.2366745798574492], [36.89697201254081, -1.2366095856853387], [36.89708001476892, -1.2366095856517638], [36.89716201645274, -1.236583587970077], [36.89720201724279, -1.2364685983241515], [36.89717101658019, -1.236393605094568], [36.897238017935564, -1.2363056130063768], [36.89736978365394, -1.2363056129654242], [36.89737002065885, -1.2363056129653502], [36.897423904781206, -1.2363405338003879], [36.897424021783664, -1.2363406097935066], [36.897480022940535, -1.2363456093254417], [36.8975060234732, -1.236333610399068], [36.8975460242856, -1.2362916141726557], [36.89760902553481, -1.2361266290267847], [36.89763302600489, -1.2360446364110553], [36.89765602645709, -1.2359716429843772], [36.89772402785505, -1.2359556444055506], [36.897785029094926, -1.235894649885359], [36.89783503009613, -1.2357956587939949], [36.89781102955721, -1.2356526716919176], [36.897805029373494, -1.2354566893618728], [36.89772502770433, -1.235395694885372], [36.897604025156014, -1.2352257102473037], [36.89759302487676, -1.2350547256651114], [36.897656026143544, -1.2349467353809984], [36.89775902824039, -1.2348547436420838], [36.89785803027359, -1.2348247463157236], [36.897868431487574, -1.2348225855072918], [36.898065034530994, -1.2347817501275935], [36.898226973889805, -1.2348404687837562], [36.89824703830601, -1.234847744121629], [36.89830327448076, -1.2348955987900792], [36.89834104026973, -1.234927736881069], [36.898400041509866, -1.2350027331017537], [36.89852468207972, -1.2349977495122704], [36.898525044087215, -1.2349977305139586], [36.89866804705117, -1.2350427264131179], [36.898799049787414, -1.235152716456658], [36.898916052214354, -1.2351957125441755], [36.89894905293673, -1.2353317002745114], [36.899013054284275, -1.2354206922318716], [36.899081009709164, -1.2354956354545024], [36.89908105571013, -1.235495685449985], [36.899163057399626, -1.2354886860554721], [36.89921178440217, -1.2354797368470916], [36.89921205840783, -1.2354796868515094], [36.89927805978928, -1.2355446809717319], [36.89930710840394, -1.2355949514307285], [36.89933006088963, -1.2356346728426462], [36.89934474920172, -1.2356643801598886], [36.89937390482127, -1.235723347834786], [36.8993740618246, -1.2357236648061876], [36.89941606267244, -1.2356626702919165], [36.89945606347953, -1.2356036755979658], [36.89952705593127, -1.2355616873612125], [36.89958272708188, -1.2355686417169247], [36.89958306608891, -1.235568678713487], [36.89960725959378, -1.2355876099993393], [36.89965206752895, -1.235622673824324], [36.89970106855174, -1.2356616702935284], [36.89982850221333, -1.2357681436551802], [36.89984707160111, -1.2357836592506015], [36.89995486983194, -1.2358066131478023], [36.899955073836175, -1.2358066571437762], [36.900081892455184, -1.2358156432942846], [36.90008207645901, -1.2358156562929683], [36.90019383977414, -1.2358465874697144], [36.900194078779116, -1.2358466534636965], [36.90030208100347, -1.23583465451194], [36.90036808234574, -1.235771660170441], [36.90042908358405, -1.2357056661010337], [36.90053508576715, -1.2356936671498129], [36.90056508633863, -1.2355386811128466], [36.90058208665415, -1.2354236914740895], [36.900611507254645, -1.235402825346032], [36.90066808840968, -1.2353626969460725], [36.90066860942051, -1.2353627969369934], [36.90066925243377, -1.235362919925627], [36.90076298337295, -1.2353809142743566], [36.900792775989295, -1.2353866797452786], [36.90090078024519, -1.2354776635093447], [36.90096878366554, -1.2355346533504787], [36.90096896066918, -1.2355345683581673], [36.90096909467199, -1.23553468134786], [36.90113909815426, -1.2354536885967584], [36.90136910287836, -1.2353856946550725], [36.90142388399424, -1.2353391358353951], [36.90144910450791, -1.2353177007599796], [36.901451104512454, -1.2351977115766388], [36.901531106151275, -1.2351597149773128], [36.90164400346593, -1.2351127621750704], [36.9017398154476, -1.2351297256160096], [36.901840819536154, -1.2351457221425146], [36.90184111254223, -1.2351457191427824], [36.90195282384676, -1.2351457191080912], [36.90195411487341, -1.2351457161078716], [36.90203628155888, -1.235114508895829], [36.90208292051563, -1.235096795478201], [36.902136831639396, -1.23513472404215], [36.902136937641465, -1.235134590054186], [36.90213711864525, -1.2351347170426914], [36.90220011992052, -1.2350547242345946], [36.90223761169192, -1.2350481088193301], [36.902268112319426, -1.2350427272950122], [36.90250384617912, -1.235031741212292], [36.90267985381889, -1.2350607375435536], [36.902680129824525, -1.2350607215449088], [36.902880133946795, -1.2350487245643345], [36.902953023446486, -1.2350358337038376], [36.90302713697137, -1.2350227268624132], [36.90313313912719, -1.234921735934041], [36.90320102550964, -1.2348628412224578], [36.903534889443385, -1.2350147454243263], [36.903535147448714, -1.2350147314254187], [36.90371589717519, -1.235007741999443], [36.903716151180454, -1.2350077280006253], [36.903794152768796, -1.2349397341061816], [36.90385215394442, -1.2348717402180365], [36.90385405098278, -1.234869288438456], [36.90393415560365, -1.2347657497477913], [36.904047148911566, -1.2346907644729015], [36.904217916426454, -1.2346648017604631], [36.90421816143142, -1.2346647587642599], [36.90437616466426, -1.2345777665577458], [36.90447334664773, -1.2345083587847834], [36.90452316766463, -1.234472775977173], [36.904538211970376, -1.2344577323287191], [36.904612933489176, -1.2343838579654758], [36.90482658184186, -1.2342052590002957], [36.90483864108757, -1.2341952289007563], [36.90485116634274, -1.234184810836106], [36.90497994698496, -1.2341378960255445], [36.904980178989746, -1.2341378120331263], [36.905181957130765, -1.234067914271838], [36.90535496469754, -1.2340609158491147], [36.9053549636975, -1.2340608618539786], [36.90535618472268, -1.2340608128580128], [36.90553118832328, -1.2340298155981857], [36.905698191756954, -1.2339928188817435], [36.905919196338814, -1.23406781205226], [36.90599319785709, -1.234040814463264], [36.906096199979714, -1.2340338150622663], [36.9061942020093, -1.2340598126881266], [36.90624420301777, -1.2339848194334375], [36.906305204263056, -1.2339418232907047], [36.906589210125844, -1.2339558219405695], [36.906701212462245, -1.2340408142435686], [36.90670621262618, -1.2342397963032274], [36.90672021296115, -1.2343907826871185], [36.9067302132176, -1.2345547679002749], [36.90671121287513, -1.234716753302718], [36.90679321459332, -1.2348037454346612], [36.90686021600146, -1.2348887377515556], [36.9069702182727, -1.23489573708634], [36.90705021995261, -1.234992728317462], [36.907071220395636, -1.2350247254262805], [36.90712522150318, -1.2350037273025964], [36.90716522233192, -1.235015726208449], [36.90718422274525, -1.2350857198924066], [36.90719321094384, -1.2351286650178814], [36.9071932229441, -1.2351287160133737], [36.90729022495947, -1.2351757117464013], [36.90740922743137, -1.2352317066612286], [36.907455307379806, -1.235224844265637], [36.90750322936612, -1.2352177078941504], [36.90758023092306, -1.235114717155118], [36.90765323241364, -1.2350647216397472], [36.9077382371857, -1.235125714114648], [36.90776821582374, -1.2351896603404118], [36.90776823082397, -1.2351897103358151], [36.90778022309643, -1.2352716499449736], [36.90778023909678, -1.2352716999404652], [36.907815214838394, -1.235337646984276], [36.90781523583885, -1.2353376969797658], [36.90787923717839, -1.2354006912806885], [36.90793523835156, -1.2354596859446974], [36.90809824174526, -1.2355616766991986], [36.908206243988765, -1.2356126720681653], [36.90822763343124, -1.2356170886633553], [36.908298245892354, -1.235631670326871], [36.908381048612846, -1.235672612610043], [36.90838924778326, -1.2356766662420244], [36.90844324890294, -1.2356956645124464], [36.90854625102772, -1.2356956644804404], [36.908619252528986, -1.2356806658099477], [36.908685253882744, -1.2356556680430621], [36.9087812558486, -1.2356086722501114], [36.90885125729259, -1.235608672228361], [36.90889114811835, -1.2356181403624473], [36.90904926139137, -1.2356556679299564], [36.909590272626076, -1.235900645676038], [36.90977141140234, -1.2360308248835128], [36.909782276628846, -1.2360386331762063], [36.90997428061817, -1.236132624642711], [36.910179284879305, -1.2362386150234133], [36.910298287345334, -1.2362756116510294], [36.910387289182715, -1.2362806111725948], [36.91044629038106, -1.2362196166532216], [36.91052629202765, -1.2362076177101848], [36.91074529657716, -1.2363126081765745], [36.91086329902906, -1.2363706029114547], [36.91115130508489, -1.2367465689265018], [36.91129730811886, -1.2368195623003342], [36.911367288589624, -1.2369085272578688], [36.91136730959008, -1.2369085542554301], [36.91136662957701, -1.2369118759561797], [36.91134130909265, -1.2370355428148105], [36.911286296982894, -1.2371171034787654], [36.911283307922616, -1.2371215350801725], [36.91127630980863, -1.2372204931606368], [36.91127630780859, -1.2372205261577542], [36.911557313694686, -1.2375134996569996], [36.91173631743448, -1.2376684856282905], [36.911830319391505, -1.2377274802802887], [36.911905320941386, -1.237736479445643], [36.91201531923111, -1.237804473281266], [36.912041310814146, -1.237957406485302], [36.912041317814314, -1.2379574594805265], [36.91204831699879, -1.2380884006731407], [36.91224031199102, -1.2381923862383513], [36.9122566423274, -1.2381911043488198], [36.91227580172212, -1.2381896004784902], [36.91236433354616, -1.238182652077323], [36.912533318027734, -1.2381693882205824], [36.912506333473885, -1.2381784394129094], [36.91229368111046, -1.2382531637421959], [36.91220065120152, -1.2382858528240668], [36.912156326292084, -1.2383014284336704], [36.91213141577843, -1.238302060384418], [36.91199444995436, -1.238305823087798], [36.91197430653906, -1.2383063760442643], [36.91155304585296, -1.2383167342415708], [36.91148631247697, -1.2383184271096936], [36.9110712949253, -1.2383474276244522], [36.910685296006534, -1.238488412033954], [36.91044927517421, -1.2386064094693152], [36.91027528761198, -1.2386933936812325], [36.909960281155406, -1.2388273816995443], [36.909960249154736, -1.2388273697006347], [36.90965327478891, -1.2387173917114602], [36.90948027119112, -1.2386224003294766], [36.90923625909277, -1.238410420516734], [36.90884724902974, -1.2382844309965626], [36.90841724916938, -1.2383154283358682], [36.9083690451781, -1.2383253454568148], [36.90823347639018, -1.2383533909705788], [36.90806922601247, -1.2383873699583865], [36.9079796251697, -1.2384054603553243], [36.90796523987393, -1.2384084200929455], [36.90793893633196, -1.2384105789065083], [36.907858838681825, -1.2384173153240634], [36.9077512194646, -1.2384263665415989], [36.90746876764528, -1.2384491705736744], [36.907429228830594, -1.2384524162933706], [36.90725621228395, -1.2385250318005252], [36.90702422052826, -1.2386224010944513], [36.90700338910591, -1.2386465219262623], [36.90681504028769, -1.2388652462656566], [36.90673919875027, -1.2389533193489877], [36.90662796049492, -1.2390812288518676], [36.90661921231756, -1.2390913589413448], [36.90646420920816, -1.239378333117148], [36.90615620289933, -1.2395243200515391], [36.90598925445953, -1.2395374219223825], [36.90546817772313, -1.2395783163979326], [36.905365186600946, -1.239586314708981], [36.90524718416703, -1.2395873146556067], [36.9051461820753, -1.2395603171209746], [36.90503517978053, -1.239544318598032], [36.904940177806914, -1.2394993226842934], [36.904846175847865, -1.2394343285731357], [36.904808175053574, -1.2394003316499356], [36.904754173923, -1.2393463365347919], [36.90466717211076, -1.2392893417003], [36.90463510844365, -1.2392707413872726], [36.90453616938501, -1.2392133485923393], [36.904479168199025, -1.2391803515849844], [36.90439216639998, -1.2391663528741506], [36.90427216389748, -1.2390783608444977], [36.90417516189059, -1.2390593625874526], [36.90410316041541, -1.2390923596350938], [36.903985157994654, -1.2391363557053823], [36.9038251737413, -1.2392893229643787], [36.90382515474091, -1.239289341962674], [36.90369715215742, -1.2394753252351927], [36.90364372908069, -1.2395577738186359], [36.90359433208517, -1.2396340089610167], [36.903559149375994, -1.2396883060767614], [36.90354137501784, -1.2397158835960962], [36.90353016679191, -1.2397332750315846], [36.903530148791546, -1.2397333020291585], [36.90348114780254, -1.239804295643974], [36.9031721414959, -1.2400252758176913], [36.90314618396322, -1.2400344499987286], [36.903038105745495, -1.2400728895668665], [36.90302312243796, -1.2400782190910487], [36.902968612319306, -1.240097213395663], [36.90295713708386, -1.240101269033494], [36.902688131564325, -1.2401982603730894], [36.90263925255998, -1.2402113752059747], [36.90246938306975, -1.240256956149609], [36.90230978979065, -1.2402997793385289], [36.90229312344815, -1.2403042509406008], [36.90222524205741, -1.240335577137554], [36.902215121850034, -1.2403402477196617], [36.90221362882016, -1.2403430634662385], [36.902180121148305, -1.2404062417808808], [36.902179121149786, -1.2404782352904817], [36.9021869063204, -1.2405107633554882], [36.90220710676305, -1.240595172739247], [36.90220711976334, -1.2405952247344705], [36.90225210875038, -1.240787155416731], [36.90225211875062, -1.2407872074121336], [36.90226411102228, -1.2408661472914462], [36.90226412002248, -1.2408662002866697], [36.90227911135662, -1.2409471399847332], [36.90227912335689, -1.240947192980045], [36.90229710774537, -1.2410041358406896], [36.90229712074574, -1.241004187836003], [36.90234011170259, -1.2412321142735376], [36.90234012370285, -1.2412321672687607], [36.90243211170345, -1.2415670850450515], [36.902432131703875, -1.2415671340406322], [36.90244910806336, -1.2415970843351074], [36.90244912806379, -1.2415971333306879], [36.902491110966146, -1.2417150716846428], [36.90249112796652, -1.2417151236799542], [36.902556113374416, -1.2419340519217945], [36.90255612537467, -1.2419341039171072], [36.90257611783042, -1.24207503820469], [36.90257612983068, -1.2420750911999126], [36.90257212979833, -1.2422380765068795], [36.90253112900633, -1.2424130607436124], [36.902503151446695, -1.242470008618097], [36.902503128446234, -1.242470055613871], [36.902461127585624, -1.2424890539141322], [36.90240312638702, -1.2424820545632482], [36.90236412558028, -1.2424750552065178], [36.90219711212356, -1.2424380545946112], [36.902056119189005, -1.2423540662107813], [36.90172711232523, -1.242105088760496], [36.90167511124014, -1.2420650923827457], [36.901572109099035, -1.2420120971927517], [36.901407105677904, -1.241956102292665], [36.90134209733781, -1.2419595400029624], [36.90119910139018, -1.2419671013659148], [36.90118782115802, -1.2419687282228113], [36.90099108110834, -1.2419980466409422], [36.900832691869375, -1.242090775330345], [36.90061359138885, -1.2422190478342128], [36.90049407094466, -1.2422890205629709], [36.9003880687788, -1.2423570144660139], [36.90034306785906, -1.2423850119559199], [36.900334668687606, -1.2423908544317555], [36.9003090061636, -1.242408704830497], [36.90026002316369, -1.2424427757740544], [36.90025992916151, -1.2424422828185753], [36.90025008196043, -1.2424490582107435], [36.90024508185822, -1.24245205794193], [36.900244217840424, -1.2424520509428303], [36.900134079591396, -1.2425270512154536], [36.90001807723951, -1.2426610391717698], [36.89985007388897, -1.2430360054185305], [36.89940206469023, -1.2431779927573503], [36.89878205198838, -1.243466966898161], [36.89831504241626, -1.2436699487439558], [36.89781900620904, -1.243755054226237], [36.897604027785356, -1.2437919379680817], [36.89697501482724, -1.2438529326656782], [36.89654900603838, -1.243852932798887], [36.89638600268751, -1.243891929334093], [36.8962269994558, -1.244049915140359], [36.89612199739767, -1.2444008835310032], [36.89612210039997, -1.2444014354811648], [36.89612198139762, -1.2444018314455358], [36.89622398367091, -1.2449497820119129], [36.89658899142055, -1.2456607178013737], [36.896588991501694, -1.245923769085196], [36.896420004089975, -1.2461657243239292], [36.89626400089685, -1.2462477169804376], [36.896139689332294, -1.2462482549709266], [36.89603299613132, -1.2462487169627412], [36.89569598912824, -1.2460857317626834], [36.89550098510197, -1.246075732725326], [36.89534198187069, -1.2462347184412306], [36.89524898010653, -1.246735673305262], [36.89524904810818, -1.2467361672606583], [36.895248964106486, -1.246736621219794], [36.89538980532684, -1.2477553603273546], [36.89538991032926, -1.24775611925896], [36.89536298283533, -1.247955563285689], [36.89527298100848, -1.2480525545692998], [36.89500997560369, -1.2481215484314134], [36.894666968557054, -1.2482185397943228], [36.89450596524955, -1.2482645356978788], [36.89437396253761, -1.2483015324037516], [36.89403894062925, -1.248313274450229], [36.893888952536436, -1.2483185310233604], [36.893758949917334, -1.2485225126733548], [36.89371094903184, -1.248861482127155], [36.893564946096475, -1.2491104597253033], [36.89336066496876, -1.2493913154676692], [36.89335975295065, -1.2493934952714285], [36.89335894193444, -1.249395434096773], [36.893212938984114, -1.249595416112334], [36.893080936326896, -1.2498093968613633], [36.89298993451058, -1.2500073790398423], [36.89294393358875, -1.2500953711209253], [36.89290893092387, -1.2502803544538348], [36.89297892046851, -1.2506052731370387], [36.89297893146875, -1.2506053251323521], [36.893079923708996, -1.251111226488245], [36.893079931709266, -1.2511112794834685], [36.89311655155009, -1.2513865196560852], [36.89314192713259, -1.2515771844575263], [36.893141938132835, -1.251577237452749], [36.893203923471866, -1.2517711679482066], [36.893203940472226, -1.2517712189436079], [36.89336192586254, -1.2521931348533388], [36.89336192691433, -1.2523601147981085], [36.893357036818394, -1.2523762383459223], [36.893329211272594, -1.2524674031351866], [36.89331494199267, -1.252514152924594], [36.893294312587976, -1.2525814148666874], [36.893291941541435, -1.2525891461702943], [36.893243226576175, -1.2527176186023763], [36.89321193995635, -1.2528001271730822], [36.89306293692025, -1.2529231161310403], [36.89289897656858, -1.2530233431459554], [36.89283393223897, -1.2530631035816524], [36.892742948363356, -1.2530682851431172], [36.89251792572473, -1.2530811020583954], [36.892517877723726, -1.253081082060212], [36.89229792115833, -1.252993110061228], [36.892267920531296, -1.252967112414655], [36.89216467237259, -1.2528752907260268], [36.892059916182404, -1.252782129158646], [36.891886600535024, -1.2525513410213598], [36.89184891174185, -1.2525011545581333], [36.8917699100861, -1.2524181620657875], [36.89177006308921, -1.2524179940807825], [36.89166489188495, -1.2523071201104987], [36.89160280159815, -1.2522885418050607], [36.891584904227166, -1.2522831802940952], [36.89157956711656, -1.252281590439165], [36.891493928341724, -1.2522559667763065], [36.89140088641347, -1.252228127315639], [36.891345338271314, -1.2522407241974403], [36.891284227014744, -1.2522545219726409], [36.89124589922659, -1.252263176204436], [36.89124162213876, -1.2522642451094088], [36.89122987589716, -1.2522669088728922], [36.89120688242441, -1.2522721234099694], [36.891195554193594, -1.2522816595538238], [36.89108629996798, -1.2523736322958212], [36.89093487288323, -1.252501112849675], [36.89092082560437, -1.252536474665828], [36.89090482228664, -1.2525766560481018], [36.890889891990234, -1.2526141446727739], [36.89088395887256, -1.2526292823098222], [36.89079951219611, -1.252841866169481], [36.890679871821135, -1.2531430450524732], [36.89063587108242, -1.253687995932567], [36.89051844371287, -1.2538596704910474], [36.89050386841871, -1.253880978574536], [36.890314864602715, -1.2541499543826453], [36.89028998609565, -1.2541701315712506], [36.89025302934251, -1.254200104880435], [36.890224862768434, -1.2542229478297693], [36.890187959016195, -1.2542526121667692], [36.89017387772919, -1.2542639961448576], [36.890006874318935, -1.2543779859199544], [36.889821870507404, -1.2543959843554882], [36.88956686523764, -1.254368986870033], [36.88952586539169, -1.2543689868829593], [36.88937986137924, -1.2543689869289902], [36.889379858379165, -1.2543689349336749], [36.88935584488367, -1.2543689349412461], [36.88919873365442, -1.2544085804162588], [36.889038838367874, -1.2544489278288327], [36.888998245537955, -1.2544736806099643], [36.8889045666229, -1.2545308044890264], [36.88877483297064, -1.254609913397284], [36.88869359230968, -1.2546589909980275], [36.88867884700825, -1.2546679601940274], [36.88855284443896, -1.2547659513986047], [36.888552730436444, -1.2547657214193568], [36.88851382764321, -1.2547958967110557], [36.888370824726884, -1.2549058868391607], [36.88837081872667, -1.2549059138366412], [36.88832882391712, -1.2550888703542389], [36.88829250121665, -1.2552466921360226], [36.88827382285654, -1.2553278488246822], [36.88819482133026, -1.2556618187380288], [36.88811581973321, -1.255767809206551], [36.88811579873278, -1.2557678282048466], [36.88799281723078, -1.255881798967761], [36.88788364398611, -1.255907435690735], [36.88772881180274, -1.2559437934614828], [36.887653810263316, -1.2559697911411563], [36.88764370705579, -1.255972629888365], [36.887486771831426, -1.256016722962362], [36.8874118052912, -1.2560377850869764], [36.88739904802984, -1.2560437665517494], [36.887323581483706, -1.2560791513850884], [36.88723480166486, -1.2561207776600463], [36.88708213053671, -1.2561913803424956], [36.887074798386486, -1.2561947710391104], [36.88706135811814, -1.2562234334591318], [36.887052209935376, -1.2562428847081633], [36.886987812649245, -1.2563798063832978], [36.88695315295721, -1.2564541886876555], [36.88694679583026, -1.2564677464673093], [36.88694680683051, -1.2564677984625336], [36.886946933833556, -1.2564691583399068], [36.88698906084832, -1.2569368811553194], [36.88699481298681, -1.2570007503947962], [36.88700580224998, -1.2571176868479343], [36.88700580625007, -1.257117739843159], [36.887005797271655, -1.2571876815369927], [36.88700400823674, -1.2571939659709188], [36.8869707965878, -1.2573106704589048], [36.88691827256001, -1.2574903792723506], [36.88691006539935, -1.2575184607430308], [36.88690679533545, -1.2575296507350826], [36.886862469427335, -1.2575505408656031], [36.88682216360163, -1.2575694831704043], [36.88680680928695, -1.2575766985247585], [36.88674979411901, -1.2576036471130063], [36.88658678877955, -1.2576806372227967], [36.8864844386888, -1.2577481371690962], [36.88635178397896, -1.2578356233230006], [36.88618871564788, -1.2579434466527515], [36.88618879664963, -1.257943665633], [36.88604179364657, -1.2580406569343208], [36.88603518951138, -1.2580441686198058], [36.885980776397844, -1.258073601983136], [36.8859587759476, -1.2580856009083285], [36.88582007610868, -1.2581590943256935], [36.88553946036494, -1.2583077860078693], [36.885511200786496, -1.2583228136618558], [36.88551998397207, -1.2583370003798793], [36.88552543008719, -1.2583457965850737], [36.88590259712594, -1.259168615276996], [36.88591974056518, -1.259442888541777], [36.885919346557344, -1.2594436774707443], [36.88580155720032, -1.259679231269323], [36.88579877314485, -1.25968545670896], [36.88555176812214, -1.2599224354199843], [36.88538076464733, -1.26009441996717], [36.88534307587502, -1.2601115654331825], [36.88527086139528, -1.2601444174939112], [36.88519969493793, -1.2601799973084082], [36.88519429082618, -1.260179251377404], [36.88516976032352, -1.2601904113788778], [36.88510502598357, -1.2601769136164451], [36.88496375005936, -1.2601474563172579], [36.88495110779798, -1.2601457134783496], [36.884676804087185, -1.25998286324853], [36.88460322455961, -1.2599527659856289], [36.88448374608076, -1.259909436930183], [36.88439201219112, -1.2599194570557994], [36.88424639319141, -1.2599353636676809], [36.88419950125546, -1.2600369505229514], [36.88419677320097, -1.2600428609909449], [36.88419677322267, -1.260112418719273], [36.884200607333376, -1.260213521602154], [36.88420174036609, -1.2602434069071775], [36.884181175948825, -1.2602661108666051], [36.88406131351767, -1.2604009407476153], [36.884017029619926, -1.2604523211289231], [36.88399973626935, -1.2604723863252854], [36.88397407775222, -1.2605117957800365], [36.883922469717525, -1.260608549072637], [36.88390463935395, -1.260622325836089], [36.883749470189535, -1.2607422160754045], [36.883638728951965, -1.260894348393354], [36.88346372542621, -1.2611673238360397], [36.883443885025656, -1.2611957712773119], [36.88330472221649, -1.2613953033305343], [36.88329446500652, -1.2614008808308175], [36.88327957170606, -1.261422796859508], [36.88321393335848, -1.261444673907797], [36.88319071988347, -1.2614572977768987], [36.883178234626804, -1.2614602665131591], [36.88313954283121, -1.2614694676958476], [36.88312527653838, -1.2614742232716205], [36.883103075081515, -1.2614781409253908], [36.883011749203845, -1.261499858996058], [36.88300571607976, -1.261501293868625], [36.88292310538883, -1.2615450889459972], [36.882850972918504, -1.2616027887664043], [36.88258258351921, -1.2620472597754537], [36.882580220471745, -1.262051173423384], [36.8825766704003, -1.2620570538943356], [36.88216767597332, -1.2620967574440758], [36.881814192692595, -1.2621389277539126], [36.88176969077593, -1.2621442362893764], [36.88170468943741, -1.26215323549861], [36.881703912417834, -1.2621417785319093], [36.88169375620853, -1.262142764446139], [36.88169375618978, -1.2620827668558618], [36.88169769226983, -1.2620788312095026], [36.88174518823507, -1.262031340476441], [36.88183090798779, -1.261979914086146], [36.88191094063133, -1.2619544523565565], [36.881936694158924, -1.2619422544481866], [36.88199315931698, -1.2619196704665707], [36.88206739783959, -1.2618899781202808], [36.88215664266362, -1.261834207120599], [36.88223256722441, -1.2618152278077395], [36.88227370106792, -1.2617982673240518], [36.882301096629554, -1.261786678360217], [36.88236664197339, -1.2617589508395115], [36.88238282430448, -1.2617498486551284], [36.882442350516655, -1.2616984452710707], [36.882465704992235, -1.2616782780819784], [36.88256078092748, -1.2615929627442795], [36.88267646127833, -1.2614772951368347], [36.88279288364017, -1.2613475997939598], [36.882805711900325, -1.2613333090784797], [36.88300422291929, -1.2610861333021857], [36.88313973566157, -1.2609133248405309], [36.883261721130026, -1.260757360864343], [36.88331176814252, -1.2606927906704406], [36.88339559683851, -1.2605846363956232], [36.883631022596845, -1.2602657080771453], [36.8837999280283, -1.2600935735440741], [36.883800732045216, -1.260094420467527], [36.88382961863156, -1.26006331526297], [36.88396406036042, -1.2599185472733567], [36.88400873626731, -1.2598704405967438], [36.884059288297564, -1.2598292542942482], [36.88409207096563, -1.2598025456920474], [36.88411673846834, -1.259782448496227], [36.88430474231271, -1.2596704585342826], [36.884418201631945, -1.2596004108141552], [36.88445374535851, -1.2595784667815246], [36.884634875055795, -1.25944978332678], [36.88475775156404, -1.2593624861590422], [36.88482375288002, -1.2592154993911244], [36.884873799835795, -1.2589686276342884], [36.88487741790482, -1.258950780242283], [36.88488076696879, -1.258934258730925], [36.88488375402589, -1.2589195260583628], [36.88486575364786, -1.2588985279572829], [36.88485075333244, -1.2588795296750188], [36.88486293348296, -1.2585559178492494], [36.88486475350541, -1.2585075632085099], [36.884873721668896, -1.2584382554547626], [36.88488495987368, -1.2583514072817734], [36.884892833017204, -1.2582905657650085], [36.88489329802564, -1.2582869680892104], [36.884893501029346, -1.2582853992305585], [36.884913300390274, -1.258132397019574], [36.8849162164434, -1.2581098580508459], [36.884917860473415, -1.258097157195495], [36.8849237545808, -1.2580516043008028], [36.884967007430554, -1.2579143736603347], [36.88497575560243, -1.2578866191600224], [36.88519691008043, -1.2576131167500257], [36.88553011782749, -1.257201035799177], [36.8857357729918, -1.2569467016658304], [36.88588077389959, -1.2566767279615927], [36.885893216146314, -1.2566443368781182], [36.88595292332989, -1.2564888998739074], [36.885985060966966, -1.2564052354071764], [36.88599179010043, -1.2563878089762437], [36.88599176309985, -1.256387786978234], [36.88599177610011, -1.2563877539812025], [36.88599102008432, -1.2563870670434092], [36.88594661415549, -1.2563467086961932], [36.885830916735564, -1.2562415582133664], [36.885365763006284, -1.2558188054765878], [36.885359378872295, -1.2558115381338615], [36.88536377896009, -1.2558018590051616], [36.885435780418696, -1.255714866825828], [36.88553778248763, -1.2555998771613261], [36.885610783964076, -1.2555038857931111], [36.885724786277535, -1.2553788970263264], [36.88583578852962, -1.2552559080802534], [36.88598079147184, -1.2550959224590954], [36.8861527949656, -1.2549179384522002], [36.88624979693565, -1.254816947527108], [36.88662080446506, -1.2544119839222334], [36.88680251614946, -1.2542028557202531], [36.88691881050738, -1.2540690147509008], [36.88691923351496, -1.254065204094292], [36.886921810560885, -1.2540420171840767], [36.88688480978197, -1.2539920217033431], [36.8864818013496, -1.253615055818058], [36.886287797290414, -1.2534340721967534], [36.886264796809364, -1.2534130740972411], [36.88617379490346, -1.2533220823298052], [36.88585888033417, -1.2530916602039064], [36.88585884533344, -1.2530916342062586], [36.88583078774813, -1.253071105065999], [36.885812787368664, -1.253045107415605], [36.885812787366184, -1.2530371081368714], [36.88586441140871, -1.252964037708657], [36.88588978892117, -1.2529281179391596], [36.885899789119776, -1.2529031201898766], [36.88589878908643, -1.25286212388641], [36.88589478898842, -1.2528121283952214], [36.8858807886703, -1.2527181368739562], [36.885949947098254, -1.2527211435810783], [36.88597279056993, -1.2527221364843588], [36.8860367918914, -1.2527251361937348], [36.88615195726958, -1.252731242606979], [36.88616879461723, -1.2527321355211576], [36.88622969687011, -1.2527201555820808], [36.88622979587217, -1.252720136583761], [36.88630128632263, -1.25264058273383], [36.88641579964589, -1.2525131551866875], [36.88657158178857, -1.2522821169681295], [36.88659529326693, -1.25224695013124], [36.88660813352596, -1.2522279058442531], [36.88660764751515, -1.2522254980614704], [36.88659931833199, -1.252188988355803], [36.8865988433215, -1.2521869095433833], [36.88659207217265, -1.252157227221612], [36.88657464478937, -1.252080846113682], [36.88657375076972, -1.25207692546739], [36.88656712962409, -1.2520479050860318], [36.88655589937717, -1.2519986795276556], [36.886534801913136, -1.25190620987141], [36.88661678746103, -1.2514421996805454], [36.88661736547214, -1.2514397129045411], [36.886680808696575, -1.2511665625115986], [36.88670178910145, -1.2510762326491447], [36.88673678972893, -1.250770260224326], [36.88673670871896, -1.2507435046366147], [36.88673670671875, -1.2507429586857917], [36.88673612864765, -1.250552003902254], [36.886735789606135, -1.250440289974346], [36.886755789896526, -1.2500453255775954], [36.886769790068755, -1.2496683595598146], [36.88671080782085, -1.249568418588827], [36.886548801499785, -1.2496384143289545], [36.88653180115119, -1.2496454137032011], [36.886428799035194, -1.2496754110311343], [36.8863557975113, -1.2496184161926016], [36.886233794962145, -1.249515425516361], [36.88622749482995, -1.2495082711633023], [36.88615279326231, -1.249423433835606], [36.886118792549034, -1.249385437271938], [36.88597378952402, -1.2492784469635112], [36.88582078633762, -1.2491834555757126], [36.8856487827602, -1.2490914639234874], [36.885465778984134, -1.2490914639809352], [36.88534177642618, -1.249093463839551], [36.885225774033245, -1.2490954636956557], [36.88495576851331, -1.2492614488155975], [36.88479176515192, -1.2493344422862749], [36.884546760142676, -1.2494834289309273], [36.88435575624041, -1.2496094176320238], [36.88410375106162, -1.2496774115810336], [36.88393974768008, -1.2496854109112951], [36.88374074357039, -1.2496744119655032], [36.88371630006634, -1.2496753518884285], [36.88345473767239, -1.2496854110636144], [36.8832597336428, -1.2496664128377175], [36.88324473333205, -1.2496624132030494], [36.883235733145995, -1.2496614132960309], [36.88322373289713, -1.2496574136604204], [36.883219732814304, -1.2496564137518322], [36.88320873258606, -1.249652414115819], [36.88320242345511, -1.2496498903453057], [36.88319873237854, -1.2496484144795799], [36.88318167302507, -1.249643925889601], [36.88317973198488, -1.2496434149362348], [36.88286271242453, -1.24958241253562], [36.88286270942455, -1.249582368539673], [36.882768134455006, -1.2495240298289945], [36.882661705238604, -1.2494583797812175], [36.88262370444857, -1.2494393815060054], [36.88245570094889, -1.2493323912046193], [36.88234671167817, -1.2492620625794901], [36.88228369736536, -1.249221401265179], [36.88227522018879, -1.2492160127536494], [36.88214369444893, -1.2491324093323621], [36.882044593384286, -1.249068343139494], [36.882034716178474, -1.2490619567182881], [36.88202769203218, -1.249057416129925], [36.881706693388445, -1.2489924250900069], [36.88157368264507, -1.248996421771406], [36.881409679296105, -1.2491104115459888], [36.881404122183255, -1.2491160360406695], [36.881327677629756, -1.2491934040894417], [36.88127920064413, -1.2492409438186693], [36.88127567657246, -1.249244399508153], [36.88119867501543, -1.2493473902471204], [36.881137673799074, -1.2494843779158928], [36.881046671976875, -1.2496643617176904], [36.88087066835933, -1.24971035762611], [36.880740665675596, -1.2497063580275545], [36.88063857255956, -1.249676129784882], [36.880534661405875, -1.2496453635913227], [36.88053415539533, -1.2496451656093146], [36.880441150464975, -1.2496087769192123], [36.88043967543624, -1.2496144184110802], [36.88041867500016, -1.2496054192289767], [36.880407674771604, -1.249600419683115], [36.880401674646905, -1.2495974199554625], [36.880396674541814, -1.2495914204979595], [36.88026867187055, -1.249494429282602], [36.880188670220925, -1.249498428947103], [36.88010466846619, -1.2494294351936845], [36.879997666223915, -1.2493184452336925], [36.8798796637537, -1.2492044555476898], [36.87972666056344, -1.2490974652414906], [36.87958465760474, -1.2490054735796916], [36.87956571021379, -1.2490054735856382], [36.87944865479834, -1.249005473622376], [36.879447654777714, -1.2490054736226897], [36.879287651474776, -1.2490014740335218], [36.87911564790442, -1.2489334802175167], [36.87895464458086, -1.2489294806286582], [36.878786641168205, -1.249104464905458], [36.878595637276476, -1.2492654504517136], [36.87843963408797, -1.2493644415760756], [36.878433004952, -1.2493671513338134], [36.878202649227674, -1.2494613009179707], [36.87816562846838, -1.2494764315654852], [36.878154907241175, -1.2494571463075348], [36.87815484623992, -1.2494571593063828], [36.87810461420659, -1.2494675443858498], [36.87810901130808, -1.249502291251866], [36.87811062734368, -1.249509428607853], [36.87801162532319, -1.2495824220582348], [36.87797162452659, -1.2496754136870112], [36.877957624247884, -1.2497084107165033], [36.87781862143553, -1.2498893944433402], [36.8777426199061, -1.2500153831085918], [36.87757361649696, -1.2502683603541735], [36.87741361326358, -1.250489340481756], [36.87734461190714, -1.2507073208510995], [36.87724760999921, -1.2510102935665144], [36.87720960928507, -1.2512362732049014], [36.87718660887172, -1.2514342553626137], [36.87700660521052, -1.2516062399136203], [36.876792600839266, -1.2517512269093258], [36.87664359781569, -1.2519162120815717], [36.876525595436, -1.252095195981973], [36.87617558825543, -1.2522311838318618], [36.87609558661045, -1.252250182144172]]]}}, {"type": "Feature", "properties": {"county": "NAIROBI", "subcounty": "Embakasi South Sub County", "ward_count": 5}, "geometry": {"type": "Polygon", "coordinates": [[[36.88962086703625, -1.3069851899118183], [36.88981687120506, -1.307370155124149], [36.890023875606616, -1.3077731187093604], [36.89028288109568, -1.3082210782186254], [36.890534886437884, -1.3086610384515789], [36.89073289063501, -1.3090060072703744], [36.89078089165236, -1.3090889997686923], [36.89087539365003, -1.3092365264306374], [36.890884721847186, -1.3092510881141535], [36.890977099799954, -1.309395299075932], [36.891033897000575, -1.3094839640595988], [36.89118638722636, -1.3097291278954755], [36.891311902881526, -1.3099309236521466], [36.89153090751759, -1.3102928909302147], [36.89153053550994, -1.3102930979116845], [36.89155290798348, -1.3103298875857872], [36.891760912383816, -1.3106648573026263], [36.89195991658684, -1.3109638302693234], [36.89208091914216, -1.311144813904487], [36.892094919438485, -1.3111678118253702], [36.892094080421394, -1.3111684327695992], [36.89209789350209, -1.3111747921947048], [36.892104514642305, -1.3111858361963602], [36.89211304282296, -1.311200058910659], [36.89211949795965, -1.3112108259373296], [36.89212246602248, -1.3112157754898583], [36.89212923216577, -1.31122706046966], [36.89213765834408, -1.31124111519913], [36.89214837457107, -1.3112589875835348], [36.89215103162729, -1.3112634201828424], [36.892157017754094, -1.3112734032804023], [36.89216216586308, -1.3112819905041229], [36.89216848399684, -1.3112925285514736], [36.89217838420649, -1.3113090400588765], [36.892180225245355, -1.3113121117810937], [36.89218522235122, -1.3113204450278402], [36.89219271750993, -1.3113329468976467], [36.89220060267683, -1.3113460977088425], [36.89220674080686, -1.3113563347833748], [36.89221186691538, -1.311364886010346], [36.89221882806282, -1.3113764959608845], [36.89222704523678, -1.3113902007219596], [36.892238404477354, -1.3114091450093739], [36.89224340058311, -1.311417479255941], [36.89224415159898, -1.3114187321426956], [36.89225046273261, -1.3114292581912168], [36.89225358279875, -1.3114344607208968], [36.8922597639296, -1.311444769788926], [36.89226639907003, -1.3114558377884116], [36.89227214019163, -1.311465411922817], [36.89228108638108, -1.3114803335739864], [36.892284321449495, -1.3114857290862365], [36.89228970156341, -1.3114947022750065], [36.89229553568707, -1.3115044333953225], [36.8923055798997, -1.3115211848810482], [36.892311306020964, -1.31153073601762], [36.89231625912581, -1.3115389972707783], [36.89232092422462, -1.3115467775674643], [36.892334199505434, -1.311568228628157], [36.892544928963915, -1.3119087448433027], [36.8927249327694, -1.312190719349211], [36.89275326737563, -1.3122571693458953], [36.892761185544984, -1.3122757376683982], [36.89276726567512, -1.312289997380155], [36.89276826769655, -1.3122923481677058], [36.89277434282649, -1.3123065948806343], [36.89277993394614, -1.3123197076959985], [36.89278105196991, -1.3123218685007203], [36.89278571806904, -1.3123308816861143], [36.89280136640179, -1.3123611149538452], [36.892804330464784, -1.3123668404364432], [36.89281502469213, -1.3123875035690673], [36.892828559979954, -1.312413653205777], [36.89283243606233, -1.312421141529029], [36.892834341102805, -1.3124248221964325], [36.89283888019933, -1.3124335914039433], [36.89284748138219, -1.3124502089021157], [36.892854176524544, -1.3124631437331542], [36.89286715180032, -1.3124882104678155], [36.892869389848, -1.3124925350769878], [36.89287305692592, -1.3124996214365328], [36.89287936105993, -1.3125117993360031], [36.892884832176264, -1.3125223703806466], [36.892893557361774, -1.31253922685724], [36.89289708043669, -1.3125460332421526], [36.89289793445484, -1.3125476880925577], [36.89289915048071, -1.312550044879585], [36.892901665534126, -1.312554929438114], [36.89290253555269, -1.3125566172856293], [36.8929105237225, -1.3125721298837534], [36.892914981817306, -1.312580785101474], [36.892924334016236, -1.3125989464601742], [36.89296693792211, -1.312681674983858], [36.89347492266729, -1.3134948734629723], [36.893516636549734, -1.3135616504256913], [36.893560950487036, -1.3136325890121425], [36.8937891473135, -1.3139960171541059], [36.89399395964674, -1.3143265262731312], [36.89414353080927, -1.314561692010727], [36.894165974283794, -1.3145969788202694], [36.89420195704425, -1.3146525747933484], [36.894277965651476, -1.314772485951748], [36.89432729369404, -1.3148487620549836], [36.89436708953515, -1.3149102974909788], [36.89454697133699, -1.3151884483409464], [36.89482597724323, -1.3156484067580716], [36.89505698213384, -1.3160303722262248], [36.89510433213614, -1.3161085411592537], [36.895178924715644, -1.3162327449306388], [36.89519314801675, -1.3162564287895138], [36.8952347348974, -1.316325675529329], [36.89528086787414, -1.316402492584663], [36.895293987151966, -1.3164243366098882], [36.89530638841435, -1.316444207813238], [36.895321526734605, -1.3164684656200787], [36.895377041908944, -1.31655742157732], [36.8954499904521, -1.3166743140087396], [36.89551799189098, -1.3167843040643836], [36.89576499711951, -1.3171902673620761], [36.89597440054663, -1.3175178737404045], [36.896059000335214, -1.3176502277731426], [36.89636000969923, -1.3181211831896873], [36.8965570138629, -1.3184251557038646], [36.89664702576347, -1.3185581436774647], [36.89669101669229, -1.3186231377998596], [36.89692402162188, -1.318998103897664], [36.89697965779906, -1.319087673799219], [36.89735957383704, -1.319699304498945], [36.89736003084667, -1.319700040432377], [36.897612551181425, -1.320082271867883], [36.897613036191714, -1.3200830058014867], [36.89789732520644, -1.320540362449288], [36.8980886182537, -1.3208481106238887], [36.89816768292647, -1.3209753081231213], [36.89817180901376, -1.3209819465230066], [36.898172215022086, -1.3209817095442304], [36.89817255302918, -1.3209822534950046], [36.89817285003527, -1.3209820925095042], [36.89828821747609, -1.3211676927281868], [36.898332291406916, -1.3212332008039724], [36.89834324263839, -1.3212503422540893], [36.89836763215346, -1.3212867579608256], [36.8983962867587, -1.3213295420918194], [36.898430676484985, -1.3213808884484144], [36.89843522058098, -1.3213876728349123], [36.89845200893743, -1.321418622037385], [36.8984783814974, -1.3214672416425721], [36.89858220170193, -1.3216586383421352], [36.89865922533755, -1.3218006355069278], [36.899034058261265, -1.322382633879714], [36.89911323493498, -1.3225055717630723], [36.89934323979811, -1.3228655392134776], [36.8995198885401, -1.3231635392716246], [36.899567767543545, -1.3232114129368944], [36.89957107761291, -1.3232147226373152], [36.8996430791154, -1.323266717922723], [36.89964658918967, -1.3232723064174257], [36.89964824622422, -1.3232735023089115], [36.899974253120114, -1.3237924553846525], [36.9003662614084, -1.3244053999588792], [36.90054926527345, -1.32467837527207], [36.90064026719218, -1.3248043638758864], [36.901182278619544, -1.3255522962218171], [36.901548286336855, -1.3260592503653958], [36.90411034035826, -1.3296059295437916], [36.904275475843804, -1.329845403883757], [36.90430814253333, -1.3298927765990878], [36.904345013311534, -1.3299462447629764], [36.90435174945374, -1.3299560138793867], [36.90443334617602, -1.330074342176736], [36.90449844455005, -1.3301687466380951], [36.904572351110005, -1.330275922944065], [36.904594313573526, -1.330307773063329], [36.90463275038489, -1.3303635130217248], [36.90468142141224, -1.3304340936377843], [36.9047607100858, -1.3305490752378584], [36.90483931474488, -1.3306630669274622], [36.90486535629457, -1.3307008305118035], [36.904879897601305, -1.3307214426472775], [36.90489791498139, -1.3307469823371736], [36.90492925264262, -1.3307914033190502], [36.904975390615974, -1.3308568024034988], [36.9050417910168, -1.330950924889674], [36.90520536346758, -1.3311827869166841], [36.90520517546373, -1.3311829149051213], [36.905205708475016, -1.3311836558381582], [36.9052076205153, -1.3311863095980532], [36.905207922521576, -1.331186339595337], [36.90636138784495, -1.3327876417406443], [36.90662339336611, -1.3331396098982022], [36.90732040806415, -1.3341065224289144], [36.90793242096989, -1.3349554456324124], [36.90862343553912, -1.335906359606746], [36.909097445532765, -1.3365573007175944], [36.90981746070938, -1.3375352122448507], [36.910247161770315, -1.3381294844824416], [36.91096848498057, -1.339127068232647], [36.91175950165697, -1.3402099702603216], [36.91269652142897, -1.3415448495022388], [36.913269533506416, -1.342319779388595], [36.91344186314104, -1.3425599236625843], [36.913838546507435, -1.3431127066517667], [36.914166386413086, -1.3435428887261571], [36.914171552521886, -1.3435496681126518], [36.91421655348941, -1.3436676574513453], [36.91421844354131, -1.3437065059454496], [36.91423455398388, -1.3440376240634393], [36.91441855799657, -1.344689565176641], [36.914509559928966, -1.3448555501689818], [36.91452864834749, -1.344929984446334], [36.91464439576426, -1.3450177504880014], [36.91469934091557, -1.3450712926382755], [36.91473983976398, -1.345110757063751], [36.914762398236704, -1.3451327400725364], [36.91489340099524, -1.345301724780672], [36.914894045008715, -1.3453026756946427], [36.914898568104064, -1.345308509166704], [36.91499700118282, -1.3454536820343737], [36.915058571483044, -1.3455444878201146], [36.915194574351446, -1.3457334707219957], [36.91526207778088, -1.3458445916725483], [36.91527657608795, -1.3458684585141314], [36.9154345794247, -1.3461014374386828], [36.91566477327611, -1.3464108184447845], [36.91573836982715, -1.3465097334946123], [36.91574258591599, -1.3465153999819133], [36.915783586782425, -1.346577394374148], [36.915787617867586, -1.3465835508173418], [36.91600359143252, -1.3469133639844733], [36.91629717362276, -1.347316745487005], [36.91635195177657, -1.3473883700056577], [36.91646187409193, -1.3475320979994663], [36.91656543627332, -1.3476675107457383], [36.91656618728913, -1.3476685206543517], [36.91657060338216, -1.3476742951317537], [36.91676655651199, -1.3479378552836176], [36.91688060991579, -1.348091257403018], [36.916991504265006, -1.348276326666084], [36.917019612860386, -1.3483232364237097], [36.91723802246835, -1.3486311395664967], [36.91726252598269, -1.3486578891444707], [36.91727961134133, -1.348676541455557], [36.917351864857956, -1.3487554173138419], [36.91744345478067, -1.34885540326069], [36.91744531982018, -1.3488585829731372], [36.9174486218895, -1.348862187646786], [36.91752517351205, -1.3489927028439064], [36.91761864147622, -1.3491011340280332], [36.9177024602376, -1.3491983722254592], [36.91770511229364, -1.3492022388756209], [36.91770762734653, -1.3492051566114636], [36.917880478996004, -1.3494571798117048], [36.9179681428469, -1.3495849962486273], [36.91800295458195, -1.3496357526567777], [36.9191158048911, -1.350697833442214], [36.919283004393236, -1.3508574059862828], [36.919776205723515, -1.3513281073445624], [36.919860278484485, -1.3514083450756342], [36.920060247672865, -1.3515991907865554], [36.920254895749885, -1.351784958957267], [36.920276375199784, -1.3518054581002925], [36.92028341434718, -1.3518121764916788], [36.920284238364516, -1.3518129634203657], [36.92028492837894, -1.3518136213607264], [36.920284426369, -1.3518149952369483], [36.920291681520936, -1.351821919609602], [36.920318643070146, -1.3518013074603807], [36.92032207314202, -1.3518046051616486], [36.920370757161876, -1.3518514109215647], [36.920365175057, -1.3518821061535995], [36.923199521754675, -1.3555729361351254], [36.92317624627994, -1.35558892370043], [36.923091210547945, -1.3556538358717334], [36.922797245560325, -1.355878235722229], [36.922433157144326, -1.3561561657660803], [36.922078689924284, -1.3564267504695031], [36.921323381525646, -1.3569617014533422], [36.92056807413225, -1.357512386017264], [36.92047018413614, -1.3575806048946522], [36.919399707307775, -1.3583266129402536], [36.91891190436547, -1.3586806241607536], [36.918180200453385, -1.359215575136543], [36.91738555326143, -1.3598055941644005], [36.91727483300386, -1.3598830902089674], [36.91699216424002, -1.3600809364518351], [36.91674915128205, -1.3602429269167662], [36.91661451053516, -1.3603326778635698], [36.91638241082062, -1.3605490184202054], [36.916382215816704, -1.3605491534081016], [36.9163557662632, -1.360525770527184], [36.91635515625091, -1.3605267694372436], [36.916354887245475, -1.36052720939767], [36.9153560693455, -1.359644197423123], [36.913547544502194, -1.3580453603196567], [36.91324753825801, -1.3578793754004295], [36.91298125370148, -1.3576899585840279], [36.91280052893037, -1.3575614042462982], [36.91252552319363, -1.3573714214839012], [36.9124395213928, -1.3572914287316094], [36.911913510322464, -1.3566374879213698], [36.9114201249711, -1.3561201157758385], [36.911400499559335, -1.3560995366396054], [36.91090448910961, -1.3554505953671085], [36.91090446110901, -1.3554505343725283], [36.910847672896324, -1.355327671478639], [36.91079981587439, -1.3552241298381251], [36.910788486632406, -1.3551996180538528], [36.910784958558516, -1.3551963803472125], [36.91075220287278, -1.355166320070902], [36.91071548510403, -1.3551326241239756], [36.910586482412036, -1.3550406324689375], [36.91056448195356, -1.3550266337397106], [36.91038447820216, -1.354912644087004], [36.91002047054664, -1.3544756836404703], [36.90984246682028, -1.3543136983179347], [36.909784363603315, -1.354258619307772], [36.90976546520741, -1.3542407049307459], [36.90976271214914, -1.3542362093373284], [36.90974918186257, -1.3542141113359936], [36.9097354645722, -1.3541917093621263], [36.9097318174955, -1.3541874077514358], [36.9093124556788, -1.353692754529405], [36.90903644987513, -1.3533647842176149], [36.908680235398755, -1.352982428840422], [36.908451437596625, -1.3527368410786744], [36.908233433025174, -1.3525148611828703], [36.907715422148655, -1.3519459126973412], [36.90731741379345, -1.3515139518097592], [36.90684140380518, -1.351009997444607], [36.90667940040262, -1.3508290138302528], [36.90667794737174, -1.3508263790685358], [36.90661725208284, -1.3507162920225007], [36.90655039766309, -1.3505950349864904], [36.90654607857224, -1.3505897884613725], [36.906415394823256, -1.3504310498290681], [36.90550149557125, -1.3492382237696319], [36.90476291201254, -1.3482742210025465], [36.90346967577004, -1.3465862817423704], [36.902341309000875, -1.3451135310074904], [36.902076628454616, -1.3448557183587837], [36.901265809464114, -1.344065939891914], [36.89973385136237, -1.3425737350444433], [36.89630418249481, -1.339233063607369], [36.89596079629569, -1.3388878378697477], [36.89596082829615, -1.33888719192805], [36.89596079629547, -1.3388871599309453], [36.895938575829646, -1.3388648199539872], [36.89592890062681, -1.338855092834833], [36.895928873626254, -1.3388551258318675], [36.895928594620585, -1.3388554638014978], [36.89466061703744, -1.3375806962386583], [36.89465814798564, -1.3375782134635463], [36.894657773977784, -1.3375778664949467], [36.894651884854504, -1.3375723979902883], [36.89322210791555, -1.3362448252439656], [36.89321511776914, -1.3362383348318683], [36.89320875263599, -1.3362325473561116], [36.89178357380237, -1.3349367127427672], [36.8917810877503, -1.3349344529473774], [36.89178071274241, -1.3349340919801274], [36.89177492162105, -1.334928513485333], [36.89161708431426, -1.3347764672555844], [36.89084206808813, -1.3340645317444093], [36.88835301599505, -1.3318347337415855], [36.888161891992304, -1.3316552929937417], [36.888162226999036, -1.331654929026435], [36.888162847011664, -1.331654256086969], [36.888157059890425, -1.3316488225790828], [36.88815672488347, -1.331648508607494], [36.88783983824685, -1.331350992553788], [36.88682181696546, -1.3305140683965835], [36.88607880145623, -1.3299741173557371], [36.88517078254979, -1.3294571642949558], [36.884323025943715, -1.3291133855911783], [36.88412776088846, -1.3290342027995639], [36.883621750398405, -1.3288862163187882], [36.88264273013992, -1.3287142321606538], [36.88153170717812, -1.3286052423636758], [36.88051724726786, -1.3286765462700594], [36.8802086799076, -1.3286982344165186], [36.87899565493783, -1.3288862178635914], [36.877664627532596, -1.3290742013499717], [36.87501971908428, -1.3294791717010546], [36.87498057227835, -1.3294851651734252], [36.870466743297726, -1.3300108862564959], [36.8704563230484, -1.3299066976588125], [36.87045657805359, -1.329906666661521], [36.87045617604487, -1.3299052267915137], [36.87042757642083, -1.329802685051294], [36.87040031180369, -1.329637087998698], [36.87038757451537, -1.3295597289814085], [36.87032157199264, -1.329071817017329], [36.87030357057444, -1.3289298428305711], [36.87027456985525, -1.3285629089406976], [36.87027056871385, -1.328383941086295], [36.870310570403596, -1.327971015322088], [36.87036257239701, -1.3277280592212757], [36.87041418441654, -1.327589134736046], [36.8704145744245, -1.327589083740511], [36.87069858587418, -1.3263353097450314], [36.87079958981627, -1.3259013878539276], [36.870834590476896, -1.325713421797981], [36.870834590388654, -1.3254444700591197], [36.870814589895225, -1.3251985142524487], [36.87078958827594, -1.3248835716704639], [36.870767587779, -1.3247525954924828], [36.87074758630781, -1.3245746275528454], [36.87067858378941, -1.3242866795502295], [36.870615908411786, -1.3240300667189588], [36.87061558040455, -1.3240287258399999], [36.87057557854631, -1.323928743872166], [36.8704905747231, -1.323718781840073], [36.87035156876624, -1.3234498301469515], [36.87009555836674, -1.3230958941586806], [36.87009533036216, -1.3230960891411843], [36.86998655406803, -1.3229459217229944], [36.86969954200757, -1.3225269966071458], [36.86957653642178, -1.3223830226349904], [36.869341526494075, -1.3221460660874043], [36.86891150848811, -1.3217451383951553], [36.86825148070567, -1.3212542268959389], [36.86801645679528, -1.3210711724858577], [36.86764045493946, -1.320778313027224], [36.867012428828744, -1.3203223963601212], [36.86674919432967, -1.3201194947494561], [36.8665714106156, -1.3199824581693262], [36.86620339493166, -1.3197115067314371], [36.86603638744533, -1.3195905286991603], [36.8658153788317, -1.3194305572019722], [36.86517135141485, -1.3190486268657295], [36.864387319101844, -1.318646699379321], [36.86405830527003, -1.3185207228513176], [36.86394629994098, -1.3184677326681653], [36.8635182830408, -1.318264769117108], [36.86323427113383, -1.3181267946562971], [36.8631652676972, -1.3180888011061844], [36.86294725915744, -1.3179658232708862], [36.86284925411677, -1.317910833263264], [36.86272924961244, -1.317826848878355], [36.862682247614636, -1.3177418645593826], [36.862634245592616, -1.3176458812328966], [36.86255924199664, -1.3174989075144672], [36.86241723595872, -1.3171709671412122], [36.86236223378217, -1.317043989612536], [36.862132223881964, -1.3165750749838043], [36.86203821989608, -1.316435099640409], [36.86198921786158, -1.3163641130594261], [36.86198821783411, -1.3163431169535067], [36.86173020742114, -1.3160741652976207], [36.86176511913793, -1.3160623553513058], [36.861863212151704, -1.3160291733118206], [36.86198821770191, -1.315937189567219], [36.86213422367477, -1.315812211791584], [36.86224622797158, -1.315766220902834], [36.862323231547236, -1.3157242276650503], [36.86237523354541, -1.315493269479641], [36.86241423532072, -1.3154022856732537], [36.86259324196078, -1.315234315764462], [36.862653244123315, -1.3150013577567454], [36.86271224725459, -1.3147354057253047], [36.8627158263259, -1.314727456441175], [36.862789479803276, -1.3145959672766958], [36.862845428925574, -1.3144960842673272], [36.862933716728904, -1.3144379004861364], [36.862937318802516, -1.3144355266991246], [36.86340103830907, -1.314237338421872], [36.863440329114525, -1.3142205459235587], [36.86347232976817, -1.3141995478069028], [36.86354633127926, -1.314149552291934], [36.863840337283015, -1.313951570052154], [36.8638483544461, -1.313944070725922], [36.86387133791341, -1.313922572657383], [36.86389174432851, -1.313903834340827], [36.863969339906895, -1.3138325807420044], [36.86411634289641, -1.3136955930493215], [36.86411695690902, -1.3136952350813766], [36.864128343141836, -1.313688593676722], [36.864256345761, -1.3136185999475554], [36.864291859487665, -1.313599405667101], [36.86429331351745, -1.3135986137380737], [36.8642933455181, -1.3135985997393242], [36.86446331800676, -1.313538619093285], [36.86446335000742, -1.3135386070943555], [36.86453835158269, -1.3136225994938169], [36.864630353515004, -1.313725590174055], [36.86467435448459, -1.3139145731139197], [36.86478732984657, -1.314007538691405], [36.864787356847145, -1.3140075646890532], [36.86479689504488, -1.314010302439018], [36.864895359086276, -1.3140385618575472], [36.86493220685036, -1.3140494478635134], [36.86498336091101, -1.3140645594836144], [36.86502236171956, -1.3140755584786872], [36.865279365038575, -1.3141205543353522], [36.86551016274037, -1.313931211337288], [36.865524369029814, -1.3139195563838522], [36.86552436601155, -1.3138635694337752], [36.86545736558163, -1.3137185885326932], [36.865814377866776, -1.3134626265017697], [36.86603738238971, -1.3132176355255238], [36.866273387244334, -1.313167639957133], [36.86645639103924, -1.313222634936421], [36.86645839108115, -1.313224634755372], [36.86645863108613, -1.313224623756284], [36.86649447182524, -1.3132229348967388], [36.866649395020325, -1.3132156355040276], [36.866729166665436, -1.3132116068411044], [36.866748397061926, -1.313210635922254], [36.866795171019724, -1.3131872520159935], [36.86695640132114, -1.3131066452333515], [36.86708840402406, -1.313040651142214], [36.86714022301714, -1.3128054983350999], [36.86714040502065, -1.3128046724095561], [36.86724240708482, -1.31267868373971], [36.867273503722984, -1.3126675457339416], [36.8673085654425, -1.3126549878551714], [36.867309408459874, -1.3126546858821055], [36.86730938945944, -1.3126545778918433], [36.867383139972866, -1.3126279272713302], [36.86749144319538, -1.3125887897656403], [36.86753521209363, -1.3125729961757588], [36.867580536023674, -1.3125566416359138], [36.867704188561206, -1.3125120226196576], [36.86776035571386, -1.3124917554291768], [36.86792646112253, -1.3124318177805867], [36.86793802436008, -1.3124284830774544], [36.86794442149152, -1.3124267062356405], [36.867992233473835, -1.3124128494697156], [36.86808242432666, -1.3123867097977429], [36.86814142554151, -1.312377710589864], [36.86819799870627, -1.3123691123468308], [36.868391430688774, -1.3123397139346555], [36.86839410774385, -1.312339044994143], [36.868395430771066, -1.3123387140235319], [36.868497432873305, -1.3123297148015662], [36.868544357840435, -1.3123257251459735], [36.868744437964246, -1.3123087166141338], [36.868747512027596, -1.3123084416378992], [36.86887844072593, -1.3122967176522038], [36.86891513348217, -1.3122934919310547], [36.868969442601426, -1.3122887183436718], [36.86900444332277, -1.312285718602717], [36.86919744731355, -1.3123087164647926], [36.86942433996159, -1.3122023319855087], [36.869551454565666, -1.3121427313194285], [36.869559754735654, -1.3121387476760291], [36.86957645507776, -1.3121307323934341], [36.86978545936812, -1.3120597387279178], [36.86985946088724, -1.3120347409582147], [36.86991755308848, -1.3120419122922062], [36.87002146423714, -1.3120547391011017], [36.87014854086463, -1.312069962686021], [36.87019138675054, -1.3120750962089391], [36.87023846872403, -1.3120807366845995], [36.87041947246676, -1.3121027346408292], [36.870459473299455, -1.312124732643446], [36.8707044784009, -1.3122637200264737], [36.87071147854671, -1.3122677196633863], [36.870778678944944, -1.3123028294744017], [36.87082248085633, -1.3123257143958336], [36.87084471531901, -1.31233725834725], [36.87087448193832, -1.3123527119436003], [36.87094148134187, -1.3124167151486545], [36.87094148336422, -1.3124856999263514], [36.870925483063345, -1.3125756918145888], [36.870965483909266, -1.3126386861195383], [36.870965519910015, -1.3126386711208782], [36.87106548595978, -1.3125976897843032], [36.87120448882031, -1.3125726919931724], [36.87123681749058, -1.3125818821536328], [36.871306490934906, -1.3126016893440493], [36.87132180025215, -1.3126058639624507], [36.87132849139084, -1.312607688795711], [36.87133749157719, -1.3126096886123517], [36.87137492734975, -1.3126094156246062], [36.87147449440432, -1.3126086886573696], [36.87174309994676, -1.3126057848306405], [36.87184450203914, -1.3126046888960483], [36.871875831689536, -1.3126167258000347], [36.872060506523816, -1.3126876813391153], [36.872126220888084, -1.312712544074894], [36.872134508060014, -1.3127156787894092], [36.87213454806095, -1.312715729784801], [36.87230368062135, -1.3129310913038406], [36.87237951321767, -1.3130276505693719], [36.87258451750529, -1.3132026347185015], [36.872584653508206, -1.3132026797144019], [36.872710529120816, -1.3132486265285315], [36.872827522520296, -1.3132026346383292], [36.87283940576406, -1.3131980910443009], [36.8728615232178, -1.3131896357995732], [36.872947096972865, -1.3131560438012513], [36.87299652598664, -1.3131366405351652], [36.87299664598913, -1.3131366645328741], [36.873011412294815, -1.3131396172617382], [36.87311652847094, -1.3131606383309553], [36.873149651156595, -1.3131671327342471], [36.87316243042113, -1.3131696375041344], [36.873167529526654, -1.3131706374122558], [36.8731675795277, -1.3131706614100773], [36.87324753119007, -1.313208633958581], [36.8732475671908, -1.3132086189599206], [36.87330453235885, -1.3131856360142002], [36.873340533097306, -1.3131716372649824], [36.87337553381252, -1.3131496392376645], [36.87342753487522, -1.3131176421065232], [36.87342768587832, -1.3131175491149423], [36.87363257506574, -1.3129917673926281], [36.87369954043438, -1.312950657078589], [36.87375154150845, -1.3129536567908469], [36.87376654181834, -1.3129546566957024], [36.87380354257254, -1.3129256592990106], [36.87380364557471, -1.3129257722887946], [36.87386554387414, -1.3129936531456559], [36.87386561087551, -1.312993605149959], [36.87394954558821, -1.3129336585293687], [36.873896544467755, -1.3128516659424099], [36.87401136481556, -1.3127848299330913], [36.8740882183871, -1.3127400929428785], [36.874109548823164, -1.312727677055772], [36.874118346003016, -1.3127223995289017], [36.87412954923206, -1.3127156781314413], [36.874207550837205, -1.3127016793683732], [36.87420762383875, -1.312701782359068], [36.87426655208177, -1.3127846718630714], [36.8742666690842, -1.312784671863033], [36.874266725085384, -1.3127847498560745], [36.87428272541556, -1.3127847498507972], [36.874320727200164, -1.312785749748067], [36.87434172763123, -1.3127787513723357], [36.87438972962247, -1.312780750176201], [36.874441731696315, -1.3127827499786566], [36.874458041025854, -1.312761009934259], [36.87447473336306, -1.3127387579358702], [36.87446673316941, -1.312650773874435], [36.87449379471805, -1.312620742574372], [36.87456654319318, -1.312540008832312], [36.87456647219164, -1.3125397898520688], [36.8745665581934, -1.3125396938607798], [36.87476756231185, -1.3124487020017255], [36.87488256466823, -1.312396706653737], [36.87497056647456, -1.3123667093304272], [36.87506856848631, -1.3123337122743202], [36.8752105784072, -1.3123037069340133], [36.875246614143606, -1.3122814989251919], [36.87528357289886, -1.3122587189677855], [36.87531585455852, -1.3122383587935949], [36.87534876923109, -1.3122178516324423], [36.87539977127357, -1.3121868574111706], [36.875503600402844, -1.3121459330683158], [36.875503775406536, -1.312145864074476], [36.87566678277595, -1.3121628614875789], [36.87575778564352, -1.3121308663434974], [36.87582980910912, -1.3120673550483428], [36.87585555963324, -1.3120446470880562], [36.87585558463379, -1.3120447380798486], [36.87588098815068, -1.312022224102196], [36.87589958552915, -1.3120057415827262], [36.87593558626164, -1.3119737444569575], [36.876154590713895, -1.3117667630541157], [36.876184456321084, -1.3117386915762514], [36.876304593763706, -1.3116257757214276], [36.87642559622372, -1.311511785963269], [36.876585599496636, -1.3114227939373604], [36.87672660238112, -1.3113448009257365], [36.87682960448625, -1.3112818065737846], [36.87692860651006, -1.311222811862368], [36.8770126082047, -1.3111028226574828], [36.87707160938948, -1.3110018317471095], [36.87707260940946, -1.3109998319271718], [36.87713161059448, -1.3108998409267754], [36.87725561312198, -1.3108028496342916], [36.8773316146712, -1.3107438549304486], [36.87733261469151, -1.3107428550203146], [36.87734761499716, -1.3107308560976336], [36.8775766196811, -1.3106018676566515], [36.8778396250702, -1.3104838782124149], [36.878162631689676, -1.3103418909129443], [36.87824363334992, -1.3103068940429423], [36.87847063801353, -1.3102428997402773], [36.87863264134168, -1.3101969038356736], [36.878681642356064, -1.3102069029176742], [36.87900064896107, -1.3102748966797872], [36.879171652514515, -1.310350889769049], [36.87933769794595, -1.3103663343213396], [36.87934365606912, -1.3103668882693704], [36.87936827757663, -1.3103651514179568], [36.879584661036844, -1.3103498897232584], [36.87961642169762, -1.3103665672084823], [36.879835178249095, -1.310481431775882], [36.87994266848545, -1.3105378726496701], [36.88003467039398, -1.3105688698234685], [36.8800946716189, -1.310527873501487], [36.880132672394666, -1.3105018758338953], [36.88020367383183, -1.3104158835668516], [36.88028167543362, -1.3103918857057857], [36.88037167728182, -1.3103638882014639], [36.88064968302602, -1.3103868860355894], [36.88106361462042, -1.3105498412009593], [36.88106369162203, -1.3105498711982309], [36.881117811739244, -1.3105511010694866], [36.88115169343861, -1.3105518709888566], [36.881252695523145, -1.3105528708653977], [36.88128088210276, -1.3105468793964845], [36.88130554260993, -1.3105416368612415], [36.88137969813503, -1.3105258732587006], [36.881444478463585, -1.3105005525212956], [36.88148970039102, -1.3104828771006582], [36.881602702729666, -1.3105038751694067], [36.881736705491235, -1.3104928761174401], [36.881779483371595, -1.3104856127584283], [36.881789706581934, -1.310483876911666], [36.88205971213829, -1.3104368810617246], [36.88226371631125, -1.3103238911860533], [36.88239471892462, -1.3100469161256674], [36.88257572264108, -1.309989921206922], [36.8829847310559, -1.309912928016965], [36.88323073608156, -1.3097569420056616], [36.8834077397051, -1.309667949974354], [36.88358074322989, -1.3095289624539181], [36.88360974379385, -1.3094229720044763], [36.88370974583217, -1.3093449790064378], [36.883849748700584, -1.3092819846423827], [36.88394375061495, -1.3092039916462295], [36.88408975358486, -1.3090720035032974], [36.884181464455295, -1.3090041385943993], [36.88436675923426, -1.3088670219011438], [36.88494077094896, -1.3084670577883883], [36.88519477615027, -1.3083440687982626], [36.885482782076835, -1.308294073213011], [36.8856327851587, -1.3082530768614626], [36.88588296630719, -1.3082103676315986], [36.885960791908694, -1.3081970818043327], [36.886234797521716, -1.3080710930781547], [36.88650680312479, -1.3080420956042442], [36.886572804474056, -1.3080030990999283], [36.886683733741535, -1.3079371490120846], [36.88668380674303, -1.3079371050160256], [36.8867938089704, -1.30780611679475], [36.886809809275945, -1.307730123643942], [36.88685881020929, -1.3074901452733418], [36.886860810214934, -1.307380155193598], [36.886863810237095, -1.3072571662858834], [36.887015813308395, -1.3070561843641093], [36.887259818302596, -1.3069311955576017], [36.88738282087331, -1.3070321864080663], [36.8875158235995, -1.306976191414977], [36.88801583396497, -1.3071261777222503], [36.88815783690374, -1.3071531752404875], [36.88840284198549, -1.3072351677644574], [36.888596845991394, -1.3072441668889523], [36.88868484778086, -1.3071631741654766], [36.88871984846781, -1.3070541839847216], [36.88884385097854, -1.3069061972920113], [36.88896285338571, -1.306757210691222], [36.88909985616459, -1.3066092239943192], [36.8891438570563, -1.306559228489391], [36.88918585789218, -1.306464237043571], [36.88921485847114, -1.3064042424454343], [36.889299114169496, -1.3062803495925783], [36.88929934417443, -1.3062809125417734], [36.88930009618957, -1.3062798196401022], [36.889408862518344, -1.306541230025713], [36.88962086703625, -1.3069851899118183]]]}}, {"type": "Feature", "properties": {"county": "NAIROBI", "subcounty": "Westlands  Sub County", "ward_count": 5}, "geometry": {"type": "Polygon", "coordinates": [[[36.75436945155392, -1.2642403837006053], [36.75430671725837, -1.264243572433054], [36.75428571585644, -1.2643465541574375], [36.754263715435194, -1.2644535345216887], [36.75425571529851, -1.2645455182333156], [36.75423771395802, -1.2646465001369969], [36.7542237136924, -1.2647224862923783], [36.75422171366637, -1.2647714778771073], [36.75422171368509, -1.2648314664700913], [36.75422571377553, -1.2648564622157588], [36.75427171573784, -1.264893455866696], [36.75431571765064, -1.2649044538615546], [36.75437071979445, -1.264927449771327], [36.75442572193741, -1.2649474459514989], [36.754619729967104, -1.2650124340323297], [36.75478673743045, -1.265050426554959], [36.75510274999645, -1.2651634062712263], [36.755398763141045, -1.2652503903370194], [36.755642701207954, -1.2653325068580834], [36.755725731932635, -1.2653604563124228], [36.75599278747966, -1.2654503541247832], [36.756164250038566, -1.2654999446005404], [36.75627279929166, -1.265531339736216], [36.756540810854354, -1.2656083257120636], [36.75658272572439, -1.2656205705950099], [36.75679080604352, -1.2656813600497354], [36.75700282944453, -1.2657433003993814], [36.75720783870336, -1.265814287935795], [36.757892970935785, -1.2660505524222545], [36.75830088340944, -1.266191219613513], [36.75855030459068, -1.2662770447984126], [36.75866987407445, -1.2663182850431338], [36.758918909247676, -1.2664041802217403], [36.75944393115112, -1.2665761495542327], [36.75998095431159, -1.2667771132693488], [36.76008949156649, -1.2668156707593903], [36.76017796240459, -1.266847099898278], [36.760404972120696, -1.2669270856164885], [36.7605131503662, -1.266958882716065], [36.76090499249948, -1.2670740592097731], [36.76095699457882, -1.267089055841486], [36.76105095553121, -1.2671234497114419], [36.76132301018423, -1.2672230316489437], [36.76148601657122, -1.2672820212798364], [36.76191003438123, -1.2674349933564864], [36.76226404873771, -1.2675659694379802], [36.76238505425196, -1.267609961434138], [36.76265104775971, -1.267645692128847], [36.76291207615128, -1.2676379557433626], [36.76320508819864, -1.2676139598132463], [36.7634981003144, -1.2678089251461193], [36.76365610764834, -1.2680288852687378], [36.76399812181467, -1.268344827680914], [36.76432713571668, -1.2686747678354273], [36.76441813961343, -1.268726759119922], [36.764729152096265, -1.2689057258889112], [36.76669223383252, -1.269454625786002], [36.76846030741997, -1.2696255948120507], [36.76859738822999, -1.269553966225135], [36.768542482125426, -1.2696495866232602], [36.76854231112188, -1.2696495896229558], [36.76779527968911, -1.2696595889593933], [36.76676723743051, -1.2696085988827746], [36.76562903993242, -1.2696755372109902], [36.763367096233594, -1.269808564939263], [36.7627030485669, -1.269985400210499], [36.762208031379046, -1.2701172234853204], [36.76175902813806, -1.2702367928501475], [36.76152947741376, -1.2702979224128343], [36.761528856401135, -1.270298806333427], [36.761121004007066, -1.270407457669326], [36.761009998722535, -1.2704374530008469], [36.76100948571164, -1.270436397096103], [36.76095699659314, -1.2703284728412405], [36.76092199484345, -1.2702444874228735], [36.76086299260664, -1.2701884974887019], [36.76079699022897, -1.2701445054750904], [36.76072219067349, -1.2701135952851774], [36.76072219367364, -1.2701135562886887], [36.760722135672346, -1.270113572287266], [36.76072198666933, -1.2701135112928954], [36.76058498084975, -1.27015050500181], [36.76056623046392, -1.2701558965217838], [36.76049303695806, -1.2701769426480194], [36.76035897219962, -1.270215493215615], [36.76007296031485, -1.2702974789164323], [36.75967994325872, -1.2705064412055909], [36.759466704882556, -1.2706036765085789], [36.758973914769484, -1.270828383410171], [36.758602899144286, -1.2709623594515926], [36.75842789259019, -1.2711613235725787], [36.75842789270092, -1.271514260758568], [36.75850589539036, -1.2717612154728557], [36.75850613239532, -1.2717613574599929], [36.758506148395675, -1.2717614084553954], [36.75852086970263, -1.2717702406545799], [36.758521148708475, -1.2717704076394523], [36.758647151336795, -1.271848400568891], [36.758834051211075, -1.2718863760862038], [36.75890591272524, -1.2719791766980755], [36.75891491294171, -1.2720761589531107], [36.75896841507472, -1.2721633990721206], [36.758998916720614, -1.2722131345790992], [36.75899587967407, -1.2722647469276513], [36.75899361463934, -1.2723032464579473], [36.75898791655206, -1.2724001007291705], [36.75897256327921, -1.2725416539741843], [36.75896991523219, -1.2725660707741182], [36.75896691722509, -1.2727409190138133], [36.75896691522508, -1.2727410390030078], [36.75884191073954, -1.2730519830137843], [36.758631901471915, -1.2732819423516513], [36.75829488857306, -1.2734909046228806], [36.75817824416488, -1.2734985029751695], [36.757942282293456, -1.273513873664844], [36.75794187328497, -1.2735139006625429], [36.75774686525881, -1.273525898643252], [36.7575668515381, -1.2735238678837528], [36.75738518878346, -1.273522475067239], [36.75717982453894, -1.2735209002747625], [36.75709483878271, -1.2735209003018746], [36.75700716796964, -1.2735170046809496], [36.7568698291296, -1.273510902274878], [36.75686980212883, -1.2735102373348597], [36.75675711279844, -1.2735052518202483], [36.756506107603045, -1.2734792542436928], [36.756505879598244, -1.2734793152383614], [36.75636310465967, -1.2735172508642643], [36.75636344266675, -1.2735177318208415], [36.756362807653716, -1.273517900805825], [36.755953172237014, -1.2736734579143036], [36.75589678907857, -1.2736948690022536], [36.755678779607095, -1.2738028503381396], [36.755445769796374, -1.2738178470606596], [36.75529443566898, -1.2738178471089476], [36.75529376365503, -1.273817847109162], [36.755075755143935, -1.2737998508009707], [36.754830744033086, -1.2736488784880795], [36.75467334377258, -1.273624859703357], [36.754640736097194, -1.2736198831623862], [36.75446872956725, -1.2736988690973163], [36.754195717991735, -1.2739108310778864], [36.75402670751427, -1.2739599137074105], [36.753985709670715, -1.2739718206471922], [36.75363312545176, -1.2741875183163764], [36.75363269544301, -1.2741877822927405], [36.75353369144101, -1.2743277567067566], [36.753323682105155, -1.274341754512014], [36.753181676159414, -1.2743067607117806], [36.75310038947472, -1.2742918070856786], [36.7530566715687, -1.2742837648245322], [36.75283266194356, -1.2742977626342569], [36.752821803720366, -1.2743016262895006], [36.75274797920376, -1.274330844679206], [36.752737029978825, -1.2743351782920658], [36.75262551268561, -1.2743714620569724], [36.75261065238008, -1.274376748585174], [36.75259804612088, -1.27438091221396], [36.75254493202924, -1.2744002944837733], [36.75247402457202, -1.2744261701739443], [36.752397854004364, -1.2744470243183847], [36.75238964383548, -1.2744497350766124], [36.75226079320369, -1.274548564209143], [36.752234019656754, -1.2745691573614082], [36.752154018023525, -1.2746331516184615], [36.752074732405966, -1.2747000196161247], [36.75203901567727, -1.2747301429121713], [36.751907086987465, -1.2748470664146139], [36.75186262208093, -1.2748866568600523], [36.75186263008091, -1.2748860799120982], [36.75177001016302, -1.2748741300188478], [36.751699008690274, -1.2748571315738049], [36.751585006308666, -1.2747761389109775], [36.75154100539144, -1.2747511411784256], [36.7514630037794, -1.2747511412033299], [36.75136500175583, -1.2747571406937834], [36.75119499823231, -1.2747251436323457], [36.751037994987456, -1.2747251436824727], [36.75090699229225, -1.274764140209131], [36.750789989896774, -1.2748361337568996], [36.750638986798606, -1.274908127315437], [36.75045598304276, -1.2749921198026994], [36.75027997942189, -1.2750451150818727], [36.75007697521371, -1.275005118752008], [36.74992997215737, -1.274947124026672], [36.749915925864805, -1.2749399826749193], [36.74981196969959, -1.2748871294723476], [36.749781338092596, -1.2749699390175893], [36.74923750589135, -1.2750922431666205], [36.74923751289162, -1.2750926221324004], [36.74916651042918, -1.275108618713118], [36.74898506669146, -1.2751478202374436], [36.74893050056743, -1.2751596101921097], [36.748231427166544, -1.2753106587996843], [36.747838455071374, -1.2753955682714808], [36.7472864326995, -1.275514546722975], [36.74717280535884, -1.2755393335249767], [36.746991400621965, -1.2755789040159087], [36.74695640490098, -1.2755864203496488], [36.74687890930457, -1.2756030658739206], [36.7466383733495, -1.2756552172497593], [36.74648690122913, -1.2756880583378816], [36.74632837196337, -1.2757222473066958], [36.74599631412273, -1.2757938599575425], [36.74570431810749, -1.2758568323745183], [36.74546688021598, -1.2759080388345723], [36.74503925345929, -1.2761677875572646], [36.74463886326026, -1.2764109937623802], [36.744311249551416, -1.2766097879476337], [36.74361884237243, -1.2770299382962849], [36.74318726253456, -1.277291939817126], [36.74318726053431, -1.2772913068742173], [36.74317628830963, -1.2772980382709753], [36.74316138000437, -1.277307185451164], [36.7431613840046, -1.277307650409289], [36.742666822876984, -1.2776078865038325], [36.741066789984956, -1.2781788355497978], [36.74054257520866, -1.2783662218263299], [36.739866765315874, -1.278607797266786], [36.73856473827619, -1.2782068338268706], [36.738388596618194, -1.2781526947633377], [36.737266711319435, -1.2778078702050142], [36.736721699985566, -1.2775918898478138], [36.736606912598525, -1.2775465469717966], [36.73566924709937, -1.2771761526588425], [36.735659085883434, -1.277157326359032], [36.735547028527506, -1.277031792710366], [36.7354688978848, -1.276944223628779], [36.735443673354524, -1.2769159511852635], [36.73533530308535, -1.276823737531961], [36.73509496105271, -1.2766190050631545], [36.73484733788146, -1.2764519611993486], [36.734845583844766, -1.2764507773066143], [36.73474965884154, -1.276385999176332], [36.734628618313096, -1.276302183769993], [36.734414651843444, -1.276154020193484], [36.734341021293616, -1.2760659291574585], [36.734242100211425, -1.2759470349058941], [36.73424177720469, -1.2759468919189623], [36.734086995983496, -1.2758782091593361], [36.73408664497624, -1.2758780451742162], [36.73386964041995, -1.2756540654325226], [36.7337246373495, -1.2754220863889518], [36.73363463544374, -1.2752780993962143], [36.733346629331685, -1.2747741449132497], [36.733233626933874, -1.274577162704726], [36.73313362481164, -1.2744021785091433], [36.73301228921382, -1.2741170722463029], [36.73299362181412, -1.2740732082060182], [36.73277461711014, -1.2735102590180165], [36.73259661335565, -1.273272280525107], [36.73257161282855, -1.2732392835073107], [36.73239860918001, -1.2730093042918487], [36.731806557863585, -1.2727624307325744], [36.73170562776391, -1.2727202385677077], [36.73160885175073, -1.2726797842449282], [36.731538248281964, -1.272650269927657], [36.7315377762721, -1.2726500729455459], [36.731465335770146, -1.2726360512324695], [36.730974752599, -1.272541092947882], [36.73059873778164, -1.272400118774317], [36.730301724582716, -1.2722121528111476], [36.72981670446301, -1.2719152067306738], [36.72973066766421, -1.2718508685570504], [36.72969369889125, -1.271823223060734], [36.729685509719495, -1.2718152027861993], [36.72964469686324, -1.271775231401955], [36.7287997001702, -1.2710583712841568], [36.728680656677504, -1.2709573794247533], [36.72865660717407, -1.2709371992513265], [36.72856852932983, -1.2708624990122654], [36.72847005226821, -1.2707803014523524], [36.72833852451486, -1.270670516389512], [36.72784251413116, -1.2702565538587813], [36.727669510512996, -1.270123565900333], [36.727462506180025, -1.26995258137735], [36.72723750147238, -1.2697735975810902], [36.72708149821165, -1.2696596079047748], [36.726404484087865, -1.269251644890402], [36.72617847937485, -1.2691216566781296], [36.725604467396344, -1.2687646890344015], [36.725284460718086, -1.268564707160534], [36.72526661534573, -1.2685536531624786], [36.72517145836009, -1.268494713504974], [36.72485345172408, -1.2682977313600927], [36.724575445914105, -1.2680977494727528], [36.72439444212927, -1.2679607618769517], [36.72397543335636, -1.2676077938229162], [36.72377742920381, -1.2674188109186952], [36.723734428303864, -1.2673838140866207], [36.72367042696595, -1.2673368183426472], [36.72350642352412, -1.2671728331744858], [36.723272418623885, -1.2669728512728893], [36.72313341571228, -1.266851862221625], [36.72308041460244, -1.2668068662938765], [36.72300041292508, -1.2667318730783135], [36.72297841246373, -1.266710874977863], [36.7225254029707, -1.2663029118906401], [36.72250140246823, -1.2662829137005978], [36.72241540066741, -1.2662099203066344], [36.72224515610249, -1.2660649564259343], [36.72205918320816, -1.2659065997573034], [36.7219773914954, -1.2658369540602605], [36.721794793657644, -1.2656359632329752], [36.72179547667155, -1.2656353872846202], [36.721795113663994, -1.2656352882937374], [36.72152605303598, -1.2654258882517089], [36.72151578882288, -1.2654231714997677], [36.7214959024053, -1.2654024233761045], [36.721479432060846, -1.2653896045366568], [36.721482216117906, -1.2653881436674077], [36.721479098052356, -1.2653848909615513], [36.7213455223086, -1.2654420258543606], [36.72128243800703, -1.2654505501061555], [36.721076394734496, -1.2654099268327055], [36.721003844221, -1.2653664007785288], [36.72087325247854, -1.2652300211114258], [36.72082972255227, -1.265145871709333], [36.72081147715305, -1.2650753310727676], [36.72078619259977, -1.2649775728914348], [36.72081231011081, -1.2648847192518389], [36.72086116309753, -1.2648101529567717], [36.72086349214468, -1.264806598276468], [36.720943028751144, -1.2646852001925266], [36.72105611898882, -1.2643629512000067], [36.72105646896501, -1.264263563157453], [36.721053273888764, -1.2642305541333916], [36.72105606292709, -1.2641686317133976], [36.72105859496187, -1.2641124367772247], [36.72106894210427, -1.2638827454753203], [36.72107521017136, -1.2636822075470218], [36.72108774434457, -1.2634064673944851], [36.72109087837521, -1.263296798277527], [36.72109758848354, -1.2631991430766825], [36.72110498060295, -1.2630915597704615], [36.721136318172725, -1.262840886352658], [36.72118332406356, -1.2625808137769896], [36.721205260464465, -1.2624116100196683], [36.721266162617894, -1.262072038604392], [36.721297706215275, -1.261896164445135], [36.721347846210044, -1.2617614275725155], [36.7213854509378, -1.2616016239628638], [36.72142305567629, -1.2614762872469718], [36.721543706045416, -1.2610736444969537], [36.72163458481234, -1.2607133019439996], [36.721665922426155, -1.2606036328179584], [36.72166122130506, -1.2605268637382445], [36.72165343214319, -1.2605242679746067], [36.721863363486065, -1.2605326321546249], [36.72186502152033, -1.2605326981480707], [36.721910354423144, -1.2604218951198833], [36.72197464069858, -1.2602492496590674], [36.72206390746965, -1.2600095182365505], [36.72213337284783, -1.2598229650275792], [36.7221678265314, -1.2597304153576319], [36.72220962836076, -1.259618175459981], [36.72221261742065, -1.2596121090057117], [36.722230080770714, -1.2595766641946253], [36.72237889975363, -1.2592746023706025], [36.72247129660565, -1.2590870622432886], [36.72250899036389, -1.2590192213455387], [36.72254952617927, -1.2589462639078535], [36.722549640181576, -1.2589460589263637], [36.72255877736769, -1.2589369237467327], [36.72256769754277, -1.2589070584355007], [36.722568264553956, -1.2589051616062024], [36.72267530670424, -1.2587031037826693], [36.72282406669265, -1.2584222970429568], [36.72286938460304, -1.2583367527382283], [36.72286933360188, -1.2583367357398636], [36.72279992415976, -1.2583136018465746], [36.722671844486946, -1.2582335611004651], [36.722664765339054, -1.2582284645619437], [36.72248179351535, -1.2580967394910354], [36.72247171930487, -1.258089487147831], [36.72229560960435, -1.2578973885157416], [36.7222591778342, -1.2578427464516173], [36.72223157025053, -1.257801339192076], [36.72222356504288, -1.2576652694575627], [36.72222356503229, -1.2576311065363355], [36.72222356502054, -1.2575932329496589], [36.72223873832283, -1.2575563872654754], [36.7222793471318, -1.257457778139592], [36.722279600136865, -1.2574571631949705], [36.72229174038207, -1.257438690855901], [36.72228735129079, -1.2574366880377934], [36.72227960012941, -1.2574331513589403], [36.722327630095094, -1.257345106278646], [36.72233182717776, -1.2573319174659938], [36.72237655405886, -1.2571913611191732], [36.722541818314646, -1.256672014871635], [36.7225517695107, -1.2566407446866203], [36.72257072488663, -1.2565893503124228], [36.72258471216407, -1.2565514277257352], [36.72287021082679, -1.2557773733949353], [36.72287021382412, -1.255768554189714], [36.723099391604784, -1.2559060467266614], [36.72310143464545, -1.2559009791827376], [36.72321399688609, -1.2556217063157984], [36.723217098947835, -1.2556140100084092], [36.72322037401304, -1.255605883739679], [36.72356230681958, -1.2547575350863744], [36.723601435606234, -1.2546853135827178], [36.72381860897038, -1.2542791911145088], [36.72384844557004, -1.2542233961335045], [36.72426336594916, -1.2535802289656055], [36.72493353048303, -1.2525414073739898], [36.72508746061007, -1.2523626694334706], [36.72530206792556, -1.2519701377409587], [36.72532550539887, -1.2519338080075486], [36.72532688142639, -1.2519306832888115], [36.72534028269399, -1.251900240028105], [36.725634766615805, -1.25136161047668], [36.72607528055805, -1.2508277124529583], [36.72651579549614, -1.2502804676319985], [36.72675607534828, -1.2499067392365781], [36.72675953531625, -1.2495705905285774], [36.72664636274347, -1.2488138387607344], [36.726575900207294, -1.248555505063145], [36.72649782450514, -1.2482692608830013], [36.726271481658245, -1.247724682029501], [36.726210290326094, -1.2475061677403148], [36.72617245650237, -1.2473710599275725], [36.726059284075696, -1.2470881624566064], [36.72537084364802, -1.2464526899376034], [36.725345990134656, -1.2464541788112218], [36.72517842865077, -1.2463897396703754], [36.724946419806784, -1.2462350846796282], [36.72474878368537, -1.2461190931938715], [36.724624186079126, -1.2460202861367384], [36.72449958947951, -1.2459429581440076], [36.724370695792345, -1.2458699267654203], [36.724351598392396, -1.2458531232856502], [36.7243152776317, -1.2458211641769872], [36.72463388420927, -1.2457912657719328], [36.72513928164305, -1.2457438378881838], [36.7256323948735, -1.245861474133656], [36.725891724306315, -1.2460944180609599], [36.72595919271545, -1.2461411218311398], [36.72609912760305, -1.2461239883314847], [36.72621349696318, -1.246109985557671], [36.72647299032134, -1.2460892283473308], [36.72668058558583, -1.2460010102323837], [36.726794762923944, -1.245928359743737], [36.726807380184404, -1.245927212843149], [36.72690893928108, -1.2459179816432937], [36.72703349688955, -1.2460269567841296], [36.72717881291124, -1.246084038594761], [36.7272929902621, -1.2460529033649184], [36.727370838837935, -1.2459439271611454], [36.72753172513044, -1.2458349519313827], [36.72765109158217, -1.2457830595704387], [36.727713369855294, -1.245736355759714], [36.727848306644894, -1.2457363557176366], [36.727967674101315, -1.2457000299539456], [36.72805590192365, -1.2456948413940172], [36.728316517180055, -1.2452675498184609], [36.728480831392524, -1.2446670178842998], [36.72859281846041, -1.24386155343366], [36.7286057716727, -1.2436805787381038], [36.72860163649026, -1.2433643492361428], [36.728601899493405, -1.2433568319134782], [36.72860134448189, -1.2433568169150013], [36.72860441151989, -1.2432740143758056], [36.72860957058392, -1.2431347389248149], [36.72861123561099, -1.243110875074744], [36.7286156366813, -1.2430434061533715], [36.72863128300006, -1.2430282235166572], [36.728644895277355, -1.2430146127389712], [36.728649731375796, -1.2430097771731736], [36.728658299535034, -1.2429514074304018], [36.72869226516536, -1.2427170735365383], [36.72871346845954, -1.2422464039437315], [36.728717996540865, -1.2422062245629875], [36.728747394068634, -1.2419453450625686], [36.728799551003426, -1.2414767302747294], [36.72878079759274, -1.2414017250395097], [36.728843256763625, -1.241008554449768], [36.72888273545008, -1.2405847876242115], [36.72891572002363, -1.2402307335185923], [36.72905365242259, -1.2387501798908647], [36.72905367642308, -1.238750123895898], [36.72913565605851, -1.238556214343907], [36.729197658263985, -1.2383062588484215], [36.729219658621375, -1.23798731658172], [36.729237863912054, -1.2377066438676987], [36.72923869392531, -1.2376936390393025], [36.729260572316505, -1.2374936240559216], [36.72926780944229, -1.2374156370811393], [36.72927463756102, -1.237342050709861], [36.72928706277783, -1.237210915522612], [36.72930266204989, -1.2370454864246885], [36.729311500167036, -1.2368304637976006], [36.72930589299544, -1.2366482492185913], [36.72930628999218, -1.2366105086192494], [36.729307455982536, -1.2364998005948302], [36.72931328507109, -1.2363948910463196], [36.72932266221118, -1.2362186349258408], [36.72935191273825, -1.2359639048703273], [36.729360590894295, -1.2358872557743985], [36.72936064789479, -1.2358849819793496], [36.72936269191211, -1.2358031953484283], [36.72936366391986, -1.2357627169955354], [36.7294226657215, -1.234389964674208], [36.72963982423649, -1.2344749719472554], [36.729648999412404, -1.2344296180311622], [36.72965458452726, -1.2344275972115393], [36.729696128389605, -1.2344392791461394], [36.72979912552102, -1.2344466334516113], [36.72994724657717, -1.2344274341358639], [36.73003227932248, -1.2343862938166432], [36.730172171183405, -1.234284814917462], [36.73023800352514, -1.2342217325813827], [36.730279148364865, -1.234186077781444], [36.73032303626042, -1.234147680227841], [36.73036692416183, -1.2341284819442155], [36.73040532595574, -1.2341284819323515], [36.7304165671932, -1.2341453424096718], [36.73042726941933, -1.2341613939598943], [36.73042726943436, -1.2342107625114647], [36.730468414304966, -1.2342765865673921], [36.73052053139064, -1.2343040130798875], [36.73053698874498, -1.234350638873463], [36.73064670803492, -1.2344219484139085], [36.7307728856616, -1.2344822879378223], [36.73083597499832, -1.234589252279966], [36.73090454943593, -1.234655076327388], [36.73095118042496, -1.2347373568988274], [36.730962151675165, -1.2348141519754778], [36.73094020826912, -1.2349704848953245], [36.73094020827324, -1.234984010676494], [36.73094020831673, -1.2351268178082822], [36.7309731240272, -1.2352255549009865], [36.731055413743306, -1.2352749224270683], [36.73121176397961, -1.2352886361429614], [36.73131051101503, -1.2352694378423776], [36.73136605714916, -1.2352231549957031], [36.731527207486714, -1.2352437250923234], [36.731619783409855, -1.235274580283329], [36.73200380135439, -1.2352950423207454], [36.73209171717224, -1.235296612152139], [36.73353883718507, -1.2356207404973623], [36.73366292475838, -1.2356479250093126], [36.73452839570651, -1.2358375296562518], [36.73465571237046, -1.2359432150934329], [36.73475214641782, -1.2361199891344212], [36.73498787131168, -1.236189627786255], [36.735207524850466, -1.236184271200954], [36.735496823850184, -1.2362485523189621], [36.73575397916493, -1.2362458744807086], [36.735957560350215, -1.2361708791755242], [36.73608613800472, -1.2361601651011844], [36.73619410924878, -1.2362000634724908], [36.73623410308001, -1.2362148421284578], [36.73633257812663, -1.2362512308188487], [36.736600447694656, -1.2363530095644941], [36.73685135789731, -1.236406227691306], [36.736869792279656, -1.2364101373333525], [36.73688319855759, -1.236412981072917], [36.73695403602633, -1.2364280046971845], [36.73699905795908, -1.236434710079035], [36.73720583324258, -1.236465502240258], [36.73823713258536, -1.2365492023785722], [36.73871929755178, -1.2365492022292865], [36.73934711753518, -1.2365701271493372], [36.7395563658161, -1.236425470119839], [36.73957114011962, -1.2364191386858125], [36.73980870799901, -1.236317335785953], [36.73995290396854, -1.2362812899894238], [36.74001745631022, -1.2363054947883403], [36.740169198463974, -1.2363623916142616], [36.7404776248666, -1.2364526533850744], [36.740538700134444, -1.2364705267555198], [36.74071894486003, -1.2364705266997136], [36.7409262271637, -1.236533604951367], [36.7410614109991, -1.2366687737290816], [36.74121461920437, -1.2367949313132696], [36.74132658553486, -1.2368482424745388], [36.741403876143636, -1.236885043134409], [36.741584120869184, -1.2368850430785827], [36.74173011986159, -1.2368021395040274], [36.741881524977835, -1.236758886354777], [36.74202572094941, -1.2367300499086666], [36.74211944885813, -1.2366363333247798], [36.742161417690966, -1.2365227825441938], [36.74224201529036, -1.2363047191695289], [36.74229248330711, -1.2362182109493427], [36.742415049822796, -1.2361605391083876], [36.742523197058176, -1.2361605390749104], [36.74256991802272, -1.2361569453842536], [36.74261692399317, -1.2361533296955771], [36.742678331263605, -1.2361569413510545], [36.74268920548857, -1.2361575812900736], [36.74269941069965, -1.236158181232813], [36.74273949052871, -1.236160539007957], [36.74288368653553, -1.2362470471677847], [36.74298462366136, -1.236376808443443], [36.74315044912622, -1.2364993613484057], [36.74336674361764, -1.236567847110027], [36.7434273858785, -1.2365924288760066], [36.74342897891159, -1.2365930748173593], [36.743439905138786, -1.2365975044148212], [36.74363350616426, -1.236675982282883], [36.743718888938226, -1.2367062755267202], [36.74385700980803, -1.2367552810678524], [36.743993995663516, -1.236834579879516], [36.74421749930067, -1.2368922516132506], [36.74422189239179, -1.2368932975176372], [36.744368905441036, -1.2369282963181898], [36.744612574489075, -1.2369667667760602], [36.74464287711687, -1.2369715503355596], [36.74485917157522, -1.2369319008415263], [36.74498173810851, -1.2369319008035597], [36.74508988536132, -1.2369895725730036], [36.745198031603124, -1.2370111995906166], [36.745313389013816, -1.23709770775933], [36.74545758500286, -1.2371265441160781], [36.74565224904388, -1.2371842158586963], [36.745839703913816, -1.237169797099909], [36.7461253617772, -1.2370365050229877], [36.7467606239437, -1.2371571849512006], [36.74730940931784, -1.2372614363864944], [36.747301409148484, -1.2372484385602587], [36.74726540838738, -1.2371924486170032], [36.74728640880031, -1.2371234608272788], [36.747567420532555, -1.2368755060845382], [36.74758205882767, -1.2368509812900559], [36.74760501129054, -1.2368134276670715], [36.74762738774796, -1.236796647172337], [36.747653423280155, -1.2367775228875733], [36.747723506712504, -1.2367245236418274], [36.747809430468536, -1.2366595444708124], [36.747896433246254, -1.2365925564804092], [36.74793432900545, -1.2365140105468608], [36.747978566891945, -1.2364227787543605], [36.74799802428356, -1.236388245860315], [36.74804744027845, -1.2363016086521936], [36.748068232695715, -1.2362606023410772], [36.7481069284722, -1.236184288206071], [36.74812079275038, -1.2361572066421889], [36.748180904955824, -1.2360360545411007], [36.74825845452315, -1.2359197439982725], [36.748270388763366, -1.2358985899008834], [36.748360486576956, -1.2357394742115149], [36.748395454280804, -1.2356777207655762], [36.74851145861839, -1.2354807564788328], [36.74857546090365, -1.235357778541065], [36.748575572905914, -1.235357575559305], [36.7485753669016, -1.235357437571792], [36.74857547690381, -1.2353572265907524], [36.74857322585573, -1.2353520970537104], [36.74866780174905, -1.2351508421602118], [36.74877517691478, -1.2349753949372104], [36.748775633923955, -1.2349746490043148], [36.74877582692787, -1.2349743330327019], [36.748868607799274, -1.2348227326652113], [36.748917878791445, -1.2347369983757892], [36.74910048246451, -1.2344059491512955], [36.74911634678355, -1.2343767097812206], [36.74921509976869, -1.234193386270557], [36.749316346804704, -1.234007970947523], [36.74933022708358, -1.2339817413069132], [36.74941094770545, -1.2338292010277985], [36.7494873032406, -1.2336881887111832], [36.749510498706925, -1.2336450865881416], [36.749526152021474, -1.233615743227485], [36.749598502475436, -1.233480115426883], [36.74960277456103, -1.2334712452249461], [36.749611448734804, -1.2334528328814371], [36.74978341320358, -1.2331728470584753], [36.74982538405149, -1.2331086648291487], [36.74994284140643, -1.232870215280115], [36.74998832631842, -1.2327778775869158], [36.7501770961147, -1.2324324326573481], [36.75038053420584, -1.232059371211893], [36.75061277287677, -1.2316355853283325], [36.75091255590614, -1.23108854553046], [36.751086258401976, -1.2307788173868366], [36.75145728286889, -1.2301167679304152], [36.751772590213506, -1.2295504048685537], [36.75200906697182, -1.229125640071463], [36.752334007504174, -1.2285218143822552], [36.75254062165763, -1.2281370759873393], [36.75291263612898, -1.22742120437975], [36.75292379535332, -1.2274003482556115], [36.75301881926169, -1.2272174417080164], [36.753026082407644, -1.2272034609655746], [36.75309173572621, -1.2270770893326532], [36.7531007949111, -1.2270695550087778], [36.75341765728019, -1.226477374272109], [36.75349488786303, -1.2264336351896774], [36.75363559367564, -1.2261187905166557], [36.75364066577709, -1.2261074405378658], [36.754139763831596, -1.225247806844783], [36.75459410898457, -1.2244652542195202], [36.7549112623739, -1.223918996344201], [36.75498662789222, -1.2237891880177814], [36.75498902492658, -1.2237391385269027], [36.75521369045865, -1.2233718875498778], [36.75551254848732, -1.222883355478504], [36.75625694948425, -1.2216012177794842], [36.756347531293535, -1.221393527465783], [36.756465549650905, -1.221122930812108], [36.75651364665437, -1.2211545709463865], [36.756516479712865, -1.221154208978194], [36.757705830674425, -1.2191056991962472], [36.758143658795994, -1.21935070598614], [36.75814381079898, -1.2193504390101277], [36.75842606267928, -1.2195084716843678], [36.75847658073199, -1.219537543049459], [36.758799178454375, -1.2197231852235326], [36.75895327766897, -1.2198234721399883], [36.759235793568436, -1.22002712370355], [36.75924789482097, -1.2200355309422957], [36.75975652041759, -1.2203211610498508], [36.760265661024846, -1.2206067961566671], [36.760269171095516, -1.220600542719084], [36.76027458321075, -1.2206118017028769], [36.76030197078129, -1.2206271663100798], [36.760496057824795, -1.2207360524393234], [36.761100855420736, -1.2210616759134783], [36.76147820728539, -1.2212839267716546], [36.76169418678414, -1.2214022990393874], [36.76279376968767, -1.2220049503992403], [36.76282042824271, -1.2220185621646085], [36.762998159942676, -1.222109308933128], [36.76303672674555, -1.2221289911477318], [36.76303705375238, -1.2221291511332286], [36.7630556301395, -1.2221402011318716], [36.7633158595634, -1.2222943941580817], [36.76349961139234, -1.2224004925415217], [36.763682873211124, -1.22250630795048], [36.76385312775651, -1.2225966367589334], [36.76401350709625, -1.2226817260425364], [36.764189455760146, -1.2227750765769185], [36.76462180476617, -1.2230142018970656], [36.765381151583526, -1.2234339148442337], [36.765459190210386, -1.2234814485369998], [36.765619161545345, -1.2235788887077128], [36.76605317958847, -1.2238268442313673], [36.76623100729208, -1.2239230885042156], [36.76648448757105, -1.2240600340862278], [36.76664743396459, -1.2241480671035554], [36.766648109978725, -1.2241484330704004], [36.766693935933084, -1.224173190825416], [36.76679640006747, -1.2242301886578877], [36.7671007524074, -1.224399493308336], [36.767164226729626, -1.2244347341133583], [36.76732955017349, -1.2245267687692867], [36.76742796222359, -1.224581512805963], [36.768508326723335, -1.2251655678444042], [36.76863823942509, -1.2252231836127239], [36.768686953438475, -1.2252459715442383], [36.76911345531871, -1.2254695812634993], [36.76948085497193, -1.2256740237278692], [36.770364210377686, -1.2261819366870939], [36.77048182982718, -1.2262455829156331], [36.770635766032974, -1.2263288803622028], [36.77065885351704, -1.2263519642749032], [36.77066137256986, -1.2263543860559174], [36.7706914071955, -1.2263711465363154], [36.77074758336561, -1.2264023517070637], [36.7710638659471, -1.226555683792598], [36.77138334360321, -1.2267377652864702], [36.77149938093109, -1.2265076359884908], [36.771521920386135, -1.2264724231547242], [36.771850846982964, -1.2258135264288874], [36.77206962837366, -1.2253851279658592], [36.77207650851655, -1.2253874537541778], [36.77230956520116, -1.2249551646373174], [36.77245796618407, -1.2246799013963432], [36.77246441829538, -1.2246067849830375], [36.77249237784892, -1.2245272161445688], [36.7725719544434, -1.22436270394476], [36.772681641633675, -1.2241110955840067], [36.77289834998087, -1.2236797803841466], [36.77292543954512, -1.2236947250291446], [36.77294672598846, -1.2237064679644347], [36.77321308052831, -1.2238275239741458], [36.773303263403996, -1.2238685122529682], [36.77359497547322, -1.2240078696056957], [36.77373830446008, -1.2240924079437716], [36.77388344648478, -1.2241780161849574], [36.774201089097595, -1.2243433011932627], [36.77432457566624, -1.2244004080092585], [36.77432922176291, -1.2244025558142888], [36.774460388491214, -1.224463214307986], [36.77471844287011, -1.2246193041630518], [36.77511493814902, -1.2249070511116158], [36.77534083886178, -1.2250572305091056], [36.775468727522956, -1.2251196088488172], [36.77555450731456, -1.2251835460608391], [36.77561377255216, -1.2252272111078042], [36.77567225876482, -1.225241245825133], [36.775681317964164, -1.2252813632072663], [36.77617688827573, -1.2255218573832518], [36.77622181321048, -1.2255436594047278], [36.776223666248875, -1.225544071367069], [36.776342249717295, -1.2256048018579448], [36.77646658330835, -1.2256783781895446], [36.77662561862259, -1.2257724886599815], [36.77662569362417, -1.2257725306561782], [36.776685876876876, -1.2258032228719378], [36.77671253643178, -1.225816817638637], [36.776917810704454, -1.2259214701448415], [36.77716392483347, -1.2260674059183008], [36.77716654588813, -1.2260689597775098], [36.77733268934802, -1.226159200594363], [36.77733761845071, -1.2261618773516765], [36.777400819766854, -1.2261962052388968], [36.77752345032099, -1.2262643250625656], [36.77763566265817, -1.2263263864354168], [36.777725955538216, -1.226374768047771], [36.77786874751138, -1.22645087014594], [36.77794167402982, -1.2264897376210009], [36.778056436418886, -1.2265490912370967], [36.778109681527155, -1.2265763417649909], [36.778168052746004, -1.2266190678967601], [36.778222054873595, -1.2266582803465707], [36.778282423130314, -1.226689569508395], [36.778372992015726, -1.2267365122502703], [36.7784886974243, -1.2267963018267123], [36.77859114155788, -1.226852879696652], [36.778595345645435, -1.2268551964865948], [36.778803570982106, -1.226969801094986], [36.77887983657128, -1.227014456047391], [36.77912461267176, -1.2271577780565117], [36.77932694288345, -1.227261821618392], [36.779327071886144, -1.2272618876124104], [36.779560708611754, -1.226927647660779], [36.77961198363335, -1.2268031368653727], [36.77980243247265, -1.2264881981876203], [36.78004415631805, -1.2259974793346367], [36.78039575438908, -1.225360278647842], [36.78054225329822, -1.2249720985835824], [36.78083939734482, -1.2246670529813464], [36.781101067678634, -1.2244284973982749], [36.781893773639275, -1.223051034283729], [36.78188802851336, -1.2230272354300737], [36.781886991490644, -1.2230229398174841], [36.781957056906684, -1.2229186661924485], [36.782097932753686, -1.2227090140417023], [36.78226486314893, -1.2225319709444809], [36.7823808694912, -1.2223519801285077], [36.782446971837246, -1.222287265939826], [36.78255682409883, -1.2222611132628334], [36.78272683261257, -1.2222663437393957], [36.7827896049031, -1.2222454216055667], [36.78276083428429, -1.222164349920049], [36.7827544551414, -1.2221278542107452], [36.782725717461126, -1.2218405131127426], [36.78293837372951, -1.2214267413336952], [36.782985258671054, -1.2213368884162483], [36.7830073431145, -1.221294564223391], [36.78319700890282, -1.2208635520048527], [36.78335793815995, -1.2206394261521107], [36.78342115944169, -1.2205589703828157], [36.783642751908864, -1.2201916044191976], [36.783853989167255, -1.2198414049117041], [36.784167611516466, -1.2194103236613008], [36.78418916385133, -1.2190439636678247], [36.784465280392546, -1.2185023533886297], [36.78476704747983, -1.2180144092655767], [36.78508191176043, -1.2172692273181795], [36.78538875988117, -1.2165430156636088], [36.785495234992105, -1.2162477632362683], [36.78554870705219, -1.2160994855812017], [36.785526060579826, -1.216084388948452], [36.7855383218258, -1.2160598691541966], [36.78538875969462, -1.2159218276385935], [36.78532548335119, -1.2158010415418872], [36.78533698853541, -1.2156227376052127], [36.78536575010013, -1.215524957407335], [36.78529672164991, -1.2154444336842918], [36.78523344530994, -1.2153351505509897], [36.78525070262858, -1.2152086119480041], [36.78529672151961, -1.2150101768147619], [36.785250702498296, -1.2147743560782192], [36.78529096924902, -1.2145040244251604], [36.7853657497214, -1.2142624511702504], [36.78540026439226, -1.214121532857622], [36.78558064703149, -1.2138310389786156], [36.78592408703329, -1.2135205538511926], [36.78597504707227, -1.2134744839870444], [36.7860000905725, -1.2134175711076343], [36.78600100159105, -1.2134167061853107], [36.786013318842436, -1.2134063261169186], [36.78603437027197, -1.213388583709287], [36.78610351268341, -1.2133320187851349], [36.786223294127154, -1.2132293599990907], [36.786242865526376, -1.2132125865045935], [36.78626108289803, -1.2131969749057305], [36.78629101350864, -1.2131713252078735], [36.78631601501869, -1.213149754143981], [36.78642301919831, -1.2130467723908955], [36.7864762622824, -1.2129941161194344], [36.78670056484941, -1.2127716580963743], [36.786916465246534, -1.2125611789964823], [36.786927009461174, -1.2125508999195365], [36.78693113754261, -1.2125381060711102], [36.786935485633876, -1.212542636661568], [36.78699491384414, -1.2124846998640433], [36.78701220219653, -1.212468831288684], [36.787218747406506, -1.2122792453089517], [36.78739205893909, -1.2121199386109467], [36.787502546188385, -1.2120092635500812], [36.787854607355385, -1.211655822290689], [36.787876150793956, -1.211634194232973], [36.78791370155839, -1.2115964936187362], [36.78795837447459, -1.2115744265935118], [36.78813205101625, -1.2114201764398107], [36.78818609111823, -1.2113720727578927], [36.7882095365961, -1.2113508566624227], [36.7883229669085, -1.2112476839245454], [36.78846670583867, -1.2111169416616958], [36.78873519830384, -1.210845361051443], [36.788759113790576, -1.2108211702239808], [36.78875919279219, -1.2108210902311578], [36.7889065857924, -1.2106719956207619], [36.788907571812466, -1.2106709987103859], [36.78890766481437, -1.21067090471873], [36.7889112558875, -1.210667273044933], [36.78902812826642, -1.2105490536618013], [36.78904281856566, -1.2105350459195279], [36.78913503644434, -1.2104471128149012], [36.78937888141204, -1.2102145976919823], [36.789379366422146, -1.2102150636498874], [36.78939725179681, -1.2102322460962112], [36.789764179265866, -1.2098620403428142], [36.79008079471556, -1.209558514596376], [36.79024399903814, -1.2093953282509788], [36.79051293752971, -1.2091815614311145], [36.790517251591794, -1.2090909895909316], [36.790521564666726, -1.2090435478643897], [36.790525877739086, -1.2089874789152073], [36.79050862436336, -1.20892278474974], [36.79045686328767, -1.2089012207084686], [36.79032314650364, -1.208827900355651], [36.79018080354518, -1.2087675188394924], [36.79009884885101, -1.208763206252918], [36.78999963979775, -1.2087502674488413], [36.78993925254652, -1.208737328632998], [36.78987023711182, -1.2087071383742147], [36.78980122268358, -1.2086985121723959], [36.78968384324181, -1.2086415053445885], [36.789650252543126, -1.208625191824777], [36.789563984753315, -1.2085993141826263], [36.78946908878657, -1.20857775015441], [36.789391447172456, -1.208543246286908], [36.78936125353715, -1.2085044297936154], [36.78932781283807, -1.208476725300087], [36.789293246115456, -1.20844808789097], [36.789241256028674, -1.2084050147877343], [36.78921028338123, -1.2083793541093761], [36.78918871589837, -1.2082542783858286], [36.789196408044894, -1.208212747125703], [36.78921028330917, -1.2081378288719415], [36.789255271219474, -1.208074103600335], [36.78931380540385, -1.2079911890535964], [36.78923091464483, -1.2078346231860604], [36.78917305043055, -1.2077709799381182], [36.78910361398758, -1.207742051565822], [36.789016818195485, -1.2077449443314265], [36.788918450155734, -1.207718908707122], [36.788834547419924, -1.2077102305144667], [36.78873907145196, -1.2077246942400828], [36.788669917037126, -1.2077707921073884], [36.78866963503142, -1.2077709800905512], [36.788617557983194, -1.2078635527651145], [36.7885105097995, -1.2079561244564132], [36.788339811281915, -1.2079850529015188], [36.788248936386395, -1.2079236574610392], [36.78823276304903, -1.2079127314504055], [36.78817200575678, -1.2077883376772613], [36.78808231684972, -1.207606087126021], [36.78798105569319, -1.2073891217061776], [36.78798017867442, -1.2073868909074403], [36.787909847168216, -1.207207865059714], [36.787872318367064, -1.2071212698736749], [36.78782901544075, -1.2070144685099584], [36.78777127821623, -1.2069076671506875], [36.787742410584634, -1.206789319822938], [36.78772508920272, -1.2067084971105764], [36.787762617953895, -1.206627674381617], [36.78778859946396, -1.2065381924364567], [36.787800146681846, -1.2064689166749953], [36.787785712373314, -1.2064342778004205], [36.78773374929047, -1.2064025266769722], [36.78763559726026, -1.2063938664870562], [36.78750568957848, -1.2063996400060806], [36.787335366077116, -1.206457370855835], [36.78722855288096, -1.206492008767176], [36.787167929638905, -1.2065266466645466], [36.787110192459096, -1.2065699447806466], [36.78705822939946, -1.2066161286350456], [36.78702070063444, -1.2066507675253404], [36.78698894499482, -1.2067056105934062], [36.78695430328777, -1.206734476003004], [36.78687347162913, -1.2067720006463554], [36.786838856913455, -1.2067697678580032], [36.78678397977875, -1.2067662281936045], [36.78666561932762, -1.2067460220499846], [36.78661076918421, -1.2067113841875443], [36.786584787647456, -1.206711384195404], [36.78652993851783, -1.206722930171734], [36.786469314261204, -1.2067084974904687], [36.78642023824913, -1.2067142709851384], [36.78633074640554, -1.2067315904516838], [36.78626938613185, -1.2067111383130484], [36.786252801787654, -1.2067056108160983], [36.786183517337406, -1.2066421075588942], [36.78614310149135, -1.2066045829522116], [36.78602185497373, -1.2065612858900605], [36.78590060746212, -1.2065381930075205], [36.785806364518116, -1.2065477761725494], [36.785804051463536, -1.206525030222712], [36.785682541867864, -1.2062379971219481], [36.78557164443582, -1.2057638678757971], [36.78557097942178, -1.2057630849465661], [36.78551724318427, -1.2053350515296222], [36.78550992801596, -1.205277221742341], [36.78550157976839, -1.2050247084968813], [36.78549458456098, -1.2048131335622774], [36.785504007685084, -1.2045759969258505], [36.785505975710365, -1.2045243075825345], [36.78550470664013, -1.2043764029093726], [36.78550149247219, -1.2040348846815825], [36.78550036841349, -1.2039154954390148], [36.78549842031174, -1.2037085290875107], [36.78550711341762, -1.203460799405579], [36.78551497550899, -1.2032215419604921], [36.78551502851007, -1.2032214869654274], [36.78554308208103, -1.2031925965600168], [36.78564830122242, -1.2030840503083537], [36.785652698311566, -1.2030783608196276], [36.78577126071531, -1.202924945606673], [36.785789438077956, -1.2028819214776805], [36.78584187112428, -1.2027576506587472], [36.78586900466565, -1.2026933404449505], [36.78596016950527, -1.2025463166643606], [36.78609299918563, -1.2023317019611621], [36.78621600363966, -1.2020387553186216], [36.78627171875788, -1.2019284712384493], [36.78636468262355, -1.2017436978584906], [36.786589003156564, -1.2014036354303876], [36.78667791294905, -1.2012544118486863], [36.78679161624132, -1.201063573008867], [36.787011106649956, -1.2006403170778497], [36.78717104286221, -1.2003310618934253], [36.78732704900022, -1.20004511261019], [36.787425934986274, -1.1998539758016438], [36.78759726642745, -1.199522518613995], [36.78779332037281, -1.1991693233774066], [36.787836688245605, -1.1990911954035928], [36.78785416159775, -1.1990614000827828], [36.78793586024412, -1.1989220906097924], [36.78795207457087, -1.1988943201070044], [36.787971716966055, -1.1988585503239557], [36.788008152699, -1.1987919293154337], [36.78803613826199, -1.1987407599173228], [36.78807633506803, -1.1986587672925926], [36.78811169077712, -1.1985866487796932], [36.7882072656977, -1.1984049631204738], [36.78831190679791, -1.1981975937726579], [36.78873726134922, -1.1974019393314939], [36.78880511271315, -1.1972743518064406], [36.7888162169364, -1.1972534726842203], [36.7888265621443, -1.1972340204337004], [36.78898011523077, -1.1969446704572906], [36.78922175909617, -1.1965172408949114], [36.789370182084525, -1.196254356535454], [36.7894200810898, -1.1961678753122051], [36.789521807139074, -1.1959915681663669], [36.789632999385205, -1.1958197446137373], [36.78978462544724, -1.1955822239680318], [36.79000195581726, -1.1951779333280215], [36.79015789092798, -1.1948036710008123], [36.79015834193729, -1.194803809988167], [36.79034162474, -1.194860315842361], [36.79049014281481, -1.1948832797288547], [36.7907320588305, -1.194946049001144], [36.79093416503521, -1.1950470908370152], [36.791165363843035, -1.1951557879746235], [36.79128325928964, -1.1951940614909515], [36.79158335753074, -1.1953364395731931], [36.79177934061158, -1.1954466665833237], [36.791839053853685, -1.1954757549446628], [36.79194623208379, -1.1955308689469635], [36.79208709399848, -1.195547709387436], [36.792324416898026, -1.195538523143983], [36.7924300640799, -1.195536992250203], [36.79263676436174, -1.1955783284640087], [36.79279293759444, -1.1956012923481532], [36.79301341816866, -1.1956686532130003], [36.793282894756736, -1.1957421385114122], [36.793563088558464, -1.1957895981514224], [36.79386624883408, -1.1958355259225162], [36.79407601117329, -1.1958569599284574], [36.79414797366102, -1.1958615524931229], [36.794446540833725, -1.1958799237483004], [36.79457974759057, -1.1958982950532375], [36.7947175484379, -1.1959013567360484], [36.79492577975445, -1.195953408983755], [36.795121761815764, -1.1959978059249328], [36.795297840471704, -1.1960621060787915], [36.795481574288566, -1.1961355904028281], [36.795631623396034, -1.1961631478749986], [36.79582301235203, -1.1961723329900744], [36.79592712850305, -1.1961738648207765], [36.79606033525677, -1.1961815190911924], [36.796176699660734, -1.196183049918399], [36.79626856655879, -1.1961845807528646], [36.79639718021353, -1.1961784572660266], [36.796515075643256, -1.196160085885885], [36.79663909619768, -1.1961355900556483], [36.79687182597048, -1.1960192384690003], [36.79700809474525, -1.195884515566414], [36.7970999616044, -1.1957543852634671], [36.79728369532805, -1.195512496002161], [36.79740924587521, -1.1953563400339438], [36.79765575589095, -1.1950991411331386], [36.79778743158448, -1.1950103460939592], [36.7979053270111, -1.1949812576794272], [36.79794796488951, -1.194973645352497], [36.79794848690036, -1.1949740193186784], [36.79799548888209, -1.1950110129714873], [36.798314501540354, -1.1952449707967754], [36.798625515005, -1.1953829452722187], [36.79907553336411, -1.1955999065892964], [36.799351545105814, -1.1957378810752344], [36.79947555069954, -1.1958478611289942], [36.79952082864343, -1.1958772164704676], [36.799640557139334, -1.195954842440554], [36.79988756827138, -1.196056823178076], [36.80007057507872, -1.196149806745474], [36.80025058282679, -1.196251788502881], [36.80041444222215, -1.196288624134873], [36.80281310914246, -1.1975676111775893], [36.803463717684956, -1.1979224860074222], [36.803664725870455, -1.1980374645873737], [36.803999739846596, -1.1982294301902483], [36.80415949717164, -1.1983156083773516], [36.80449276010784, -1.1984953820792403], [36.805050783725825, -1.1988093246245548], [36.80508079734181, -1.1987961688008801], [36.80609902653481, -1.1993479197803099], [36.8087859394961, -1.2009309403348627], [36.810449009112325, -1.2018417757624684], [36.81293878693544, -1.203205579123417], [36.81333113010168, -1.2034204896398182], [36.817082287163394, -1.2054281266002407], [36.818338339332776, -1.2062059851269296], [36.8187573570472, -1.2064129473505774], [36.81877835748439, -1.2064249452630005], [36.81972839726201, -1.2069598487743907], [36.820037410697886, -1.207143815103266], [36.82045342734814, -1.2073437789580002], [36.82058843315143, -1.2073957692321722], [36.82068543716579, -1.2074337627791278], [36.82090044663755, -1.2075407430736913], [36.821002450759096, -1.2075917344477745], [36.821334464670684, -1.207778700499156], [36.82179848432458, -1.2080206565551679], [36.8218204847819, -1.2080306546474786], [36.82188848819561, -1.2080626487438468], [36.822247502664105, -1.2082476149670325], [36.82268652080403, -1.2084975703095415], [36.82299253417395, -1.2086685388101428], [36.82332554810467, -1.2088505063113628], [36.82351255599874, -1.2089594864339392], [36.823867570386355, -1.2091504521174772], [36.82412747279182, -1.209280374330739], [36.8243243688888, -1.2093851958250033], [36.82461560195823, -1.2095723748690406], [36.82493161453573, -1.2097473440057667], [36.82512162249158, -1.2098563241273654], [36.82533163186445, -1.2099783020714896], [36.82572164798034, -1.2101882640321913], [36.826199667938525, -1.21048221039778], [36.82628767177208, -1.210537200415588], [36.82720370985877, -1.2111130962395833], [36.82766172939963, -1.2113930458722661], [36.82774573315531, -1.2114640324496435], [36.82909278916963, -1.2121349115820794], [36.829175048881524, -1.2121796185281295], [36.83012483164659, -1.212695809720905], [36.830780859304255, -1.213071741642737], [36.83196090886167, -1.2137156252570298], [36.833215960995794, -1.2144544912879711], [36.83421600279697, -1.2149673977595261], [36.83477702647627, -1.2152883396646377], [36.835078038715224, -1.2153693252743047], [36.8351960442447, -1.2156792693056067], [36.83539205243538, -1.21615818308523], [36.83553605849841, -1.2164571290995203], [36.83570706620587, -1.2170450230647112], [36.835827071962434, -1.2179718554989782], [36.835819071886654, -1.2182688027394295], [36.83568006623581, -1.2189956712736927], [36.83553306041265, -1.2196985449725841], [36.83543705659971, -1.220259444450973], [36.835423056398746, -1.2205513921434412], [36.83542305643888, -1.2206843681590218], [36.835504060185535, -1.220930322967435], [36.83558906403108, -1.2212302689085182], [36.8359280781761, -1.2217131822815404], [36.83600908187118, -1.2217881684984633], [36.83674111221059, -1.2225370337811894], [36.83710512783469, -1.2228969682296418], [36.83710912791825, -1.2228999679580383], [36.83750814427489, -1.2232928964218894], [36.83790916168978, -1.2237418158385993], [36.83818917357839, -1.2240977516726719], [36.83842418354824, -1.2244876804567577], [36.83863319196675, -1.2248296195739745], [36.83892420517948, -1.2255054975680593], [36.83917021541565, -1.2260244037235208], [36.8392002170526, -1.2260823934875842], [36.839579233106875, -1.2268392571545454], [36.83970623781526, -1.2271242054328702], [36.83982524335279, -1.2273901574256785], [36.84039426742862, -1.228471961745604], [36.840810285262975, -1.2292808167133655], [36.8409942931702, -1.2296377514850125], [36.8410819790216, -1.2297729662706303], [36.841230303153154, -1.2300016866095624], [36.84145711892181, -1.2302848630158612], [36.84163632068939, -1.2305085947948007], [36.84204533726532, -1.2309425165573957], [36.84220234455251, -1.2310934889010765], [36.84234735058622, -1.231225464960684], [36.84233743138147, -1.2312252959789676], [36.84233753538365, -1.2312253889705613], [36.84277636856295, -1.2316193943214067], [36.84297937685255, -1.2319433350602533], [36.84308481607922, -1.2321075872227614], [36.8431943863932, -1.232278274803905], [36.843238388335095, -1.2323882548771532], [36.84334439259778, -1.2326322108552896], [36.84340539495097, -1.2329401550797268], [36.84345639714568, -1.2334050721581131], [36.8434755176074, -1.233624777348772], [36.843487702901704, -1.2337647927245647], [36.843531400957, -1.234266916451303], [36.84360440472326, -1.2351157639160573], [36.84378841303256, -1.2367864622656868], [36.84395442489629, -1.2382132046089154], [36.84398142252467, -1.2384451636917302], [36.84413342909247, -1.2398479112005163], [36.844289436735764, -1.241225662959636], [36.84446244479068, -1.2427993790473117], [36.84455944898403, -1.2434202670483125], [36.8446014959318, -1.2436795866591936], [36.84460169993641, -1.243680846545575], [36.844602346950964, -1.2436848381855272], [36.84461545724648, -1.2437656938927542], [36.84461785430046, -1.2437804745596919], [36.84463578570471, -1.243891069584659], [36.844636439719416, -1.2438951012210067], [36.84463645271971, -1.2438951812137984], [36.84478145884485, -1.244323104593822], [36.844968466840484, -1.2447620249692655], [36.845297480837516, -1.2454279048409556], [36.84549449003142, -1.2458398306462453], [36.845494667035204, -1.2458401976131404], [36.84573750020302, -1.2463427402352627], [36.846107516026656, -1.2469436319515124], [36.84638752791218, -1.2472845701294861], [36.84659653629494, -1.247505530145317], [36.84691254993267, -1.2478754626980428], [36.84709955790321, -1.2482323984626635], [36.84718856184208, -1.2485613397816013], [36.847197562097996, -1.2487882983189627], [36.84717656173733, -1.249024256054562], [36.847146560172675, -1.2492012241106627], [36.84707755780205, -1.2493751924493282], [36.84695755639964, -1.249617152674756], [36.84689855021833, -1.2497361279679349], [36.84674054405578, -1.2500570700850338], [36.846500615232955, -1.2504779952145775], [36.84632052661307, -1.2507939377893316], [36.846204091274, -1.251002711005183], [36.84620384126883, -1.2510024880253445], [36.84606134240608, -1.251257478083055], [36.84605213422105, -1.2512739556004566], [36.84589351003437, -1.2515578000619927], [36.84559749808431, -1.2520767073758008], [36.845404490211415, -1.2524366419885402], [36.84494147091969, -1.2532974875289868], [36.84482489257927, -1.2535108743287786], [36.844817425429376, -1.2535246070930968], [36.84481739642877, -1.2535245950942753], [36.84461045827425, -1.253903379011867], [36.84396243126984, -1.2551071626937738], [36.843622418446195, -1.2557370490158926], [36.843336063683694, -1.256216806855118], [36.84332940654971, -1.256227960851699], [36.843136398731126, -1.2567618647800334], [36.842978392623046, -1.2572567752126824], [36.84274292603369, -1.2581300875555175], [36.84269938118502, -1.2582915890094672], [36.84233136698532, -1.259569359930235], [36.84224808337389, -1.2599156297389367], [36.84212335896061, -1.2604342040267291], [36.84194935149484, -1.2608401304857062], [36.84185434760185, -1.261059091775388], [36.84179234536637, -1.2612020659052292], [36.84166534082899, -1.2614730165179497], [36.841381329162154, -1.2621029038202007], [36.841356327663554, -1.262158893780429], [36.84110431761196, -1.2626428062328934], [36.84090930965375, -1.2628597677343147], [36.84068461706028, -1.2630045377536885], [36.84068385904457, -1.2630042237822983], [36.84052085571209, -1.263109214368455], [36.840441854088944, -1.2631342121398375], [36.84026785051351, -1.263188207326974], [36.84001484530836, -1.263246202178727], [36.83949283454199, -1.2632801992792149], [36.83932483107701, -1.26329119834089], [36.83911082666911, -1.2633241954338637], [36.838969823765844, -1.263349193224828], [36.83896966076281, -1.2633499721547192], [36.83891155057237, -1.2633797024927649], [36.83875722141088, -1.2634586614231706], [36.83854721211477, -1.2635856380420603], [36.83844220796725, -1.263650626216364], [36.838130195587176, -1.263847591557751], [36.83791918627269, -1.2639815675459762], [36.83771917818619, -1.264118543260339], [36.83719815654152, -1.2644774780655574], [36.83687214388047, -1.264700438067844], [36.836414124521845, -1.2650123830895863], [36.836288119947305, -1.2650983673775977], [36.835959106230135, -1.2653403236681813], [36.83572409644756, -1.2655622837318086], [36.83528407849336, -1.2659792092830497], [36.835235076498265, -1.2660321995212391], [36.835030068336344, -1.2662581592146864], [36.83482205910123, -1.2664481251540192], [36.83472105506438, -1.266603097214385], [36.83467505415347, -1.266727075051606], [36.834093029200574, -1.2669310388478614], [36.83409198317892, -1.2669308528650354], [36.83392902280534, -1.2669020435141443], [36.83374101493237, -1.2669300390499518], [36.832668970871765, -1.2671649972079253], [36.831591926719796, -1.2674389488519004], [36.831105905721174, -1.2675549275502844], [36.830127865592736, -1.2677638910221152], [36.8280858135793, -1.268243573425564], [36.827535758262165, -1.2683727829516418], [36.82576468479641, -1.2687047245888503], [36.824771644350704, -1.268893690868621], [36.824575635315824, -1.2689336783259568], [36.82457552831361, -1.26893369232473], [36.8241246180106, -1.2689586832152708], [36.82412451900864, -1.268958692214403], [36.82351531941564, -1.2689155682963342], [36.823107497985376, -1.2688866990288388], [36.82246754875638, -1.2688407043792829], [36.82246748475505, -1.2688407013795737], [36.82121749692524, -1.2687827120055923], [36.82121745892446, -1.2687827130055145], [36.82083070794923, -1.268818224927083], [36.820824734826196, -1.2688193668260428], [36.82031171226303, -1.2689172611637594], [36.820175453471144, -1.268986676948952], [36.82011644026036, -1.26901167871374], [36.82004843986552, -1.269041675031077], [36.81982143020187, -1.269118679161052], [36.8196374264135, -1.2691546759744121], [36.819530424210505, -1.2691756741153666], [36.81895041225722, -1.2692526673587556], [36.81837240032768, -1.2692736656497976], [36.81782038893617, -1.2692986635718644], [36.81700037201321, -1.2693336606779377], [36.81683036850466, -1.269340660101011], [36.81654236256121, -1.269353659020839], [36.81634335846724, -1.2694036545769658], [36.81615235455984, -1.2695216440005619], [36.81588534911713, -1.2697486236224045], [36.81580134740277, -1.2698136177897148], [36.815416339560215, -1.270158586811976], [36.815287336935135, -1.2702825756749], [36.81509893510098, -1.270462911476868], [36.815006331216395, -1.2705515515150467], [36.81495333013791, -1.270602546934517], [36.814852328079084, -1.2706885392141263], [36.814702325171346, -1.2712934847231758], [36.81457932278382, -1.2717794409510248], [36.814535801938035, -1.2719481467551077], [36.814514321520605, -1.2720314182546362], [36.81445932045272, -1.2722473988002811], [36.81445918045, -1.27224796074971], [36.8144303198906, -1.2723643882623688], [36.8143163176177, -1.2726233649504652], [36.8142963172197, -1.2726713606297353], [36.814050312214555, -1.2729103391630252], [36.81387730869522, -1.2730803238930823], [36.81373030569397, -1.273190314023804], [36.81367430455043, -1.2732313103456425], [36.813647303999105, -1.2732513085512753], [36.81364693999164, -1.2732516085243717], [36.81349930098089, -1.273373297600467], [36.81337792850567, -1.2734725916873166], [36.81303729155857, -1.273751263672114], [36.81293444146787, -1.2738570971634806], [36.81293428946476, -1.2738572541493887], [36.81276328598828, -1.2740322384281002], [36.81271628503275, -1.274080234115979], [36.81263228338019, -1.2743412106140302], [36.81263226837992, -1.2743413306033162], [36.81263214437747, -1.2743417165685016], [36.81263151536609, -1.2743470020921712], [36.81263060734976, -1.2743546334044586], [36.812614916065314, -1.2744802730822313], [36.812615689081156, -1.2744799931072024], [36.81259521071244, -1.2746520845985758], [36.8125951427112, -1.2746526605466306], [36.81263114450547, -1.2748136320225245], [36.81262719042311, -1.2748115992069824], [36.812598753932356, -1.2751178026097243], [36.812419237165834, -1.2749301735832357], [36.81198436104156, -1.2744756447010928], [36.8119144105739, -1.2744025333149116], [36.81191619961042, -1.274401009451777], [36.811905640388716, -1.2743893965021513], [36.811905503385745, -1.274388986539122], [36.81190290733127, -1.2743863907740285], [36.81164917901131, -1.2741326907277648], [36.811312752992805, -1.2739084310536657], [36.810527757649695, -1.273491949852648], [36.80995102765817, -1.273235654143314], [36.80970116944601, -1.273070512111516], [36.80900582994081, -1.272610931766771], [36.80826889650942, -1.2719381546557218], [36.80742945083403, -1.270861250009893], [36.80741982063117, -1.2708488951268349], [36.80610906808786, -1.2693450581186203], [36.80602506132257, -1.2692486768342983], [36.80572165294698, -1.2689005743128245], [36.80518219661127, -1.2682816522807578], [36.80492065411535, -1.2679815814155007], [36.80481100080974, -1.2678512541993625], [36.804071578262665, -1.266972414661619], [36.80392341115912, -1.266834366153624], [36.80336668449822, -1.266315656091739], [36.80336504846514, -1.2663180618753132], [36.803249011013655, -1.2661428407080981], [36.80325086905134, -1.266140716899057], [36.80255172036537, -1.26535534192112], [36.80233871087793, -1.265074393315622], [36.80216370321012, -1.2649044236935498], [36.802091700699826, -1.2648304373859856], [36.80193569441735, -1.2646374718308184], [36.801931130321115, -1.2646312213957411], [36.80184456356791, -1.264742509390865], [36.801718684931984, -1.2646274738009158], [36.80157967896088, -1.2643075316869166], [36.801500675264485, -1.2641005683690698], [36.80142967276016, -1.2639795902972908], [36.801182662568024, -1.2636906424232137], [36.800887649370765, -1.2633577025299652], [36.80060563744315, -1.263028762271986], [36.80036862746385, -1.2627598105919213], [36.800232622609805, -1.2626158366135825], [36.799989611511485, -1.2623628824931805], [36.79974260135272, -1.2621809159747177], [36.79969092227491, -1.2621473810140627], [36.7994775908253, -1.262008946560747], [36.799235580788874, -1.2618879685428968], [36.79878156135833, -1.261718999918134], [36.79837554392203, -1.2615590284672036], [36.798263539596746, -1.261521035927411], [36.79789652397755, -1.261398058129188], [36.797601511864215, -1.2613350699005434], [36.79615145184181, -1.2611091107279089], [36.795976408219275, -1.2610871977586255], [36.79500940420703, -1.2609661379770563], [36.79473339249569, -1.2609341429484742], [36.79460166376987, -1.2609186993823078], [36.79442638014272, -1.2608981502900702], [36.79354145485052, -1.260857020277404], [36.793372336354686, -1.2608491600393865], [36.79265230646372, -1.2607931703141486], [36.79241929663529, -1.260744178803958], [36.79241925963464, -1.2607445097741627], [36.7920872827554, -1.260675192127583], [36.79197697646589, -1.2606400513300478], [36.79179227063201, -1.2605812086926378], [36.79148025715624, -1.2604832266235135], [36.790633222589854, -1.2602612668990159], [36.78971718461518, -1.2600952981491156], [36.78872911916965, -1.2599846154383008], [36.78793210967738, -1.2598953347378732], [36.787689099655985, -1.259891335175182], [36.78731408390054, -1.2598643407269152], [36.787260081723026, -1.2596653766786883], [36.78658205370126, -1.259617385218706], [36.786241330652864, -1.2595865981014802], [36.78623903960555, -1.2595863911208431], [36.78568601616527, -1.2595364008015422], [36.78516065429546, -1.259482677810085], [36.78459097050841, -1.2594244212411485], [36.78352592646062, -1.259279448645095], [36.78242288062782, -1.2591354749708878], [36.78198489956337, -1.2590839597526364], [36.78198086247984, -1.2590834847967718], [36.781309834592136, -1.2590044991281426], [36.78027179110818, -1.2588815225406387], [36.78008378321679, -1.2588585266727266], [36.779542761034385, -1.2588425292854264], [36.77908774263862, -1.2588585269870052], [36.778608722771146, -1.2589525106667625], [36.778490717322555, -1.2589185167681531], [36.77816170356008, -1.259031496688198], [36.77814591423502, -1.2590351273658658], [36.777969695603375, -1.2590644907747692], [36.776527635881344, -1.25929545041185], [36.77614142492047, -1.259355147152828], [36.77591961134827, -1.2593894331324893], [36.77588360960595, -1.2593944326931776], [36.77583160753345, -1.259400431168871], [36.77568950960251, -1.2594164487699402], [36.775627599325574, -1.2594234271605154], [36.77549659362693, -1.2594494228586253], [36.77543759141162, -1.2594614207958967], [36.77521958192191, -1.2595084126289948], [36.77515857966558, -1.2595214104766752], [36.77474056205583, -1.2596083947681442], [36.774488551862675, -1.259652386882302], [36.77428154359681, -1.2596883807033337], [36.7731464962175, -1.2599213390635964], [36.77306549254875, -1.259937336647196], [36.77257247239605, -1.2600463169797123], [36.772145454607, -1.2601552982914008], [36.771875444042614, -1.2602022891410596], [36.77120541623918, -1.2603332665468283], [36.770987646754016, -1.2603795944397913], [36.77015737265371, -1.2605562267810049], [36.76939934103939, -1.260712198961739], [36.768548066510625, -1.2609078625943313], [36.76851630485657, -1.2609151629463229], [36.76815328938899, -1.2610221444181817], [36.76788227882144, -1.261126126131202], [36.76768327074175, -1.2612301068217409], [36.767461261189545, -1.2613430867082556], [36.76728125350398, -1.261452066942123], [36.767082245426046, -1.2615620480917742], [36.76691523900748, -1.261666028772029], [36.76674823159583, -1.2617920064696853], [36.76652622306075, -1.261959976399711], [36.76633021506011, -1.2621189481325457], [36.76609620527388, -1.2622769199674426], [36.76589655619278, -1.2624192382025605], [36.76587319571528, -1.2624358907089943], [36.765647186085886, -1.2625668679745505], [36.76540217606647, -1.2627058425254007], [36.765173167368566, -1.2628158226845614], [36.76487415423164, -1.2629497987030909], [36.76461514390815, -1.2630417824939117], [36.76441713582906, -1.2630817759517214], [36.7643311320574, -1.2630997723567834], [36.76411412358819, -1.2631477640996218], [36.76373210772041, -1.2632317486504674], [36.763524098434495, -1.2632717421114539], [36.76327408828166, -1.2633147343153346], [36.76314997572429, -1.2633380862498245], [36.7630030776974, -1.2633657258049675], [36.76274906646561, -1.2634207159287758], [36.76261206063941, -1.2634367125302601], [36.762156326251926, -1.2635327410189032], [36.76192403246702, -1.2635816866806204], [36.76157901835333, -1.2636326781936158], [36.76142791423987, -1.2636616336316042], [36.761339008408, -1.2636786701240452], [36.7610589966335, -1.2637166637881276], [36.76079398616587, -1.2637446583487169], [36.76043997085762, -1.263768654297936], [36.760164960187105, -1.263808647780088], [36.759930950357834, -1.2638296439617207], [36.75983594639547, -1.263832642721488], [36.759806009777876, -1.2638359684312097], [36.759187919026395, -1.2639046304380033], [36.758805903141315, -1.2639346258553015], [36.75869589887152, -1.2639456238988391], [36.75821030185101, -1.263991996872673], [36.75784786337178, -1.2640266098676], [36.75712483345834, -1.2641175938957323], [36.756514808872275, -1.2641835821409921], [36.75588078177579, -1.2642035785393748], [36.755826335650795, -1.2642040695124048], [36.75521475401352, -1.2642095782095788], [36.75509354050974, -1.2642135458903128], [36.75454272613208, -1.2642315744397332], [36.75450564836644, -1.2642334592816524], [36.754370204569454, -1.2642403447038784], [36.75436945155392, -1.2642403837006053]]]}}, {"type": "Feature", "properties": {"county": "NAIROBI", "subcounty": "Dagoretti North Sub County", "ward_count": 5}, "geometry": {"type": "Polygon", "coordinates": [[[36.75159151912786, -1.2927223860957704], [36.75081599603229, -1.2925105404455057], [36.74975297396847, -1.2922165672922759], [36.74967197228634, -1.2921915695720882], [36.74967032925226, -1.2921910716175597], [36.74910796057488, -1.2920205851693358], [36.749096960339315, -1.2919945875167251], [36.74883637093379, -1.2919330851456299], [36.74870295216631, -1.2919015960275981], [36.74863889283687, -1.2918843875997073], [36.748434946604156, -1.291829602604788], [36.74826235202235, -1.291783468819618], [36.748232942411974, -1.291775607537906], [36.74811480095995, -1.291743413478501], [36.748114757959016, -1.291743319486981], [36.7477665097311, -1.291648205174451], [36.74761506858736, -1.2916051951007979], [36.74755199427794, -1.2915872817361571], [36.74741109234623, -1.291525861318893], [36.74738092471849, -1.2915126315213146], [36.747366714422235, -1.2915046822426075], [36.74733526976678, -1.2914870928385531], [36.747238003738985, -1.2914324267981798], [36.74689999969246, -1.291242460033344], [36.74682683716473, -1.291193640458215], [36.746795636513205, -1.2911727133548727], [36.74673891132866, -1.291134665803313], [36.746638664235554, -1.2910680918374717], [36.74660490853069, -1.2910456738694094], [36.74654796934171, -1.291007587321335], [36.746275904660614, -1.2908256058152128], [36.74616989944707, -1.2907547002416997], [36.745671889039876, -1.2903967326737495], [36.745662848850976, -1.2903904052471027], [36.74565188862197, -1.290382733942206], [36.745161694382276, -1.2900434676856514], [36.74510107511605, -1.2900015404850733], [36.74503800579861, -1.2899579184379353], [36.74502158145541, -1.2899462894916096], [36.744872116332424, -1.2898404610802998], [36.744725136261394, -1.2897363915097575], [36.74443644822947, -1.2895319850302025], [36.74443639822846, -1.2895320530240943], [36.74436449072587, -1.2894810166482789], [36.74427685989496, -1.289418821283394], [36.74424092914446, -1.2893942995056424], [36.74424088314353, -1.2893944014964713], [36.7440759476987, -1.289281852695981], [36.74404732310078, -1.2892623194662078], [36.7439501140705, -1.289196015474802], [36.74383173259795, -1.2891152697921842], [36.743709934054095, -1.2890321943207628], [36.74359476064719, -1.288949397821978], [36.743511866914965, -1.2888898102204671], [36.74319446728193, -1.2886616478915762], [36.743171281797395, -1.2886448344147172], [36.74313685407785, -1.2886198686765284], [36.743098856283666, -1.28859231317283], [36.7427898088246, -1.2883681994761502], [36.74214139327843, -1.2879159264570872], [36.74195263633689, -1.28778970389664], [36.74186827357517, -1.2877332910093966], [36.7418618104402, -1.2877289724007925], [36.74186166343713, -1.2877288724098463], [36.74152980250502, -1.287499995149636], [36.74147525036557, -1.2874628165188269], [36.741328798306775, -1.287363007563589], [36.74101523875798, -1.2871502298460282], [36.74093979018219, -1.2870990314856827], [36.740768090591224, -1.2869669384489324], [36.740514781293555, -1.2867720610981441], [36.740514886295614, -1.2867719141114375], [36.74038994768262, -1.286675682826596], [36.73982079479694, -1.28629370144433], [36.73939383788075, -1.286007103417608], [36.738993116501014, -1.2857023630177897], [36.73845029314681, -1.285280279241535], [36.73838908686512, -1.2852281689586895], [36.73816260412261, -1.2850357793746625], [36.73793325932019, -1.28484095801061], [36.737866544908016, -1.2847364244553046], [36.73779176732525, -1.2846193220355373], [36.737537259938115, -1.2842207220491213], [36.737356164036534, -1.2837211481410606], [36.737322061290236, -1.2835904349350635], [36.737320068246504, -1.28358266063649], [36.737201001641004, -1.283126793768288], [36.73702462779048, -1.282479551169617], [36.73688612776687, -1.2819714290177988], [36.73687556953643, -1.2819328295006598], [36.73682662246779, -1.2817528497401751], [36.73678113546383, -1.2815514369106762], [36.73670599480544, -1.281218715927049], [36.73660438762027, -1.2809500441782646], [36.736589168292944, -1.2809098008108104], [36.736578084054536, -1.2808805094547213], [36.736576118012266, -1.2808752969252324], [36.73655955765603, -1.2808313978876984], [36.736559463654004, -1.2808311479102412], [36.73654740939949, -1.2808140444558518], [36.736524696919744, -1.2807816023875058], [36.736347248171974, -1.2805292251941327], [36.736292692019745, -1.2804516322060486], [36.73617633551522, -1.2801372165852538], [36.73617175941676, -1.280124793706485], [36.73617170641563, -1.280124706714337], [36.73617168541518, -1.2801246637182158], [36.73600793894606, -1.2798577708287897], [36.73591095383447, -1.2795191633823346], [36.73587132097144, -1.27938046289759], [36.735831682108305, -1.2792417414147228], [36.735831177092, -1.2792233030769133], [36.735830120052945, -1.2791687739925568], [36.735822953764895, -1.2787251169863665], [36.73583553697454, -1.278565164400506], [36.73585031622067, -1.2783769283632795], [36.73586472646072, -1.2781933969022894], [36.735878378688085, -1.278019517571389], [36.73585028298285, -1.277624644174077], [36.73580408596779, -1.2774338653855841], [36.73580061689155, -1.277419538678153], [36.73566924709937, -1.2771761526588425], [36.736606912598525, -1.2775465469717966], [36.736721699985566, -1.2775918898478138], [36.737266711319435, -1.2778078702050142], [36.738388596618194, -1.2781526947633377], [36.73856473827619, -1.2782068338268706], [36.739866765315874, -1.278607797266786], [36.74054257520866, -1.2783662218263299], [36.741066789984956, -1.2781788355497978], [36.742666822876984, -1.2776078865038325], [36.7431613840046, -1.277307650409289], [36.74316138000437, -1.277307185451164], [36.74317628830963, -1.2772980382709753], [36.74318726053431, -1.2772913068742173], [36.74318726253456, -1.277291939817126], [36.74361884237243, -1.2770299382962849], [36.744311249551416, -1.2766097879476337], [36.74463886326026, -1.2764109937623802], [36.74503925345929, -1.2761677875572646], [36.74546688021598, -1.2759080388345723], [36.74570431810749, -1.2758568323745183], [36.74599631412273, -1.2757938599575425], [36.74632837196337, -1.2757222473066958], [36.74648690122913, -1.2756880583378816], [36.7466383733495, -1.2756552172497593], [36.74687890930457, -1.2756030658739206], [36.74695640490098, -1.2755864203496488], [36.746991400621965, -1.2755789040159087], [36.74717280535884, -1.2755393335249767], [36.7472864326995, -1.275514546722975], [36.747838455071374, -1.2753955682714808], [36.748231427166544, -1.2753106587996843], [36.74893050056743, -1.2751596101921097], [36.74898506669146, -1.2751478202374436], [36.74916651042918, -1.275108618713118], [36.74923751289162, -1.2750926221324004], [36.74923750589135, -1.2750922431666205], [36.749781338092596, -1.2749699390175893], [36.74981196969959, -1.2748871294723476], [36.749915925864805, -1.2749399826749193], [36.74992997215737, -1.274947124026672], [36.75007697521371, -1.275005118752008], [36.75027997942189, -1.2750451150818727], [36.75045598304276, -1.2749921198026994], [36.750638986798606, -1.274908127315437], [36.750789989896774, -1.2748361337568996], [36.75090699229225, -1.274764140209131], [36.751037994987456, -1.2747251436824727], [36.75119499823231, -1.2747251436323457], [36.75136500175583, -1.2747571406937834], [36.7514630037794, -1.2747511412033299], [36.75154100539144, -1.2747511411784256], [36.751585006308666, -1.2747761389109775], [36.751699008690274, -1.2748571315738049], [36.75177001016302, -1.2748741300188478], [36.75186263008091, -1.2748860799120982], [36.75186262208093, -1.2748866568600523], [36.751907086987465, -1.2748470664146139], [36.75203901567727, -1.2747301429121713], [36.752074732405966, -1.2747000196161247], [36.752154018023525, -1.2746331516184615], [36.752234019656754, -1.2745691573614082], [36.75226079320369, -1.274548564209143], [36.75238964383548, -1.2744497350766124], [36.752397854004364, -1.2744470243183847], [36.75247402457202, -1.2744261701739443], [36.75254493202924, -1.2744002944837733], [36.75259804612088, -1.27438091221396], [36.75261065238008, -1.274376748585174], [36.75262551268561, -1.2743714620569724], [36.752737029978825, -1.2743351782920658], [36.75274797920376, -1.274330844679206], [36.752821803720366, -1.2743016262895006], [36.75283266194356, -1.2742977626342569], [36.7530566715687, -1.2742837648245322], [36.75310038947472, -1.2742918070856786], [36.753181676159414, -1.2743067607117806], [36.753323682105155, -1.274341754512014], [36.75353369144101, -1.2743277567067566], [36.75363269544301, -1.2741877822927405], [36.75363312545176, -1.2741875183163764], [36.753985709670715, -1.2739718206471922], [36.75402670751427, -1.2739599137074105], [36.754195717991735, -1.2739108310778864], [36.75446872956725, -1.2736988690973163], [36.754640736097194, -1.2736198831623862], [36.75467334377258, -1.273624859703357], [36.754830744033086, -1.2736488784880795], [36.755075755143935, -1.2737998508009707], [36.75529376365503, -1.273817847109162], [36.75529443566898, -1.2738178471089476], [36.755445769796374, -1.2738178470606596], [36.755678779607095, -1.2738028503381396], [36.75589678907857, -1.2736948690022536], [36.755953172237014, -1.2736734579143036], [36.756362807653716, -1.273517900805825], [36.75636344266675, -1.2735177318208415], [36.75636310465967, -1.2735172508642643], [36.756505879598244, -1.2734793152383614], [36.756506107603045, -1.2734792542436928], [36.75675711279844, -1.2735052518202483], [36.75686980212883, -1.2735102373348597], [36.7568698291296, -1.273510902274878], [36.75700716796964, -1.2735170046809496], [36.75709483878271, -1.2735209003018746], [36.75717982453894, -1.2735209002747625], [36.75738518878346, -1.273522475067239], [36.7575668515381, -1.2735238678837528], [36.75774686525881, -1.273525898643252], [36.75794187328497, -1.2735139006625429], [36.757942282293456, -1.273513873664844], [36.75817824416488, -1.2734985029751695], [36.75829488857306, -1.2734909046228806], [36.758631901471915, -1.2732819423516513], [36.75884191073954, -1.2730519830137843], [36.75896691522508, -1.2727410390030078], [36.75896691722509, -1.2727409190138133], [36.75896991523219, -1.2725660707741182], [36.75897256327921, -1.2725416539741843], [36.75898791655206, -1.2724001007291705], [36.75899361463934, -1.2723032464579473], [36.75899587967407, -1.2722647469276513], [36.758998916720614, -1.2722131345790992], [36.75896841507472, -1.2721633990721206], [36.75891491294171, -1.2720761589531107], [36.75890591272524, -1.2719791766980755], [36.758834051211075, -1.2718863760862038], [36.758647151336795, -1.271848400568891], [36.758521148708475, -1.2717704076394523], [36.75852086970263, -1.2717702406545799], [36.758506148395675, -1.2717614084553954], [36.75850613239532, -1.2717613574599929], [36.75850589539036, -1.2717612154728557], [36.75842789270092, -1.271514260758568], [36.75842789259019, -1.2711613235725787], [36.758602899144286, -1.2709623594515926], [36.758973914769484, -1.270828383410171], [36.759466704882556, -1.2706036765085789], [36.75967994325872, -1.2705064412055909], [36.76007296031485, -1.2702974789164323], [36.76035897219962, -1.270215493215615], [36.76049303695806, -1.2701769426480194], [36.76056623046392, -1.2701558965217838], [36.76058498084975, -1.27015050500181], [36.76072198666933, -1.2701135112928954], [36.760722135672346, -1.270113572287266], [36.76072219367364, -1.2701135562886887], [36.76072219067349, -1.2701135952851774], [36.76079699022897, -1.2701445054750904], [36.76086299260664, -1.2701884974887019], [36.76092199484345, -1.2702444874228735], [36.76095699659314, -1.2703284728412405], [36.76100948571164, -1.270436397096103], [36.761009998722535, -1.2704374530008469], [36.761121004007066, -1.270407457669326], [36.761528856401135, -1.270298806333427], [36.76152947741376, -1.2702979224128343], [36.76175902813806, -1.2702367928501475], [36.762208031379046, -1.2701172234853204], [36.7627030485669, -1.269985400210499], [36.763367096233594, -1.269808564939263], [36.76562903993242, -1.2696755372109902], [36.76676723743051, -1.2696085988827746], [36.76779527968911, -1.2696595889593933], [36.76854231112188, -1.2696495896229558], [36.768542482125426, -1.2696495866232602], [36.76859738822999, -1.269553966225135], [36.76846030741997, -1.2696255948120507], [36.76669223383252, -1.269454625786002], [36.764729152096265, -1.2689057258889112], [36.76441813961343, -1.268726759119922], [36.76432713571668, -1.2686747678354273], [36.76399812181467, -1.268344827680914], [36.76365610764834, -1.2680288852687378], [36.7634981003144, -1.2678089251461193], [36.76320508819864, -1.2676139598132463], [36.76291207615128, -1.2676379557433626], [36.76265104775971, -1.267645692128847], [36.76238505425196, -1.267609961434138], [36.76226404873771, -1.2675659694379802], [36.76191003438123, -1.2674349933564864], [36.76148601657122, -1.2672820212798364], [36.76132301018423, -1.2672230316489437], [36.76105095553121, -1.2671234497114419], [36.76095699457882, -1.267089055841486], [36.76090499249948, -1.2670740592097731], [36.7605131503662, -1.266958882716065], [36.760404972120696, -1.2669270856164885], [36.76017796240459, -1.266847099898278], [36.76008949156649, -1.2668156707593903], [36.75998095431159, -1.2667771132693488], [36.75944393115112, -1.2665761495542327], [36.758918909247676, -1.2664041802217403], [36.75866987407445, -1.2663182850431338], [36.75855030459068, -1.2662770447984126], [36.75830088340944, -1.266191219613513], [36.757892970935785, -1.2660505524222545], [36.75720783870336, -1.265814287935795], [36.75700282944453, -1.2657433003993814], [36.75679080604352, -1.2656813600497354], [36.75658272572439, -1.2656205705950099], [36.756540810854354, -1.2656083257120636], [36.75627279929166, -1.265531339736216], [36.756164250038566, -1.2654999446005404], [36.75599278747966, -1.2654503541247832], [36.755725731932635, -1.2653604563124228], [36.755642701207954, -1.2653325068580834], [36.755398763141045, -1.2652503903370194], [36.75510274999645, -1.2651634062712263], [36.75478673743045, -1.265050426554959], [36.754619729967104, -1.2650124340323297], [36.75442572193741, -1.2649474459514989], [36.75437071979445, -1.264927449771327], [36.75431571765064, -1.2649044538615546], [36.75427171573784, -1.264893455866696], [36.75422571377553, -1.2648564622157588], [36.75422171368509, -1.2648314664700913], [36.75422171366637, -1.2647714778771073], [36.7542237136924, -1.2647224862923783], [36.75423771395802, -1.2646465001369969], [36.75425571529851, -1.2645455182333156], [36.754263715435194, -1.2644535345216887], [36.75428571585644, -1.2643465541574375], [36.75430671725837, -1.264243572433054], [36.75436945155392, -1.2642403837006053], [36.754370204569454, -1.2642403447038784], [36.75450564836644, -1.2642334592816524], [36.75454272613208, -1.2642315744397332], [36.75509354050974, -1.2642135458903128], [36.75521475401352, -1.2642095782095788], [36.755826335650795, -1.2642040695124048], [36.75588078177579, -1.2642035785393748], [36.756514808872275, -1.2641835821409921], [36.75712483345834, -1.2641175938957323], [36.75784786337178, -1.2640266098676], [36.75821030185101, -1.263991996872673], [36.75869589887152, -1.2639456238988391], [36.758805903141315, -1.2639346258553015], [36.759187919026395, -1.2639046304380033], [36.759806009777876, -1.2638359684312097], [36.75983594639547, -1.263832642721488], [36.759930950357834, -1.2638296439617207], [36.760164960187105, -1.263808647780088], [36.76043997085762, -1.263768654297936], [36.76079398616587, -1.2637446583487169], [36.7610589966335, -1.2637166637881276], [36.761339008408, -1.2636786701240452], [36.76142791423987, -1.2636616336316042], [36.76157901835333, -1.2636326781936158], [36.76192403246702, -1.2635816866806204], [36.762156326251926, -1.2635327410189032], [36.76261206063941, -1.2634367125302601], [36.76274906646561, -1.2634207159287758], [36.7630030776974, -1.2633657258049675], [36.76314997572429, -1.2633380862498245], [36.76327408828166, -1.2633147343153346], [36.763524098434495, -1.2632717421114539], [36.76373210772041, -1.2632317486504674], [36.76411412358819, -1.2631477640996218], [36.7643311320574, -1.2630997723567834], [36.76441713582906, -1.2630817759517214], [36.76461514390815, -1.2630417824939117], [36.76487415423164, -1.2629497987030909], [36.765173167368566, -1.2628158226845614], [36.76540217606647, -1.2627058425254007], [36.765647186085886, -1.2625668679745505], [36.76587319571528, -1.2624358907089943], [36.76589655619278, -1.2624192382025605], [36.76609620527388, -1.2622769199674426], [36.76633021506011, -1.2621189481325457], [36.76652622306075, -1.261959976399711], [36.76674823159583, -1.2617920064696853], [36.76691523900748, -1.261666028772029], [36.767082245426046, -1.2615620480917742], [36.76728125350398, -1.261452066942123], [36.767461261189545, -1.2613430867082556], [36.76768327074175, -1.2612301068217409], [36.76788227882144, -1.261126126131202], [36.76815328938899, -1.2610221444181817], [36.76851630485657, -1.2609151629463229], [36.768548066510625, -1.2609078625943313], [36.76939934103939, -1.260712198961739], [36.77015737265371, -1.2605562267810049], [36.770987646754016, -1.2603795944397913], [36.77120541623918, -1.2603332665468283], [36.771875444042614, -1.2602022891410596], [36.772145454607, -1.2601552982914008], [36.77257247239605, -1.2600463169797123], [36.77306549254875, -1.259937336647196], [36.7731464962175, -1.2599213390635964], [36.77428154359681, -1.2596883807033337], [36.774488551862675, -1.259652386882302], [36.77474056205583, -1.2596083947681442], [36.77515857966558, -1.2595214104766752], [36.77521958192191, -1.2595084126289948], [36.77543759141162, -1.2594614207958967], [36.77549659362693, -1.2594494228586253], [36.775627599325574, -1.2594234271605154], [36.77568950960251, -1.2594164487699402], [36.77583160753345, -1.259400431168871], [36.77588360960595, -1.2593944326931776], [36.77591961134827, -1.2593894331324893], [36.77614142492047, -1.259355147152828], [36.776527635881344, -1.25929545041185], [36.777969695603375, -1.2590644907747692], [36.77814591423502, -1.2590351273658658], [36.77816170356008, -1.259031496688198], [36.778490717322555, -1.2589185167681531], [36.778608722771146, -1.2589525106667625], [36.77908774263862, -1.2588585269870052], [36.779542761034385, -1.2588425292854264], [36.78008378321679, -1.2588585266727266], [36.78027179110818, -1.2588815225406387], [36.781309834592136, -1.2590044991281426], [36.78198086247984, -1.2590834847967718], [36.78198489956337, -1.2590839597526364], [36.78242288062782, -1.2591354749708878], [36.78352592646062, -1.259279448645095], [36.78459097050841, -1.2594244212411485], [36.78516065429546, -1.259482677810085], [36.78568601616527, -1.2595364008015422], [36.78623903960555, -1.2595863911208431], [36.786241330652864, -1.2595865981014802], [36.78658205370126, -1.259617385218706], [36.787260081723026, -1.2596653766786883], [36.78731408390054, -1.2598643407269152], [36.787689099655985, -1.259891335175182], [36.78793210967738, -1.2598953347378732], [36.78872911916965, -1.2599846154383008], [36.78971718461518, -1.2600952981491156], [36.790633222589854, -1.2602612668990159], [36.79148025715624, -1.2604832266235135], [36.79179227063201, -1.2605812086926378], [36.79197697646589, -1.2606400513300478], [36.7920872827554, -1.260675192127583], [36.79241925963464, -1.2607445097741627], [36.79241929663529, -1.260744178803958], [36.79265230646372, -1.2607931703141486], [36.793372336354686, -1.2608491600393865], [36.79354145485052, -1.260857020277404], [36.79442638014272, -1.2608981502900702], [36.79460166376987, -1.2609186993823078], [36.79473339249569, -1.2609341429484742], [36.79500940420703, -1.2609661379770563], [36.795976408219275, -1.2610871977586255], [36.79615145184181, -1.2611091107279089], [36.797601511864215, -1.2613350699005434], [36.79789652397755, -1.261398058129188], [36.798263539596746, -1.261521035927411], [36.79837554392203, -1.2615590284672036], [36.79878156135833, -1.261718999918134], [36.799235580788874, -1.2618879685428968], [36.7994775908253, -1.262008946560747], [36.79969092227491, -1.2621473810140627], [36.79974260135272, -1.2621809159747177], [36.799989611511485, -1.2623628824931805], [36.800232622609805, -1.2626158366135825], [36.80036862746385, -1.2627598105919213], [36.80060563744315, -1.263028762271986], [36.800887649370765, -1.2633577025299652], [36.801182662568024, -1.2636906424232137], [36.80142967276016, -1.2639795902972908], [36.801500675264485, -1.2641005683690698], [36.80157967896088, -1.2643075316869166], [36.801718684931984, -1.2646274738009158], [36.80184456356791, -1.264742509390865], [36.801931130321115, -1.2646312213957411], [36.80193569441735, -1.2646374718308184], [36.802091700699826, -1.2648304373859856], [36.80216370321012, -1.2649044236935498], [36.80233871087793, -1.265074393315622], [36.80255172036537, -1.26535534192112], [36.80325086905134, -1.266140716899057], [36.803249011013655, -1.2661428407080981], [36.80336504846514, -1.2663180618753132], [36.80336668449822, -1.266315656091739], [36.80392341115912, -1.266834366153624], [36.804071578262665, -1.266972414661619], [36.80481100080974, -1.2678512541993625], [36.80492065411535, -1.2679815814155007], [36.80518219661127, -1.2682816522807578], [36.80572165294698, -1.2689005743128245], [36.80602506132257, -1.2692486768342983], [36.80610906808786, -1.2693450581186203], [36.80741982063117, -1.2708488951268349], [36.80742945083403, -1.270861250009893], [36.80826889650942, -1.2719381546557218], [36.80900582994081, -1.272610931766771], [36.80970116944601, -1.273070512111516], [36.80995102765817, -1.273235654143314], [36.810527757649695, -1.273491949852648], [36.811312752992805, -1.2739084310536657], [36.81164917901131, -1.2741326907277648], [36.81190290733127, -1.2743863907740285], [36.811905503385745, -1.274388986539122], [36.811905640388716, -1.2743893965021513], [36.81191619961042, -1.274401009451777], [36.8119144105739, -1.2744025333149116], [36.81198436104156, -1.2744756447010928], [36.812419237165834, -1.2749301735832357], [36.812598753932356, -1.2751178026097243], [36.81260079597519, -1.2751199364166919], [36.81260694612762, -1.275200657137194], [36.812684268755184, -1.275298072329754], [36.81283227187444, -1.2754970543427453], [36.813009275612785, -1.2757600305768129], [36.81317627914186, -1.2760140076253244], [36.81333128243655, -1.2763109808011681], [36.813499286017105, -1.2766629490146122], [36.81364128905985, -1.2770119175065633], [36.81371029055138, -1.2772228984627287], [36.81378329215125, -1.277514872115304], [36.8138562937621, -1.2778418426124858], [36.81389529463955, -1.2780698220455373], [36.81393329552757, -1.2783967925537998], [36.81394770285572, -1.2784935678239624], [36.813972296415805, -1.2786587689215665], [36.81402829769179, -1.279036734826204], [36.81407129869143, -1.279389702988686], [36.81411429966506, -1.279660678543634], [36.81422530205869, -1.2799806496590886], [36.814423306305585, -1.280479604609274], [36.81457830964562, -1.2809185649821848], [36.814657912343925, -1.2810903404690457], [36.8147933142327, -1.2813825230818228], [36.8149993186162, -1.2817904862327758], [36.81526332425227, -1.2823714337681047], [36.8171605306458, -1.2861962982906567], [36.817308369793544, -1.2864943493688552], [36.81735236873037, -1.286583053356616], [36.817840379140875, -1.2876289588932606], [36.819208408249416, -1.2903217156501923], [36.819687418427236, -1.2912186346201664], [36.8197534198349, -1.291358621976165], [36.82037184105807, -1.2927760449658758], [36.82035943280137, -1.2927744941097037], [36.82029543148296, -1.2927844932288617], [36.82020642965017, -1.2928004918151148], [36.81770837821556, -1.2932744498883921], [36.8167523585452, -1.2935004298218142], [36.8152493275984, -1.2937904041625023], [36.814853319471396, -1.293950389865062], [36.81464581923218, -1.2940942539600342], [36.8146413271404, -1.294097386679095], [36.81464127913942, -1.2940974286753275], [36.81464024011819, -1.2940981566099976], [36.81449923427213, -1.2943041190840026], [36.81442091269011, -1.2944149351170948], [36.81432822681791, -1.294546075322196], [36.81419963319757, -1.2946564704095314], [36.81395330117781, -1.2948673074782167], [36.81320428578477, -1.295103286443106], [36.81297781512739, -1.2951648059693583], [36.81285816666675, -1.2951969591089545], [36.8127021604583, -1.2952389513731781], [36.81261263361577, -1.2952587306187957], [36.81241796160911, -1.295301738803887], [36.81190125897435, -1.2954152587356802], [36.81161525307188, -1.2954282576564258], [36.81099424025544, -1.2954562553337732], [36.81059523202059, -1.2954742538404893], [36.80996000588768, -1.2954311929297353], [36.80965103349974, -1.295409922948078], [36.80957702998641, -1.295456914734846], [36.809341021164, -1.2956188852066157], [36.809122188692214, -1.2957679978322014], [36.80900500729762, -1.2958478446705082], [36.80873661881488, -1.2960358918014003], [36.80863419172224, -1.2961071974050813], [36.80849818894381, -1.2962021888839186], [36.808497825936364, -1.2962024438609772], [36.80837125235065, -1.296291210898028], [36.80820997405577, -1.2964037448032162], [36.80808996960421, -1.2964877302692472], [36.80746694386132, -1.2968766604018485], [36.807347938419795, -1.296927650842676], [36.807253935491076, -1.2969676442669569], [36.8066819117181, -1.2970966208232637], [36.806162890040426, -1.2972275981818326], [36.805946851595806, -1.2972819503511306], [36.805705870638015, -1.2973425769628544], [36.80504784409535, -1.2974925506537642], [36.80483883479355, -1.29753954248449], [36.80420380872469, -1.297686516438459], [36.80355374834212, -1.297823602288946], [36.80341808454916, -1.2978520417687536], [36.80340222422309, -1.2978567473495577], [36.80323576880067, -1.2979054770098097], [36.80292413036845, -1.297919406855199], [36.80287317931676, -1.2979216836664953], [36.802810751028304, -1.297924474435139], [36.80274976776947, -1.2979270282247493], [36.802619743085586, -1.297932472776147], [36.80198871707342, -1.297999460941189], [36.8018797128281, -1.2980184582637477], [36.801771699603314, -1.2980377105629255], [36.80126268711878, -1.2981284385476561], [36.80087767119796, -1.2982274207478084], [36.80076566689386, -1.2982564161697623], [36.8001723376767, -1.2983753256408834], [36.79988762981435, -1.2984323845886103], [36.799872150495496, -1.2984352273372897], [36.799839010813066, -1.2984419897383428], [36.79928999950835, -1.2985519799992826], [36.799235998396526, -1.2985629790251112], [36.79868098697127, -1.2986839682962699], [36.79838698091924, -1.2987489625315656], [36.797940947737274, -1.2988460199252514], [36.797830969473225, -1.2988699518030828], [36.797603964800246, -1.2989199473689974], [36.79719795644463, -1.299015938845693], [36.79603493250894, -1.2992899145203654], [36.79585092871223, -1.299302913408225], [36.795833033342845, -1.2993036593467684], [36.79582646220736, -1.2993042302974742], [36.795708993783485, -1.299312417597471], [36.79541091963327, -1.2993339107565702], [36.7953829300557, -1.2993357995953532], [36.794940430924775, -1.2993656580472912], [36.794758418169096, -1.2993782179740514], [36.79429239854782, -1.2993942146834798], [36.79429191353775, -1.299394231682106], [36.7937693767496, -1.2994122122310565], [36.793384360800665, -1.2994252101845067], [36.79325435511632, -1.2994292088662867], [36.793240354827525, -1.2994302087806813], [36.792760334922534, -1.299464202871943], [36.79275970590959, -1.2994642308695366], [36.79275986491279, -1.2994638998993895], [36.792758842891686, -1.299463945895579], [36.79175684420765, -1.299508896168956], [36.791708843216014, -1.2995088961845958], [36.791650842017944, -1.2995088962034937], [36.7914828385506, -1.299518895356655], [36.79114683160826, -1.2995148958267078], [36.79084582539187, -1.2995198954740361], [36.79066624668473, -1.2995278758129265], [36.79066582167593, -1.299527894811442], [36.790057809124185, -1.2995538926653076], [36.788250771819484, -1.2996318862215708], [36.78812012912258, -1.2996378697246722], [36.78811976911512, -1.299637885723348], [36.78747075571948, -1.2996748825988593], [36.78747076571978, -1.2996751885712927], [36.786109734627466, -1.2997519920895744], [36.78571704252204, -1.2997741522194766], [36.784862007872064, -1.2998181445314387], [36.78466799986791, -1.2998301425128531], [36.78413597789436, -1.2998851327278558], [36.78403797387382, -1.299898130587915], [36.783945969975676, -1.299906129896576], [36.78380296402743, -1.2999251262303126], [36.78369695883938, -1.2999311247240448], [36.78365595799232, -1.2999311247374048], [36.783561954050846, -1.2999331245877068], [36.783436948468264, -1.2999331246284407], [36.78332094407272, -1.2999361243957468], [36.7832289401719, -1.2999361244257266], [36.78308793425885, -1.2999361244716736], [36.78299293029615, -1.2999361245026309], [36.78294992840775, -1.2999361245166428], [36.7828909261888, -1.2999361245358687], [36.7828069224533, -1.2999361245632413], [36.782752920335355, -1.2999291262118993], [36.78270291830236, -1.2999291262281925], [36.782636914936795, -1.299923126790597], [36.78263586291503, -1.2999230218003979], [36.78242865164754, -1.2999648580956877], [36.78232464950018, -1.2999688577689188], [36.78217771646717, -1.2999768530959315], [36.78217764646571, -1.2999768570955943], [36.782139645681546, -1.2999798568374832], [36.781956641905595, -1.2999948555447387], [36.78180963887047, -1.3000008550517437], [36.781611634784284, -1.300014853853964], [36.781509632677796, -1.3000178536167983], [36.78134762933339, -1.3000258529483635], [36.78121462658782, -1.3000328523605538], [36.78102162260142, -1.300035852152953], [36.78098162177626, -1.3000398518053309], [36.780705616081015, -1.300061849911837], [36.7806076140569, -1.3000638497634442], [36.78055061288084, -1.300068849331287], [36.78045961100202, -1.3000728490002855], [36.780350608753274, -1.3000828481341646], [36.78027160712166, -1.3000848479795803], [36.7801876053901, -1.3000968469250747], [36.780096603510955, -1.300099846684237], [36.78000660165215, -1.300101846533327], [36.779951600515695, -1.3001018465512502], [36.77991060867081, -1.3001079100178594], [36.77951423048759, -1.3001269534299478], [36.77951426548877, -1.3001283793014005], [36.77901890725743, -1.300137843609463], [36.77899758081691, -1.3001378436164128], [36.77894857980448, -1.3001378436323805], [36.778773576190076, -1.3001418433287537], [36.77863757338213, -1.300147842832179], [36.77845856968767, -1.300159841808636], [36.77834856741619, -1.300163841483828], [36.77827256584533, -1.3001618416889216], [36.777825427617714, -1.3001947748651768], [36.777824556599754, -1.3001948388596956], [36.777714554329535, -1.3002028381743236], [36.777664553294265, -1.3001958388216734], [36.777496549825365, -1.3002028382453652], [36.77730554588194, -1.3002118374961382], [36.77682653599054, -1.3002288361195462], [36.77682353592858, -1.300228836120524], [36.77665953254203, -1.3002348356330777], [36.77642652773182, -1.3002468346270497], [36.77624052389313, -1.3002608334254688], [36.77595751804783, -1.300266832976803], [36.775678512287065, -1.300278831985857], [36.77552050902504, -1.3002868313160425], [36.77519450229444, -1.3003028299797625], [36.77490249626798, -1.3003238281816785], [36.77483249482322, -1.3003288277536762], [36.77475049313212, -1.3003388268788605], [36.77446448722506, -1.3003458263409249], [36.77431157006709, -1.3003508229403034], [36.77431148406541, -1.3003508259400616], [36.774122480161765, -1.3003558255508412], [36.77393447628088, -1.3003668246204079], [36.77373147208804, -1.3003718242357505], [36.77343746601942, -1.300390822618563], [36.77281145309981, -1.3004378185852938], [36.771008415864515, -1.3004988136733515], [36.770895413530944, -1.3005028133495302], [36.77071140972892, -1.3005028134094954], [36.77056640673213, -1.3005008136370741], [36.77052940596732, -1.3004998137392942], [36.77024740013897, -1.3004958141918437], [36.76991039317228, -1.3004858152031966], [36.769585386452, -1.3004708166614456], [36.769306380681066, -1.300452818375184], [36.769257379667316, -1.300448818751709], [36.76913237708059, -1.3004368198743803], [36.76890337233899, -1.3004068226536685], [36.76886634357141, -1.3003990383674822], [36.76886537155118, -1.3003988233872534], [36.76869736806947, -1.3003668263269812], [36.76850136400566, -1.3003238302675149], [36.76815835689455, -1.3002508369605932], [36.76811435598246, -1.3002418377862899], [36.76787735107041, -1.3001958420106465], [36.76785230955139, -1.300190950459793], [36.76782066289549, -1.3001846960340375], [36.767792299307565, -1.3001790905486668], [36.76770408947936, -1.3001619991184277], [36.76766234661421, -1.300153845867185], [36.76763334601271, -1.3001468465077588], [36.767487342987444, -1.3001208488993274], [36.76741843855949, -1.3001079560842286], [36.767318279483874, -1.3000891068163134], [36.76729282495625, -1.300083886295404], [36.7672102142437, -1.3000669448497362], [36.767161336230515, -1.3000568547753732], [36.76709279980968, -1.3000423971012913], [36.766990981698854, -1.3000208300789942], [36.76692626335712, -1.3000071223360241], [36.7669079119767, -1.300003365680668], [36.766306842515476, -1.299875452409435], [36.76628723610893, -1.2998711468040238], [36.76624094314913, -1.299861139721425], [36.766203458371955, -1.299853036464195], [36.76602831274053, -1.299814876961833], [36.765744306847864, -1.2997398838158962], [36.765453300812425, -1.2996708901312637], [36.76515429461424, -1.2996098957280318], [36.764544281975525, -1.299505905302652], [36.7643937008532, -1.2994726443505487], [36.76423211850282, -1.299436953621073], [36.76404753267542, -1.299396182357176], [36.76403727146261, -1.299393915564884], [36.764003270758124, -1.2993879161168214], [36.763842267421474, -1.2993579188739306], [36.76352526084931, -1.29929092501736], [36.763290255979946, -1.2992499287901218], [36.763161253306784, -1.2992269309056854], [36.76275524488601, -1.2991309396924873], [36.7619922290643, -1.298961725197397], [36.76191662750044, -1.298956955651989], [36.7618514661487, -1.2989406671417638], [36.761853035181524, -1.298941797039385], [36.761852154163265, -1.2989415840588572], [36.76185122614381, -1.2989409571157218], [36.76128021429818, -1.2987979701933097], [36.76128008229534, -1.2987979371963256], [36.761063209796134, -1.298742975222361], [36.76062420069228, -1.2986439842902353], [36.76048419778881, -1.2986119872206645], [36.76029919395227, -1.2985699910672215], [36.76014619077916, -1.2985349942722573], [36.76002618829258, -1.2985139962045222], [36.7600041878367, -1.2985099965722222], [36.75974418244821, -1.2984620009841095], [36.75916617047009, -1.2983580105478962], [36.758762162091216, -1.2982650190634102], [36.75867916036983, -1.2982460208033066], [36.75854426157229, -1.2982154256055811], [36.75839020837744, -1.298180485805874], [36.75826915186704, -1.2981530293206507], [36.75823727620595, -1.2981458739761673], [36.75822015085082, -1.2981420303282256], [36.7580351470145, -1.298101034084563], [36.75802914089001, -1.2981000331768522], [36.7580228927604, -1.2980984713196595], [36.75789988720979, -1.2980714767934514], [36.75786423946936, -1.298059862852162], [36.75775273515341, -1.2980235341637967], [36.75758713771372, -1.2979690461301643], [36.75745113488904, -1.2979250501410198], [36.75724813065982, -1.2978190597631054], [36.75698512517619, -1.2976680734612775], [36.75695818661133, -1.297642634763578], [36.75695086145768, -1.2976355144078642], [36.75694884741544, -1.2976335565850492], [36.756924409903014, -1.2976103836822648], [36.7568521223869, -1.2975410849535833], [36.756821787751036, -1.2975131474822406], [36.75681484160534, -1.2975065790766847], [36.75679063409364, -1.2974707793122608], [36.75677765281931, -1.2974515820471964], [36.7567191195816, -1.2973641009534167], [36.7566701185456, -1.2972911075503013], [36.75661568239502, -1.2972113387597763], [36.756613550349954, -1.297208178045438], [36.75661187331453, -1.2972056922701565], [36.75661183531372, -1.297205632275573], [36.756475046410955, -1.2969686996814327], [36.75635811192955, -1.296766154980366], [36.756202506627275, -1.2964957734079008], [36.756194108449066, -1.296481180726305], [36.75587910177023, -1.2959532284273907], [36.75580560121214, -1.295831072464406], [36.75580510020157, -1.2958302395396821], [36.75563241754093, -1.2955427025191943], [36.75559195768309, -1.2954750626305171], [36.755560788022265, -1.2954229553384067], [36.7555238492433, -1.2953740707577055], [36.755354090662834, -1.295148301167456], [36.755097085260346, -1.2948633269430174], [36.75487208054483, -1.294658345496328], [36.754665979226715, -1.2944745461337448], [36.754502743806434, -1.2943281533847895], [36.7543397363911, -1.294182179597996], [36.754194730356, -1.2940622014617116], [36.754152968481435, -1.2940265126928514], [36.7540157236076, -1.293909229311037], [36.75373704177191, -1.2936702919428285], [36.75368605570424, -1.2936264389128465], [36.753666905303774, -1.2936120082201001], [36.75354805281892, -1.2935224483328402], [36.75353983265004, -1.2935257950337935], [36.75353829361848, -1.2935264219777327], [36.753269904009855, -1.2933326075380314], [36.75316651984945, -1.2932579493023522], [36.753162537766144, -1.29325496257284], [36.75302104181619, -1.293174479874562], [36.752957040486166, -1.2931514819687098], [36.75273003576272, -1.2930514910568511], [36.752164024010746, -1.292881506564962], [36.751723014857085, -1.292758517795746], [36.75159201213813, -1.2927225210833633], [36.75159151912786, -1.2927223860957704]]]}}, {"type": "Feature", "properties": {"county": "NAIROBI", "subcounty": "Kibra  Sub County", "ward_count": 5}, "geometry": {"type": "MultiPolygon", "coordinates": [[[[36.79717896152532, -1.3159604108780574], [36.79727055443428, -1.3160126131402257], [36.79727896360951, -1.3160174057052925], [36.79735596521759, -1.3160714008104732], [36.79736773346383, -1.3160810839333545], [36.797451967226344, -1.3161503936551642], [36.79755096928404, -1.3161893901057635], [36.7976039703791, -1.3161903899980918], [36.797641971167984, -1.3162023889033978], [36.797690181168846, -1.3162179214867755], [36.797731973036484, -1.3162313862586679], [36.79778603015885, -1.3162490356492156], [36.797829975071245, -1.3162633833408464], [36.79791797689355, -1.3162773820493763], [36.797941271369396, -1.3162610935105965], [36.79798075317594, -1.316233486987098], [36.798029846178814, -1.3161991600665481], [36.798060979814835, -1.3161773910195012], [36.79816398192358, -1.3161193962155577], [36.798352985804854, -1.316049402465297], [36.79848098844075, -1.3160244046773633], [36.79861999131355, -1.3160294041806821], [36.79870063498561, -1.3160487564087655], [36.798744993905366, -1.3160594014342215], [36.798774852523245, -1.3160629271063522], [36.798871996533514, -1.316074400039703], [36.79893599785784, -1.3160813993873235], [36.799028999783054, -1.316094398184384], [36.79902938179103, -1.3160945691688528], [36.79912300173843, -1.3161363943660809], [36.79927900499658, -1.3162463843954417], [36.7993947104138, -1.3163305237694318], [36.799444008443814, -1.3163663735201037], [36.79955501075414, -1.3164203686140987], [36.79958601139804, -1.3164313676119734], [36.79967601326714, -1.316462364786859], [36.79980201588576, -1.3165113603267922], [36.79988742266449, -1.3165563992368816], [36.799948018926564, -1.3165883533351612], [36.79999401987997, -1.31659835241826], [36.80008402174517, -1.3166173506752081], [36.80009540798186, -1.316621782271809], [36.800251025215886, -1.316682344758792], [36.8003810279375, -1.316794334616283], [36.80044291324129, -1.3168726495332044], [36.80044502928587, -1.3168753272909735], [36.80053603116911, -1.3168863262690234], [36.8005975494534, -1.3169283804561644], [36.80063403321518, -1.3169533201950037], [36.80074303548452, -1.3170083151994232], [36.80087603823366, -1.3170143146144113], [36.80102304127069, -1.3170163143854976], [36.801129043465686, -1.317033312817503], [36.801216045268674, -1.3170513111656896], [36.8013130472875, -1.3170983068954167], [36.80138336975495, -1.3171440537465662], [36.801385656802594, -1.3171455416116646], [36.80139604901951, -1.3171523019984974], [36.80139609502046, -1.3171522840001038], [36.80139605001957, -1.3171524269872357], [36.80142405260175, -1.3171643059067142], [36.80149445206541, -1.3171934682535233], [36.801527754757885, -1.3172076379646724], [36.80144969217896, -1.3173106547000921], [36.8011870448668, -1.31765725652921], [36.800825285504516, -1.3179948612024124], [36.80075203601385, -1.31806322006185], [36.80038102845082, -1.318371192410474], [36.80036950121684, -1.3183837602808441], [36.800215025080945, -1.318552176143566], [36.80004902171042, -1.3187311600571017], [36.79992901926096, -1.3188211519809687], [36.799851936687574, -1.3188785178329463], [36.79971001479051, -1.3189841373547575], [36.79968901436189, -1.319000135918884], [36.79953301116471, -1.3190771290269332], [36.79943800921637, -1.3191201251808093], [36.79928200601721, -1.3191911188299525], [36.79923800511487, -1.3192111170409617], [36.79903805699018, -1.319227687612755], [36.798682993665686, -1.3192571130764772], [36.798573991414116, -1.3192571131125372], [36.79827798529989, -1.3192571132104622], [36.79819440657068, -1.3192484680177639], [36.79778497509963, -1.319206117972546], [36.7977749748928, -1.3192051180660356], [36.79743196779455, -1.31916512178649], [36.79698095846546, -1.3191251255426586], [36.796866141091485, -1.3191180892152392], [36.79667095205573, -1.3191061273585531], [36.7965349492435, -1.319097128215168], [36.796507948685665, -1.3190971282240993], [36.796214942634855, -1.3191021278701098], [36.79594593710818, -1.3191941196629742], [36.795916936513684, -1.3192081184101228], [36.79589927513155, -1.319155140193757], [36.79589605706618, -1.3191582439148197], [36.79586993551806, -1.3191321252789763], [36.795813934357675, -1.3191211262894007], [36.795781933696674, -1.3191211262999853], [36.79573793278971, -1.319127125773454], [36.795657931156434, -1.319186120479689], [36.79559492987715, -1.319254114368583], [36.7955567400904, -1.319260537801932], [36.79548792767274, -1.3192721127809006], [36.7953849255418, -1.3192621137166936], [36.79531992419457, -1.3192481150005502], [36.7952994997737, -1.3192512567240597], [36.79522892231936, -1.3192621137682992], [36.79518992152153, -1.3192861116169494], [36.79510191973076, -1.3193691041615838], [36.79499591758407, -1.3195010922935735], [36.79495514974826, -1.319520533553802], [36.79493091625149, -1.3195320895196485], [36.79489991560689, -1.3195190907022574], [36.79483591427532, -1.319490093338412], [36.794781913170006, -1.3195210905609376], [36.79472891207546, -1.3195220904882923], [36.79467991105351, -1.3194920932096639], [36.79464391028186, -1.3194061009766807], [36.794635910087564, -1.3193171090048803], [36.79459590925245, -1.3192901114527253], [36.79455290835278, -1.3192551146230955], [36.794449906187616, -1.3191401250273136], [36.79436662343451, -1.3190395371260724], [36.79434890406156, -1.3190181360619402], [36.79429490291769, -1.3189311439249618], [36.794262902222464, -1.3188261534038568], [36.79416590020303, -1.3187781577643185], [36.79398889652487, -1.3187111638644742], [36.7938568937691, -1.318622171933615], [36.793831805235186, -1.3185741822697439], [36.793810892790205, -1.318534179884132], [36.7937738920164, -1.3185051825114051], [36.79375389159807, -1.3184891839608073], [36.79364288928942, -1.3184411883258724], [36.793514886626454, -1.318383193598261], [36.79334488310128, -1.3183421973515608], [36.79320588022309, -1.3183211992911033], [36.79310720218371, -1.3183181865954305], [36.79307487751564, -1.3183171996951237], [36.79297087534926, -1.3182622046890238], [36.79290731300696, -1.3181720448407932], [36.792884873533055, -1.3181402157186402], [36.79281487207658, -1.3181082186273398], [36.79275187077615, -1.318111218377623], [36.792640868488974, -1.3181292167911671], [36.79255586672817, -1.3181142181718613], [36.792489865360565, -1.3181012193660053], [36.79241886388962, -1.3180882205616236], [36.7923378622163, -1.318088220588393], [36.792224859862415, -1.3180282260361376], [36.792114972566964, -1.3179498541401273], [36.792081856875214, -1.3179262352810477], [36.79200985536212, -1.317847242428543], [36.791997855072545, -1.3177192539746225], [36.792002855139025, -1.3176062641625677], [36.79199372693537, -1.3175597143633664], [36.79198285469271, -1.317504273366708], [36.79195733013658, -1.317415555375833], [36.79194085377756, -1.3173582865458808], [36.79186185211309, -1.3172582955892183], [36.791782850470085, -1.3172242986812042], [36.79171284902327, -1.3172222988845914], [36.79168459443543, -1.3172093030658842], [36.79161284694258, -1.3171763030655623], [36.791509657775535, -1.3170672059381079], [36.79149084438037, -1.3170473147380708], [36.79136484174198, -1.3169383246084934], [36.791349035400664, -1.3168930666950702], [36.79132084079204, -1.316812335984678], [36.791261839560214, -1.3167723396111057], [36.79126046153161, -1.316772024639939], [36.791191838108915, -1.3167563410768883], [36.79118883804665, -1.3167553411680568], [36.791153327320494, -1.3167781671213565], [36.7911188366152, -1.316800337133418], [36.79096783350398, -1.316825334928996], [36.79083183069449, -1.3168253349738972], [36.79073582871779, -1.3168453332021202], [36.79073161963119, -1.3168464201054935], [36.790615826248896, -1.3168763304463975], [36.79055482500177, -1.3169163268596824], [36.790474823349065, -1.3169163268860962], [36.790333820414844, -1.3168503328840422], [36.79010681566488, -1.3166643497309114], [36.79005181449784, -1.3165693583154192], [36.790081815075, -1.316438370117991], [36.79009640035744, -1.3163805153304213], [36.790142816256456, -1.3161963919193145], [36.7901499393744, -1.3161066450103291], [36.79015281642202, -1.3160704032775714], [36.79012181576383, -1.3160154082472888], [36.79008681501279, -1.3159294160135517], [36.790121189679326, -1.315795371090296], [36.790126815788454, -1.3157734300670254], [36.79019781722749, -1.3156884377081297], [36.79022281772416, -1.315627443200332], [36.79022281769653, -1.3155424508648506], [36.7901978171586, -1.315476456824424], [36.79019781713911, -1.3154164622345978], [36.79021760252966, -1.3153604102828504], [36.79022781773133, -1.3153314698892988], [36.79024563109392, -1.3153149533728326], [36.790282818850905, -1.3152804744698277], [36.790293819057055, -1.3152154803273417], [36.790267818490356, -1.3151244885413818], [36.79022781765273, -1.3150894917105793], [36.79018569878044, -1.315082807327237], [36.79010181504324, -1.3150694935555687], [36.79004181379888, -1.3150544949279126], [36.79004001676061, -1.3150508422578624], [36.790011813159325, -1.314993500438223], [36.789925811361584, -1.3149285063276095], [36.789800465764145, -1.314903638611544], [36.7898006887686, -1.3149033866341726], [36.789726337232715, -1.314903386658683], [36.789675175172, -1.3148915807401025], [36.78964937363686, -1.3148852883160622], [36.78959449749896, -1.3148719055410392], [36.789502013579465, -1.3148443600554791], [36.78944094130998, -1.3148201652575027], [36.789397723411604, -1.3148030428158284], [36.78931310965471, -1.3147754973277592], [36.78929736831869, -1.3147420493492166], [36.7892538363911, -1.3146549962138596], [36.789251297338545, -1.3146548002323533], [36.789196321178, -1.31457807116981], [36.78917196466733, -1.314555150244773], [36.789123252646206, -1.314509309394697], [36.789104628258634, -1.3145007141759348], [36.78905305018522, -1.3144763603891396], [36.788982847723396, -1.3144405466418578], [36.788931270657436, -1.3144391147879477], [36.78888685673896, -1.31443624906104], [36.788845307882056, -1.314440546687182], [36.78881755530997, -1.314444297358055], [36.788792297789335, -1.314447710058645], [36.78868484560482, -1.3145565832761257], [36.788683321574375, -1.314559631001776], [36.78865853007831, -1.3146092085391585], [36.78865552101609, -1.31460897656105], [36.7885297924943, -1.314841642621083], [36.788473379361164, -1.3149408416941222], [36.78841399816708, -1.3150413946459798], [36.788352770935894, -1.315145075316471], [36.78831970126404, -1.31518008717003], [36.78821854521103, -1.3152929020298436], [36.78821831020692, -1.3152952528180366], [36.78821660017087, -1.3152929020304855], [36.78816407709594, -1.3153240232414323], [36.788035687469474, -1.3154037710921742], [36.78800261679137, -1.315419331699894], [36.787913422972785, -1.3154933360557068], [36.78791118792722, -1.3154951908892418], [36.78791155493524, -1.315496472773451], [36.78778863442829, -1.315596334808589], [36.787728330192685, -1.3156274560220147], [36.78756297980524, -1.3157149851833536], [36.78748711324862, -1.3157480512265154], [36.78737039585577, -1.3158044591781914], [36.78733538013495, -1.3158122394881477], [36.787143792199075, -1.315879964444023], [36.78714279517787, -1.315878371588039], [36.78708443697548, -1.3158880977301195], [36.78675957127875, -1.3159328348029466], [36.78661756535266, -1.315956175745013], [36.78657975557572, -1.315969077593931], [36.78637245731616, -1.3160398142834797], [36.786310208038394, -1.3160651000237502], [36.78608649844847, -1.316162354327375], [36.786087939479096, -1.3161651560742071], [36.78607767026709, -1.3161655140453439], [36.78606707705133, -1.316174929199775], [36.78599883065063, -1.316203362658252], [36.78594764559815, -1.31621852630763], [36.78587939918705, -1.316214735672025], [36.78586450287649, -1.316206047460422], [36.785811152764154, -1.3161749292842158], [36.78572774001508, -1.3160953174909862], [36.785629161966256, -1.3160574069421938], [36.7855547974256, -1.3160440611702784], [36.78546711860915, -1.3160283256181524], [36.78540736037114, -1.3160176006051207], [36.78521209934269, -1.3160346611310472], [36.7850642323027, -1.3160801530773985], [36.78505796817384, -1.3160818459268588], [36.785036710740734, -1.3161004022605218], [36.78492075435668, -1.316135846102434], [36.78488792868318, -1.3161502878109785], [36.784789349663356, -1.316201467228211], [36.78468887560176, -1.3162450643299124], [36.78468677555865, -1.316245919253492], [36.78446517900998, -1.3163360501987686], [36.78445380377799, -1.316345527347875], [36.78441588900647, -1.316381543112511], [36.78438176631131, -1.3164118713888444], [36.784362808919695, -1.3164118713951003], [36.7842376903324, -1.3164042891201422], [36.78414669444933, -1.3163948110049066], [36.78405248650761, -1.3164087667774906], [36.78366868263361, -1.3165783596105924], [36.783553680268426, -1.316611356672913], [36.78344367803513, -1.3167323457987072], [36.783339675929184, -1.3168633340207556], [36.78324667404547, -1.3169793235917224], [36.783079992653164, -1.3171370264253666], [36.78306067025992, -1.317155307783166], [36.78294966800183, -1.3172632980813908], [36.78293241764843, -1.3172725112563095], [36.78290371006026, -1.3172878448829632], [36.78289325684615, -1.3172934273830117], [36.7828945898736, -1.31729310541158], [36.7828901257822, -1.3172956811808108], [36.78279741688384, -1.317348010492428], [36.78275853908363, -1.3173569816962893], [36.782641905682794, -1.317383893307877], [36.782597046759356, -1.3173943593789443], [36.78246396502402, -1.3174377185127826], [36.782450507746525, -1.317439213382457], [36.78231892102801, -1.317439213425911], [36.782303968716576, -1.3174317381049652], [36.78213266814815, -1.317341301316954], [36.78213266814814, -1.3173412643202866], [36.78211965087691, -1.317334291953298], [36.782119390871514, -1.3173342919533833], [36.78202364889356, -1.3173342919849975], [36.781913646614385, -1.3173142938248439], [36.78182264473268, -1.3173092943056848], [36.78171664253253, -1.3172782971359673], [36.781545638978514, -1.3172133030534279], [36.7814046360508, -1.3171683071576337], [36.78132663443988, -1.3171703070030347], [36.781233632519445, -1.3171733067633011], [36.781097629730695, -1.3172383009471251], [36.781001627789934, -1.3173692891665745], [36.780891625540086, -1.317439282891024], [36.78086010289658, -1.317463237741261], [36.78084162451937, -1.3174772794811138], [36.7807906234705, -1.3174922781454046], [36.78076089986343, -1.3175135072408024], [36.78075562275556, -1.3175172759027405], [36.780659620778685, -1.3175372741310125], [36.780538146274615, -1.317554625606425], [36.780407615583826, -1.3175732709680785], [36.78027761290126, -1.317583270109341], [36.780211611537595, -1.3175832701311376], [36.78010660935327, -1.317537274313639], [36.78006112340403, -1.3175080049680858], [36.78003246980599, -1.3174895656403518], [36.78000560724537, -1.3174722802079777], [36.77991960546536, -1.3174622811380459], [36.77990860523797, -1.3174622811416783], [36.779874604535536, -1.3174622811529058], [36.77983960381244, -1.317462281164464], [36.77973860173219, -1.3174822793944796], [36.77965807407831, -1.317512611685798], [36.779592598733586, -1.3175372744833835], [36.77947659634699, -1.3175682717264214], [36.77947114623512, -1.3175705425233677], [36.779356593883946, -1.3176182672575318], [36.779260591900446, -1.3176182672892365], [36.779226844203826, -1.317620025141831], [36.77921459095136, -1.3176222669437254], [36.77910301364803, -1.3176281904464555], [36.77910158861859, -1.3176282664400796], [36.7790385303161, -1.3176292593713597], [36.77898358618383, -1.3176382655773822], [36.77896802386225, -1.3176379376120702], [36.778888584220425, -1.3176362657891079], [36.77882758295848, -1.3176312662600425], [36.77876758171036, -1.3176052686243347], [36.77870158032562, -1.3175402745070965], [36.77864157902862, -1.3173642903967226], [36.77864123702057, -1.3173613646606062], [36.778621578559815, -1.3171933058222394], [36.77862157851558, -1.317057318085269], [36.778619655464404, -1.3170223252414073], [36.77860857822421, -1.3169873244013763], [36.778575577508605, -1.3168833337898553], [36.778471575299605, -1.3166983505053933], [36.778405908913456, -1.3166076067100994], [36.77826757101262, -1.3164763705901807], [36.778236080354176, -1.3164523877632341], [36.77821356988291, -1.3164333744852421], [36.77799756537422, -1.316292387270234], [36.777886563068186, -1.3162533908234795], [36.77780656140483, -1.3162213937352751], [36.77769555910269, -1.3161943962064238], [36.77753055569373, -1.3161948682183344], [36.7774685544125, -1.3161943962813074], [36.77730755109899, -1.3162343927277154], [36.77714154769196, -1.3163043864706345], [36.776859162887085, -1.3163952403709913], [36.77685913488621, -1.3163943424518973], [36.7768591148856, -1.3163937275073956], [36.77685255075063, -1.3163958043222759], [36.776651318607506, -1.3164404813599186], [36.77650049850362, -1.3164783239971092], [36.77633426207789, -1.3165057525786052], [36.77633472208195, -1.3164888830996164], [36.776240529139464, -1.3165003690949064], [36.776129526850276, -1.316513367959444], [36.77599616709148, -1.3165029449433838], [36.775787171768044, -1.3164866104852164], [36.7757134912453, -1.3164852756299676], [36.7756635172125, -1.3164843707280722], [36.77561451619448, -1.31646737227702], [36.77554951482388, -1.3163823799628094], [36.77547014812318, -1.3161953928507095], [36.775389511395346, -1.3160054140087976], [36.77524350829204, -1.3157384381316806], [36.77518650707783, -1.3156264482491835], [36.77513750600956, -1.315454463774075], [36.77507150459167, -1.3152874788537698], [36.7750485040979, -1.3152304840008597], [36.775029503680024, -1.3151524910401722], [36.77501650337277, -1.315033501774236], [36.77503201466947, -1.3149601293855295], [36.77504250387006, -1.3149105128562175], [36.77510550511883, -1.3147475275326408], [36.77522150745494, -1.3145605443555541], [36.77531950940619, -1.3143335647910186], [36.77535651012487, -1.3141925774923469], [36.77539051079078, -1.314079587669915], [36.77543451166315, -1.3139665978441837], [36.77547151237644, -1.313808612078322], [36.775472512360764, -1.3136966221765607], [36.775464512175084, -1.3136336278595913], [36.77543951164391, -1.3135886319252965], [36.77541951122649, -1.3135756331041166], [36.77540651095527, -1.3135676338296827], [36.77535750994311, -1.3135686337556425], [36.775078504185316, -1.3135896319539706], [36.7749745020393, -1.3135986311767502], [36.77457449377319, -1.3135946316691227], [36.774456491330845, -1.313581632880113], [36.774388489920256, -1.3135646344353298], [36.774335488814515, -1.3135316374282662], [36.77426248727666, -1.313440645657384], [36.77416448519143, -1.3132546624603028], [36.77402648227847, -1.3130646796372147], [36.77400148175411, -1.3130406818093747], [36.77395048068448, -1.3129916862442812], [36.773796477461275, -1.3128646977458918], [36.77370447553444, -1.312784704989313], [36.773699475430085, -1.3127817052614716], [36.77351647161846, -1.3126877137972144], [36.77348347092851, -1.3126627160621653], [36.77333246777116, -1.312547726480772], [36.77324346590142, -1.3124527350757327], [36.77311546319083, -1.3122497534212185], [36.77306746217443, -1.3121737602894272], [36.77297746027497, -1.3120507714092702], [36.77296746006452, -1.3120387724945135], [36.772937459433315, -1.3120037756601608], [36.77282845715157, -1.3119127839009594], [36.77279445644, -1.3118847864367256], [36.772678454015605, -1.3117997941387904], [36.772630453004716, -1.3117407994742485], [36.77253845104702, -1.3115658152831693], [36.772490450033864, -1.3114998212497135], [36.77245644931615, -1.3114528254986042], [36.772345446958774, -1.3112558432973638], [36.77230044600792, -1.31119084917282], [36.77228444566988, -1.3111678512518001], [36.772232444575394, -1.3111058568590421], [36.77207844134151, -1.3109458713357722], [36.7720594409428, -1.310926873055054], [36.77201043990793, -1.310857879292479], [36.77193943841464, -1.3107768866189788], [36.77187243699956, -1.3106818952065256], [36.771859436717655, -1.3106408989074627], [36.77185243656586, -1.3106189008933047], [36.771820435843196, -1.3104289180347728], [36.77179343526175, -1.3103559246256153], [36.77180343543889, -1.3102649328270768], [36.7717774348697, -1.3101659417617029], [36.77175143430042, -1.3100669506964102], [36.77168443280054, -1.309709982906357], [36.77173843389793, -1.3096529880278789], [36.771658432272105, -1.309736980480521], [36.7715244295395, -1.3098489704263474], [36.771387426734826, -1.3099299631681147], [36.77126342419035, -1.3099849582499077], [36.77111242107941, -1.3100129557749376], [36.770851415693784, -1.3100359537868347], [36.77065041154888, -1.3100619515086187], [36.77065141159639, -1.3101449440248436], [36.77065141162775, -1.310241935279032], [36.770715413006776, -1.3104169194795783], [36.77081341507189, -1.3105409082672732], [36.77083941561951, -1.3105729053735111], [36.770907417043624, -1.3106319000315716], [36.77099841896536, -1.3107598884608604], [36.77103841982556, -1.310863879070766], [36.77109242098475, -1.3109978669711655], [36.771209423473856, -1.311218847006653], [36.77125542446449, -1.3113428358113333], [36.77133542617187, -1.3115108206375432], [36.77136142673285, -1.3115838140470621], [36.7713914273686, -1.3116328096191547], [36.7715524308264, -1.3120377730499366], [36.771635432602345, -1.3122257560718293], [36.77167643347903, -1.312316747853483], [36.77185143719991, -1.3126407185826903], [36.771823632629584, -1.3126532824588948], [36.769782394751076, -1.3135756349597534], [36.76920738254299, -1.3125677260343502], [36.76871437209864, -1.3117737977860866], [36.76847636704724, -1.311361835011414], [36.76796635639391, -1.3110068671865955], [36.767465346001536, -1.3108838784411558], [36.767020336799966, -1.3108648803004288], [36.76675533136088, -1.310978870109028], [36.766518326469566, -1.3109978684737764], [36.76613031848231, -1.3110918601259778], [36.76563830836139, -1.311233847484739], [36.765278300977606, -1.3114048321852774], [36.764805291255016, -1.3115648179148078], [36.764388282674815, -1.3116788077734112], [36.76351826483116, -1.3120947705519848], [36.763073255794566, -1.312586726338608], [36.762353241069285, -1.3130606838385852], [36.76170022765755, -1.313315661061999], [36.76108521491459, -1.3132116706411343], [36.76086381632691, -1.3131730521963005], [36.76085886722431, -1.3131721892756671], [36.7602711980468, -1.3130696837119815], [36.75928617769389, -1.3130786832244943], [36.75797115051498, -1.3130696844685663], [36.75710013240119, -1.3127197163113682], [36.75695812942668, -1.3125967274478636], [36.75641811800311, -1.3117828010158097], [36.75590887516753, -1.3108203389660926], [36.7559081071512, -1.3108188880971343], [36.754528077882036, -1.3085020974463522], [36.75448307692684, -1.3084241044933922], [36.753723060790875, -1.3070952245604914], [36.753705060406226, -1.3070562280824412], [36.75366705961543, -1.3070392296275497], [36.75358705796491, -1.307048228842371], [36.75337805366069, -1.3070952246734469], [36.75278104138638, -1.3072942069279163], [36.7520610265882, -1.3075501840837283], [36.749653977113965, -1.3083981084201135], [36.74919796771696, -1.3084841008160626], [36.74914289457538, -1.3084736377775241], [36.74909796564405, -1.3084651025618224], [36.74884196033446, -1.3084081077845862], [36.748636956071266, -1.3083271151543323], [36.74850895339832, -1.3082421228595709], [36.74839895109244, -1.3081421319111466], [36.74832994963022, -1.3080301420311273], [36.74829294882414, -1.3079021535831947], [36.748277948386665, -1.307507189199295], [36.74828294830623, -1.3069372405858908], [36.74832894897397, -1.3060593197263268], [36.74833294895578, -1.3057463479432285], [36.74830794834884, -1.3054663731943654], [36.74830394815606, -1.3051244040282013], [36.748274947431746, -1.3047364390171827], [36.748290947702245, -1.3045494558705542], [36.74832094826855, -1.30438247091624], [36.74833794856874, -1.3042234852449737], [36.748274947229, -1.3041064958135087], [36.74818394530988, -1.3039875065714028], [36.74824878656977, -1.3037381430329689], [36.74824894657289, -1.3037375290883082], [36.748323746110025, -1.3037098885559018], [36.74832394811434, -1.3037105314978323], [36.74848095134068, -1.303652536675496], [36.74930896835861, -1.3033555631803857], [36.749469158651316, -1.3032992062093107], [36.74947097168855, -1.3032985682661833], [36.74964097518323, -1.3032395735296882], [36.75007898418898, -1.3030935865489814], [36.750282988381414, -1.303019593153688], [36.7505669942181, -1.3029166023467091], [36.750805999128794, -1.3028266103824502], [36.75121100745402, -1.3026856229617605], [36.751412011581934, -1.302603630288733], [36.75167756103978, -1.3025093197051976], [36.75177801910447, -1.302473641889132], [36.75185802074894, -1.3024456443872943], [36.75199902364642, -1.3023936490291845], [36.75247803348798, -1.3022126651905606], [36.752638036776816, -1.3021566701868945], [36.75290604228322, -1.3020556792048736], [36.75301504451996, -1.3020056836769835], [36.75331305064958, -1.3019146917836915], [36.75338395910667, -1.3018886181113571], [36.753453244530455, -1.3018631423856026], [36.75392052513218, -1.3016905817914035], [36.75402306523915, -1.3016527151721076], [36.75439307284238, -1.3015167273121453], [36.755377093060815, -1.3011497600773383], [36.7559781054105, -1.3009287798051652], [36.756682119871286, -1.3006528044578247], [36.75679212213043, -1.3006088083886922], [36.75709912843908, -1.3004968183858021], [36.75741900601224, -1.3003805117678242], [36.757715141097655, -1.3002728383792166], [36.758129149605, -1.3001218518574145], [36.75879416326898, -1.2998758738183236], [36.75888265808727, -1.2998430397498777], [36.75897501498474, -1.2998083298492356], [36.759024925010095, -1.2997895725241995], [36.759482903418494, -1.2996152990876253], [36.75973410857909, -1.2995197076244072], [36.759828184511775, -1.2994839088213859], [36.7599601872232, -1.2994329133762297], [36.76028219384324, -1.2993259229177456], [36.760380195858545, -1.2992949256804922], [36.76060620049855, -1.2991999341714535], [36.760664415695814, -1.2991821687542837], [36.760760203665924, -1.2991529383585119], [36.76091620688335, -1.29913294011073], [36.76107021006579, -1.2991329400606064], [36.76126021399926, -1.2991549380154546], [36.76137133730209, -1.2991752171508935], [36.76152321944964, -1.2992029336025017], [36.761601786078856, -1.2992204909939697], [36.761609221232966, -1.299221931861581], [36.7617683725333, -1.2992577185832426], [36.76187222668685, -1.2992809264570464], [36.761936228002966, -1.2992609282392127], [36.761989229083184, -1.2992139324591612], [36.76199113412085, -1.2992086939308614], [36.76199748924657, -1.2991912195042778], [36.76200518939881, -1.2991696964423047], [36.76200666242245, -1.2991484113609215], [36.762009137462066, -1.2991126405852098], [36.76199928924834, -1.2990805304834963], [36.761986228964695, -1.2990379483270171], [36.76198275789218, -1.299035273569261], [36.76186151635874, -1.2989479094855847], [36.761853035181524, -1.298941797039385], [36.7618514661487, -1.2989406671417638], [36.76191662750044, -1.298956955651989], [36.7619922290643, -1.298961725197397], [36.76275524488601, -1.2991309396924873], [36.763161253306784, -1.2992269309056854], [36.763290255979946, -1.2992499287901218], [36.76352526084931, -1.29929092501736], [36.763842267421474, -1.2993579188739306], [36.764003270758124, -1.2993879161168214], [36.76403727146261, -1.299393915564884], [36.76404753267542, -1.299396182357176], [36.76423211850282, -1.299436953621073], [36.7643937008532, -1.2994726443505487], [36.764544281975525, -1.299505905302652], [36.76515429461424, -1.2996098957280318], [36.765453300812425, -1.2996708901312637], [36.765744306847864, -1.2997398838158962], [36.76602831274053, -1.299814876961833], [36.766203458371955, -1.299853036464195], [36.76624094314913, -1.299861139721425], [36.76628723610893, -1.2998711468040238], [36.766306842515476, -1.299875452409435], [36.7669079119767, -1.300003365680668], [36.76692626335712, -1.3000071223360241], [36.766990981698854, -1.3000208300789942], [36.76709279980968, -1.3000423971012913], [36.767161336230515, -1.3000568547753732], [36.7672102142437, -1.3000669448497362], [36.76729282495625, -1.300083886295404], [36.767318279483874, -1.3000891068163134], [36.76741843855949, -1.3001079560842286], [36.767487342987444, -1.3001208488993274], [36.76763334601271, -1.3001468465077588], [36.76766234661421, -1.300153845867185], [36.76770408947936, -1.3001619991184277], [36.767792299307565, -1.3001790905486668], [36.76782066289549, -1.3001846960340375], [36.76785230955139, -1.300190950459793], [36.76787735107041, -1.3001958420106465], [36.76811435598246, -1.3002418377862899], [36.76815835689455, -1.3002508369605932], [36.76850136400566, -1.3003238302675149], [36.76869736806947, -1.3003668263269812], [36.76886537155118, -1.3003988233872534], [36.76886634357141, -1.3003990383674822], [36.76890337233899, -1.3004068226536685], [36.76913237708059, -1.3004368198743803], [36.769257379667316, -1.300448818751709], [36.769306380681066, -1.300452818375184], [36.769585386452, -1.3004708166614456], [36.76991039317228, -1.3004858152031966], [36.77024740013897, -1.3004958141918437], [36.77052940596732, -1.3004998137392942], [36.77056640673213, -1.3005008136370741], [36.77071140972892, -1.3005028134094954], [36.770895413530944, -1.3005028133495302], [36.771008415864515, -1.3004988136733515], [36.77281145309981, -1.3004378185852938], [36.77343746601942, -1.300390822618563], [36.77373147208804, -1.3003718242357505], [36.77393447628088, -1.3003668246204079], [36.774122480161765, -1.3003558255508412], [36.77431148406541, -1.3003508259400616], [36.77431157006709, -1.3003508229403034], [36.77446448722506, -1.3003458263409249], [36.77475049313212, -1.3003388268788605], [36.77483249482322, -1.3003288277536762], [36.77490249626798, -1.3003238281816785], [36.77519450229444, -1.3003028299797625], [36.77552050902504, -1.3002868313160425], [36.775678512287065, -1.300278831985857], [36.77595751804783, -1.300266832976803], [36.77624052389313, -1.3002608334254688], [36.77642652773182, -1.3002468346270497], [36.77665953254203, -1.3002348356330777], [36.77682353592858, -1.300228836120524], [36.77682653599054, -1.3002288361195462], [36.77730554588194, -1.3002118374961382], [36.777496549825365, -1.3002028382453652], [36.777664553294265, -1.3001958388216734], [36.777714554329535, -1.3002028381743236], [36.777824556599754, -1.3001948388596956], [36.777825427617714, -1.3001947748651768], [36.77827256584533, -1.3001618416889216], [36.77834856741619, -1.300163841483828], [36.77845856968767, -1.300159841808636], [36.77863757338213, -1.300147842832179], [36.778773576190076, -1.3001418433287537], [36.77894857980448, -1.3001378436323805], [36.77899758081691, -1.3001378436164128], [36.77901890725743, -1.300137843609463], [36.77951426548877, -1.3001283793014005], [36.77951423048759, -1.3001269534299478], [36.77991060867081, -1.3001079100178594], [36.779951600515695, -1.3001018465512502], [36.78000660165215, -1.300101846533327], [36.780096603510955, -1.300099846684237], [36.7801876053901, -1.3000968469250747], [36.78027160712166, -1.3000848479795803], [36.780350608753274, -1.3000828481341646], [36.78045961100202, -1.3000728490002855], [36.78055061288084, -1.300068849331287], [36.7806076140569, -1.3000638497634442], [36.780705616081015, -1.300061849911837], [36.78098162177626, -1.3000398518053309], [36.78102162260142, -1.300035852152953], [36.78121462658782, -1.3000328523605538], [36.78134762933339, -1.3000258529483635], [36.781509632677796, -1.3000178536167983], [36.781611634784284, -1.300014853853964], [36.78180963887047, -1.3000008550517437], [36.781956641905595, -1.2999948555447387], [36.782139645681546, -1.2999798568374832], [36.78217764646571, -1.2999768570955943], [36.78217771646717, -1.2999768530959315], [36.78232464950018, -1.2999688577689188], [36.78242865164754, -1.2999648580956877], [36.78263586291503, -1.2999230218003979], [36.782636914936795, -1.299923126790597], [36.78270291830236, -1.2999291262281925], [36.782752920335355, -1.2999291262118993], [36.7828069224533, -1.2999361245632413], [36.7828909261888, -1.2999361245358687], [36.78294992840775, -1.2999361245166428], [36.78299293029615, -1.2999361245026309], [36.78308793425885, -1.2999361244716736], [36.7832289401719, -1.2999361244257266], [36.78332094407272, -1.2999361243957468], [36.783436948468264, -1.2999331246284407], [36.783561954050846, -1.2999331245877068], [36.78365595799232, -1.2999311247374048], [36.78369695883938, -1.2999311247240448], [36.78380296402743, -1.2999251262303126], [36.783945969975676, -1.299906129896576], [36.78403797387382, -1.299898130587915], [36.78413597789436, -1.2998851327278558], [36.78466799986791, -1.2998301425128531], [36.784862007872064, -1.2998181445314387], [36.78571704252204, -1.2997741522194766], [36.786109734627466, -1.2997519920895744], [36.78747076571978, -1.2996751885712927], [36.78747075571948, -1.2996748825988593], [36.78811976911512, -1.299637885723348], [36.78812012912258, -1.2996378697246722], [36.788250771819484, -1.2996318862215708], [36.790057809124185, -1.2995538926653076], [36.79066582167593, -1.299527894811442], [36.79066624668473, -1.2995278758129265], [36.79084582539187, -1.2995198954740361], [36.79114683160826, -1.2995148958267078], [36.7914828385506, -1.299518895356655], [36.791650842017944, -1.2995088962034937], [36.791708843216014, -1.2995088961845958], [36.79175684420765, -1.299508896168956], [36.792758842891686, -1.299463945895579], [36.79275986491279, -1.2994638998993895], [36.79275970590959, -1.2994642308695366], [36.792760334922534, -1.299464202871943], [36.793240354827525, -1.2994302087806813], [36.79325435511632, -1.2994292088662867], [36.793384360800665, -1.2994252101845067], [36.7937693767496, -1.2994122122310565], [36.79429191353775, -1.299394231682106], [36.79429239854782, -1.2993942146834798], [36.794758418169096, -1.2993782179740514], [36.794940430924775, -1.2993656580472912], [36.7953829300557, -1.2993357995953532], [36.79541091963327, -1.2993339107565702], [36.795708993783485, -1.299312417597471], [36.79582646220736, -1.2993042302974742], [36.795833033342845, -1.2993036593467684], [36.79585092871223, -1.299302913408225], [36.79603493250894, -1.2992899145203654], [36.79719795644463, -1.299015938845693], [36.797603964800246, -1.2989199473689974], [36.797830969473225, -1.2988699518030828], [36.797940947737274, -1.2988460199252514], [36.79838698091924, -1.2987489625315656], [36.79868098697127, -1.2986839682962699], [36.799235998396526, -1.2985629790251112], [36.79928999950835, -1.2985519799992826], [36.799839010813066, -1.2984419897383428], [36.799872150495496, -1.2984352273372897], [36.79988762981435, -1.2984323845886103], [36.8001723376767, -1.2983753256408834], [36.80076566689386, -1.2982564161697623], [36.80087767119796, -1.2982274207478084], [36.80126268711878, -1.2981284385476561], [36.801771699603314, -1.2980377105629255], [36.8018797128281, -1.2980184582637477], [36.80198871707342, -1.297999460941189], [36.802619743085586, -1.297932472776147], [36.80274976776947, -1.2979270282247493], [36.802810751028304, -1.297924474435139], [36.80287317931676, -1.2979216836664953], [36.80292413036845, -1.297919406855199], [36.80323576880067, -1.2979054770098097], [36.80340222422309, -1.2978567473495577], [36.80341808454916, -1.2978520417687536], [36.80355374834212, -1.297823602288946], [36.80420380872469, -1.297686516438459], [36.80483883479355, -1.29753954248449], [36.80504784409535, -1.2974925506537642], [36.805705870638015, -1.2973425769628544], [36.805946851595806, -1.2972819503511306], [36.806162890040426, -1.2972275981818326], [36.8066819117181, -1.2970966208232637], [36.807253935491076, -1.2969676442669569], [36.807347938419795, -1.296927650842676], [36.80746694386132, -1.2968766604018485], [36.80808996960421, -1.2964877302692472], [36.80820997405577, -1.2964037448032162], [36.80837125235065, -1.296291210898028], [36.808497825936364, -1.2962024438609772], [36.80849818894381, -1.2962021888839186], [36.80863419172224, -1.2961071974050813], [36.80873661881488, -1.2960358918014003], [36.80900500729762, -1.2958478446705082], [36.809122188692214, -1.2957679978322014], [36.809341021164, -1.2956188852066157], [36.80957702998641, -1.295456914734846], [36.80965103349974, -1.295409922948078], [36.80996000588768, -1.2954311929297353], [36.81059523202059, -1.2954742538404893], [36.81099424025544, -1.2954562553337732], [36.81161525307188, -1.2954282576564258], [36.81190125897435, -1.2954152587356802], [36.81241796160911, -1.295301738803887], [36.81261263361577, -1.2952587306187957], [36.8127021604583, -1.2952389513731781], [36.81285816666675, -1.2951969591089545], [36.81297781512739, -1.2951648059693583], [36.81320428578477, -1.295103286443106], [36.81395330117781, -1.2948673074782167], [36.81419963319757, -1.2946564704095314], [36.81432822681791, -1.294546075322196], [36.81442091269011, -1.2944149351170948], [36.81449923427213, -1.2943041190840026], [36.81464024011819, -1.2940981566099976], [36.81464127913942, -1.2940974286753275], [36.8146413271404, -1.294097386679095], [36.81464581923218, -1.2940942539600342], [36.814853319471396, -1.293950389865062], [36.8152493275984, -1.2937904041625023], [36.8167523585452, -1.2935004298218142], [36.81770837821556, -1.2932744498883921], [36.82020642965017, -1.2928004918151148], [36.82029543148296, -1.2927844932288617], [36.82035943280137, -1.2927744941097037], [36.82037184105807, -1.2927760449658758], [36.820375433132405, -1.2927764939242647], [36.82044080252136, -1.2928987588781857], [36.821207877764174, -1.2941582170616786], [36.82156170325658, -1.294739162561446], [36.82156445831476, -1.2947433161859951], [36.82169246602551, -1.2949538611589735], [36.82172301667247, -1.2950040216259038], [36.821738405998296, -1.2950292903423948], [36.82186365064942, -1.2952319270292945], [36.82187782895036, -1.29525737273014], [36.822041718420195, -1.2955246275776084], [36.82245233011365, -1.296194209065423], [36.82271038957857, -1.296618704702974], [36.82278858523716, -1.296755683325531], [36.82285448563502, -1.2968711238943376], [36.82287763412542, -1.2969098913909722], [36.82344458215469, -1.2979141026516001], [36.823694337454214, -1.2983573635989172], [36.823742957491355, -1.2984606302709367], [36.82375755280275, -1.29849163247052], [36.82397706656943, -1.299220108707752], [36.82409006602572, -1.2996027861624053], [36.82414277420494, -1.2998857336298733], [36.824119699728506, -1.2998857336374], [36.82411851270307, -1.299882851897592], [36.82387650771038, -1.2998968507142583], [36.823616502342695, -1.2999008504383665], [36.8234134981498, -1.2998978507751056], [36.822992489441454, -1.2998518550601907], [36.82291474283097, -1.2998362204953722], [36.82281348573348, -1.2998158583645905], [36.82281848583935, -1.2998238576416528], [36.822923302057205, -1.2999902776002743], [36.82300048969047, -1.300112831523594], [36.82338949793895, -1.3007837708932113], [36.82341549849396, -1.3008397658352615], [36.82359450231409, -1.3012247310615648], [36.82371050484876, -1.3016576919802176], [36.823739505563374, -1.3020176595095658], [36.82375350595782, -1.3023446300192794], [36.823690504803636, -1.3028005889220915], [36.82352050148607, -1.3033995349654228], [36.82331149731493, -1.3038484945468705], [36.823200495080535, -1.3040274784424954], [36.82289648892316, -1.3044004449080622], [36.822593482762905, -1.3047004179557102], [36.82244247968119, -1.3048134078157656], [36.822229475326935, -1.3049503955319421], [36.82196846998656, -1.3051033818211706], [36.821615462746685, -1.3052573680502666], [36.821233454900174, -1.3053873564530523], [36.82107945174028, -1.3054503508227302], [36.82085344709943, -1.3055313435927933], [36.82083523472547, -1.305537942003728], [36.82064644284897, -1.3056063368977926], [36.82030943592681, -1.3057213266383578], [36.81975942462694, -1.3059013105876913], [36.81943141788351, -1.3059943023091565], [36.819044409904755, -1.306035298738944], [36.81855739983447, -1.305994302595542], [36.81829539440028, -1.3059213092639086], [36.81810839051308, -1.305842316448665], [36.81748637756077, -1.305510346589311], [36.81708136912882, -1.305299365747952], [36.81684936430709, -1.305204374390182], [36.816512357315894, -1.3051063833372156], [36.816175350344665, -1.3050703866937328], [36.816005346836405, -1.3050783860279827], [36.815745341472486, -1.3050953845802027], [36.81550833658889, -1.3051293815919853], [36.815294332190724, -1.3051953757108652], [36.81497632567207, -1.305346362199265], [36.814423314351124, -1.3056553345178448], [36.81418330943399, -1.3057773235956514], [36.81407042412273, -1.3058394040343009], [36.81392330411053, -1.3059203107863975], [36.81384030241122, -1.3059663066658296], [36.813506295572786, -1.3061502901839481], [36.81299228504716, -1.3064282652849124], [36.81265027804591, -1.306620248084347], [36.8119622639448, -1.3069542181928486], [36.81189228951191, -1.3069922337876312], [36.81166225780162, -1.3071172035934804], [36.811497254423884, -1.3072101952616852], [36.81106724562454, -1.3074621726796747], [36.810705238206594, -1.307643156477566], [36.81035023093452, -1.307828139912375], [36.81017222728057, -1.307897133749013], [36.8099974476865, -1.3079457424228198], [36.80987022107038, -1.3079811262737744], [36.80976921899344, -1.308009123782139], [36.8094162117251, -1.3080781176761185], [36.808949202099626, -1.3081391123290145], [36.80860119492291, -1.3081721094675516], [36.80828318836568, -1.3082051065962483], [36.80791018067349, -1.3082411034725563], [36.80772017676016, -1.3082751004690811], [36.80755017326846, -1.3083350951146342], [36.80741817055991, -1.3083900901986014], [36.80725116714016, -1.3084810820478814], [36.80700216205195, -1.3086500668908398], [36.80681615826622, -1.3088230513523227], [36.80671015611279, -1.3089340413782242], [36.80662215432887, -1.3090380320293615], [36.80649915184334, -1.3092080167407645], [36.806337148592156, -1.3095009903739139], [36.80625414694578, -1.3097109714652442], [36.806221146291804, -1.309795963811563], [36.80620714601938, -1.3098479591273056], [36.806185145597716, -1.3099489500271686], [36.80615314499636, -1.310132933446215], [36.80613614471713, -1.3103549134337453], [36.80611514435878, -1.310587892430693], [36.80608514381559, -1.310823871160032], [36.80605514330609, -1.3111638405114467], [36.806033142911026, -1.311346824017246], [36.80602214271752, -1.3114508146429549], [36.80601486758417, -1.3115029469440926], [36.80599814227751, -1.3116227991412523], [36.80598584605239, -1.3117119391066225], [36.805958141545304, -1.3119127730044462], [36.8059171407688, -1.3121297534504286], [36.80586206270065, -1.3123436571785785], [36.80584813943094, -1.3123987292167463], [36.80582091090183, -1.312501408965927], [36.80577813807072, -1.3126627054341589], [36.805751137547745, -1.3127696957946045], [36.80569413643791, -1.3129776770573616], [36.80569408343696, -1.3129778880382812], [36.80565213562468, -1.3131446620122398], [36.805602134663616, -1.313365642100405], [36.80556613396358, -1.3134996300290165], [36.805529541244496, -1.313612721842306], [36.80551113288275, -1.3136696147176792], [36.80543713140949, -1.3138395994125884], [36.80535812982295, -1.3139785869044383], [36.8053141289411, -1.3140615794345492], [36.805273128118934, -1.3141375725948385], [36.80519112646093, -1.3142475627027015], [36.805156125750074, -1.3142845593778476], [36.80513612534611, -1.3143125568595802], [36.805066123932086, -1.3144105480456405], [36.80501337786208, -1.3144703726678995], [36.80499912257288, -1.3144865412144926], [36.804981634218244, -1.314506848388908], [36.8049371213157, -1.314558534742414], [36.804692116327075, -1.3147795148947268], [36.80456611375379, -1.3148695068205956], [36.80438010994781, -1.3149794969628263], [36.80421010646213, -1.3150584898951019], [36.80404010296971, -1.3151164847210752], [36.80400585526552, -1.3151262368529102], [36.80391312235897, -1.3151534354307006], [36.80388909986506, -1.3151604808032187], [36.80377946160844, -1.3151848426424415], [36.80375509710707, -1.3151904781421897], [36.80342009020195, -1.3152344742850308], [36.80340206082864, -1.315231600550167], [36.80335108877323, -1.315223475299773], [36.80332408821553, -1.3152234753086787], [36.80316074283678, -1.3152083697247212], [36.80315108463709, -1.3152074768084474], [36.80306508285902, -1.3152024772877149], [36.802988081266, -1.3151944780344644], [36.80290207948413, -1.3151774795958022], [36.8028972103832, -1.3151762527080388], [36.80265207429988, -1.3151144853592402], [36.80250707128472, -1.3150524909978576], [36.80240449615177, -1.3150084260055461], [36.80224406381573, -1.3149395062737408], [36.80221606523351, -1.3149275023654914], [36.801930059252314, -1.314700522929128], [36.80174105529938, -1.3145495366076307], [36.80171705479755, -1.3145305383288597], [36.80148504992916, -1.3142955595960102], [36.8013909739549, -1.3141996362774504], [36.80123204361947, -1.31403758394386], [36.801060041010324, -1.3138635986906553], [36.80098572545072, -1.3137878895426833], [36.800985837453034, -1.3137878615451688], [36.80095403878579, -1.313755608464244], [36.800870849041765, -1.3136764856270182], [36.80083103620712, -1.3136386190549365], [36.80082118400062, -1.3136291469124], [36.800792553400264, -1.3136016204041279], [36.800407114324365, -1.313248644362578], [36.80021721034542, -1.3130747351082557], [36.79996532906792, -1.3128440689926324], [36.79987839924654, -1.3127644602003334], [36.79987101609185, -1.3127576988125655], [36.79963407413407, -1.3125617205637417], [36.79932700470912, -1.3123077395686762], [36.798869995181086, -1.3120357642455047], [36.7988681151419, -1.3120346593458478], [36.79885635390571, -1.31205546547339], [36.79888978660276, -1.3120753806664192], [36.798875995328395, -1.3121077577512414], [36.79886099502763, -1.3121357552314021], [36.79883599453811, -1.3122187477554772], [36.79882799438092, -1.3122437455037754], [36.79882099424286, -1.3122637437027167], [36.7987969937581, -1.3122977406447753], [36.79878899359745, -1.3123117393850194], [36.798713992091685, -1.3124457273267798], [36.79860123082758, -1.3126463672704358], [36.798586989541604, -1.312671706989884], [36.798442986630015, -1.312865689544149], [36.798410677966615, -1.3128776884727469], [36.79839298560112, -1.3128776884785718], [36.798371365155226, -1.3128798502907406], [36.79835298477615, -1.3128816881310312], [36.798285983397335, -1.3128976867103423], [36.798285877395244, -1.3128977567040712], [36.79828198331506, -1.3128986866214827], [36.79822298210908, -1.3129376831242603], [36.79812644913629, -1.3130030062652362], [36.79812398008573, -1.3130046771153328], [36.798082586242636, -1.3130413628206858], [36.79794797650082, -1.3131606631065997], [36.79784697444413, -1.3132516549342512], [36.79778897325351, -1.3132746528794492], [36.79775497255123, -1.3132746528906465], [36.797752972509926, -1.313274652891305], [36.79770497151447, -1.313262653989152], [36.797660970602664, -1.3132536548151492], [36.79763333303071, -1.3132502711294658], [36.79756350358552, -1.3132417219234287], [36.79756296857441, -1.3132416559295503], [36.797491967111036, -1.3132516550511586], [36.797450966269366, -1.3132676536220012], [36.79741696556708, -1.3132676536331982], [36.79738596492374, -1.3132586544549139], [36.79735496428211, -1.3132546548257429], [36.79730596326997, -1.313254654841879], [36.79729715508826, -1.3132554497731592], [36.79720516119075, -1.3132637540545586], [36.79716096027897, -1.3132676537175036], [36.797153472124585, -1.3132685176420438], [36.79708295867072, -1.3132766529315945], [36.79700795712927, -1.313300650792218], [36.796938955706864, -1.3133096500034356], [36.796867954245094, -1.3133246486741599], [36.79709395895204, -1.3134436378694325], [36.797195333071066, -1.3135206158941812], [36.7972447591042, -1.3135581484932262], [36.79730596338353, -1.3136046232820162], [36.79737834990174, -1.3136753568794344], [36.79739093416565, -1.3136876537663111], [36.79752596799772, -1.3138196038226004], [36.7975495934932, -1.3138426207391958], [36.79756496881559, -1.3138576003832652], [36.7975979695155, -1.3139135953227927], [36.79760696971628, -1.3139595911719157], [36.79760538070036, -1.3140114974914758], [36.79760396968614, -1.3140575823360963], [36.79761597000708, -1.314282562043433], [36.797625970230236, -1.3143335574413224], [36.797636025458054, -1.314395711832996], [36.79764797072878, -1.314469545170734], [36.79765397086892, -1.3145195406601133], [36.7976466497299, -1.3145570552794439], [36.797645970717035, -1.3145605369657098], [36.79764491569612, -1.314563213724622], [36.797550113816094, -1.3148038050592772], [36.79753792757439, -1.314834731274339], [36.79743596655233, -1.3150934889730643], [36.7974347015307, -1.3151074047185478], [36.797434594528866, -1.3151085756129992], [36.79742096629609, -1.3152584740996074], [36.79743096653509, -1.3153584650790624], [36.79743096653561, -1.315360060935101], [36.79743096654613, -1.315392462013163], [36.79741596627074, -1.315498452459782], [36.797408966135926, -1.3155284497569038], [36.79738696569898, -1.3155824448948588], [36.7973599651627, -1.3156484389524037], [36.797353963041814, -1.3156578691039449], [36.79735296502173, -1.315659437962745], [36.79728796370477, -1.315738430860588], [36.797278511512374, -1.3157471550769593], [36.797274963440124, -1.3157504297827296], [36.79721496221894, -1.3158064247529486], [36.79720696205494, -1.3158104243948725], [36.797197961869415, -1.315811424307663], [36.79715050589861, -1.3158405266988489], [36.797125701391174, -1.3158557393350694], [36.79708922264493, -1.3158781103297421], [36.79705821301059, -1.3158971276249503], [36.7971174412474, -1.3159382658954515], [36.79717896152532, -1.3159604108780574]]], [[[36.79844292862923, -1.3128667104520988], [36.798442986630015, -1.312865689544149], [36.79844423165591, -1.312866191498426], [36.798442986630334, -1.312866689453972], [36.79844292862923, -1.3128667104520988]]]]}}, {"type": "Feature", "properties": {"county": "NAIROBI", "subcounty": "Roysambu  Sub County", "ward_count": 5}, "geometry": {"type": "Polygon", "coordinates": [[[36.89095088279825, -1.218451224424389], [36.89076087900932, -1.2188861852761868], [36.890733358479615, -1.219012326914421], [36.89064787683425, -1.2194041386234333], [36.89059887589959, -1.2196571158354725], [36.89058701372686, -1.2198953243674242], [36.89119374031141, -1.2201159272964353], [36.891144367301955, -1.2201464305620848], [36.89077935181657, -1.2202974040654249], [36.89058834389774, -1.2203703905450942], [36.89037733559076, -1.2205243627308848], [36.889991319761116, -1.2209702826545537], [36.88969530774593, -1.2212752282578472], [36.88896627794558, -1.2220730855631772], [36.887531218817514, -1.223661799797453], [36.88695519611842, -1.2242756896382614], [36.886545178766696, -1.2246326255900029], [36.88584815053427, -1.2251255373730716], [36.885340129165186, -1.2254984699129239], [36.885339129144555, -1.2254984699132319], [36.88527183077096, -1.2255478444832788], [36.88506111847012, -1.2257024336133369], [36.88442709252323, -1.2261483536129127], [36.88355936180384, -1.2267580759191083], [36.88325604360987, -1.2269712068006293], [36.88302203483235, -1.2271391757318333], [36.883022034832656, -1.2271401756416933], [36.88287802889249, -1.2272431574031475], [36.882710488477066, -1.2273798601322283], [36.88248101179884, -1.2275670993248824], [36.882229001650785, -1.227738068991127], [36.881170958048834, -1.2284949330924], [36.88077778801989, -1.2287710353252543], [36.88054593328526, -1.2289338547199993], [36.88007491366955, -1.2292747931324475], [36.87830284050003, -1.2305795590650068], [36.87817446188373, -1.2306872333986547], [36.877973827794875, -1.2308555102917043], [36.877947351255095, -1.2308770133615445], [36.87680678000113, -1.2318033402123814], [36.876250756654635, -1.2322212647113853], [36.87608331124009, -1.2323547747281998], [36.87592974310843, -1.2324772187382178], [36.87475069507563, -1.2334540440486472], [36.87418167148058, -1.233936956693387], [36.87413280548257, -1.2339708896496442], [36.873942662599035, -1.2341029278061246], [36.873460241768754, -1.2345127670110405], [36.87345669969663, -1.2345157757409009], [36.87305594553055, -1.2348562351747896], [36.872997623342, -1.2349057837262785], [36.8727886150832, -1.2350837517482585], [36.872475601704366, -1.2353477040514944], [36.8721955910188, -1.2356516497393022], [36.87159956594927, -1.236405513967281], [36.87130355395706, -1.236786445720012], [36.87104754379072, -1.2371683773701216], [36.87081453410942, -1.2375843019487651], [36.87065764098221, -1.237945497437189], [36.87047752139211, -1.2383601631127095], [36.87036799620339, -1.2385936990943236], [36.87036736019071, -1.2385950569721373], [36.87036451613382, -1.238601119426482], [36.87030134087171, -1.2387369891980085], [36.87027851341565, -1.2387860857792021], [36.869768492253286, -1.2399698732232096], [36.86959848585551, -1.240330807738906], [36.86926347218661, -1.2411286649182813], [36.86899146176612, -1.2417575513101844], [36.86864844793486, -1.2425634067706066], [36.86840843813013, -1.2430463193114978], [36.86823043055888, -1.2433792603526743], [36.86820378302054, -1.2434172229387332], [36.86768440852947, -1.2441571203997108], [36.86748040048425, -1.2446930241519034], [36.86736339615574, -1.2449729729510852], [36.86727456934935, -1.2450599771354345], [36.86716638814927, -1.245165938616803], [36.86688539339443, -1.2453098927272241], [36.86672337007614, -1.245392898294973], [36.866390356238426, -1.2455068781237855], [36.86617934691963, -1.2456238566442563], [36.865530320737754, -1.24631473256462], [36.86525430912882, -1.2465986820527772], [36.86519865999798, -1.2466559209101096], [36.86396925701483, -1.247920444297262], [36.86370924673871, -1.2482123920592916], [36.86351112671362, -1.2484195264479452], [36.86315116240052, -1.24879586263359], [36.862725205746834, -1.249241207618489], [36.862452195197356, -1.2495171578268172], [36.862168183424814, -1.2498061058666334], [36.86110213976804, -1.2509239054291856], [36.860959270866836, -1.2510776046176153], [36.86066812195454, -1.2513908214718208], [36.85930606627628, -1.2527935694379133], [36.85906705642245, -1.2530495234381012], [36.85791100994049, -1.254272303563686], [36.85766800000433, -1.2545292574748081], [36.857500992614966, -1.254715224761706], [36.85670670543082, -1.2553928899174713], [36.85659395613345, -1.2554890852805316], [36.856049933036545, -1.2559150090531321], [36.85563191651052, -1.2562439505292782], [36.85440386646571, -1.2572207748511783], [36.85416193953395, -1.2574198109834405], [36.85394084702676, -1.2576017066543381], [36.85359583299385, -1.2578866550736936], [36.85330182097723, -1.2580546250231062], [36.85270479672173, -1.2582735864712364], [36.85258969035174, -1.2582930057567714], [36.85198176683501, -1.258395564702671], [36.85192631169021, -1.2583951347589222], [36.85146674520267, -1.2583915662258456], [36.85096315880599, -1.2583863468555496], [36.85095544464662, -1.2583862668651926], [36.85094874650831, -1.2583861968736134], [36.84934465739092, -1.2583695708794644], [36.849136583091536, -1.258356383134127], [36.84885563628649, -1.2583385768281703], [36.84812435119064, -1.2583385780592158], [36.848084604370236, -1.258338578071774], [36.847430577883095, -1.2583835702221817], [36.84720756828189, -1.2583915685715132], [36.847018560394865, -1.2584385603947028], [36.84647453823635, -1.2586695187447519], [36.845757700554984, -1.2590441471970448], [36.845682505014906, -1.2590834446779424], [36.84498847678752, -1.2594043879628374], [36.84451345706013, -1.259657342308157], [36.84433726045202, -1.2597511039108866], [36.84395543463287, -1.2599542887135735], [36.84340341131667, -1.2602102438127385], [36.843013395322096, -1.2603932104409068], [36.84286538927971, -1.2604352027018697], [36.84281214018549, -1.2604516122393512], [36.842719383279544, -1.2604801946918325], [36.84252037511408, -1.2602972282501061], [36.84248137330274, -1.260277232065224], [36.84236936895523, -1.2601642522861685], [36.84230836666661, -1.2600702687785206], [36.842249363419235, -1.2599762862701411], [36.84224808337389, -1.2599156297389367], [36.84233136698532, -1.259569359930235], [36.84269938118502, -1.2582915890094672], [36.84274292603369, -1.2581300875555175], [36.842978392623046, -1.2572567752126824], [36.843136398731126, -1.2567618647800334], [36.84332940654971, -1.256227960851699], [36.843336063683694, -1.256216806855118], [36.843622418446195, -1.2557370490158926], [36.84396243126984, -1.2551071626937738], [36.84461045827425, -1.253903379011867], [36.84481739642877, -1.2535245950942753], [36.844817425429376, -1.2535246070930968], [36.84482489257927, -1.2535108743287786], [36.84494147091969, -1.2532974875289868], [36.845404490211415, -1.2524366419885402], [36.84559749808431, -1.2520767073758008], [36.84589351003437, -1.2515578000619927], [36.84605213422105, -1.2512739556004566], [36.84606134240608, -1.251257478083055], [36.84620384126883, -1.2510024880253445], [36.846204091274, -1.251002711005183], [36.84632052661307, -1.2507939377893316], [36.846500615232955, -1.2504779952145775], [36.84674054405578, -1.2500570700850338], [36.84689855021833, -1.2497361279679349], [36.84695755639964, -1.249617152674756], [36.84707755780205, -1.2493751924493282], [36.847146560172675, -1.2492012241106627], [36.84717656173733, -1.249024256054562], [36.847197562097996, -1.2487882983189627], [36.84718856184208, -1.2485613397816013], [36.84709955790321, -1.2482323984626635], [36.84691254993267, -1.2478754626980428], [36.84659653629494, -1.247505530145317], [36.84638752791218, -1.2472845701294861], [36.846107516026656, -1.2469436319515124], [36.84573750020302, -1.2463427402352627], [36.845494667035204, -1.2458401976131404], [36.84549449003142, -1.2458398306462453], [36.845297480837516, -1.2454279048409556], [36.844968466840484, -1.2447620249692655], [36.84478145884485, -1.244323104593822], [36.84463645271971, -1.2438951812137984], [36.844636439719416, -1.2438951012210067], [36.84463578570471, -1.243891069584659], [36.84461785430046, -1.2437804745596919], [36.84461545724648, -1.2437656938927542], [36.844602346950964, -1.2436848381855272], [36.84460169993641, -1.243680846545575], [36.8446014959318, -1.2436795866591936], [36.84455944898403, -1.2434202670483125], [36.84446244479068, -1.2427993790473117], [36.844289436735764, -1.241225662959636], [36.84413342909247, -1.2398479112005163], [36.84398142252467, -1.2384451636917302], [36.84395442489629, -1.2382132046089154], [36.84378841303256, -1.2367864622656868], [36.84360440472326, -1.2351157639160573], [36.843531400957, -1.234266916451303], [36.843487702901704, -1.2337647927245647], [36.8434755176074, -1.233624777348772], [36.84345639714568, -1.2334050721581131], [36.84340539495097, -1.2329401550797268], [36.84334439259778, -1.2326322108552896], [36.843238388335095, -1.2323882548771532], [36.8431943863932, -1.232278274803905], [36.84308481607922, -1.2321075872227614], [36.84297937685255, -1.2319433350602533], [36.84277636856295, -1.2316193943214067], [36.84233753538365, -1.2312253889705613], [36.84233743138147, -1.2312252959789676], [36.84234735058622, -1.231225464960684], [36.84220234455251, -1.2310934889010765], [36.84204533726532, -1.2309425165573957], [36.84163632068939, -1.2305085947948007], [36.84145711892181, -1.2302848630158612], [36.841230303153154, -1.2300016866095624], [36.8410819790216, -1.2297729662706303], [36.8409942931702, -1.2296377514850125], [36.840810285262975, -1.2292808167133655], [36.84039426742862, -1.228471961745604], [36.83982524335279, -1.2273901574256785], [36.83970623781526, -1.2271242054328702], [36.839579233106875, -1.2268392571545454], [36.8392002170526, -1.2260823934875842], [36.83917021541565, -1.2260244037235208], [36.83892420517948, -1.2255054975680593], [36.83863319196675, -1.2248296195739745], [36.83842418354824, -1.2244876804567577], [36.83818917357839, -1.2240977516726719], [36.83790916168978, -1.2237418158385993], [36.83750814427489, -1.2232928964218894], [36.83710912791825, -1.2228999679580383], [36.83710512783469, -1.2228969682296418], [36.83674111221059, -1.2225370337811894], [36.83600908187118, -1.2217881684984633], [36.8359280781761, -1.2217131822815404], [36.83558906403108, -1.2212302689085182], [36.835504060185535, -1.220930322967435], [36.83542305643888, -1.2206843681590218], [36.835423056398746, -1.2205513921434412], [36.83543705659971, -1.220259444450973], [36.83553306041265, -1.2196985449725841], [36.83568006623581, -1.2189956712736927], [36.835819071886654, -1.2182688027394295], [36.835827071962434, -1.2179718554989782], [36.83570706620587, -1.2170450230647112], [36.83553605849841, -1.2164571290995203], [36.83539205243538, -1.21615818308523], [36.8351960442447, -1.2156792693056067], [36.83477402619783, -1.2145674696313178], [36.83472174908872, -1.2144684235733474], [36.833878609111, -1.2125676671264767], [36.83350329509507, -1.2116764485563134], [36.8334948949155, -1.2116559204088244], [36.83348406368394, -1.211629448797731], [36.83310403155653, -1.210690457533369], [36.83305931354591, -1.21039842186462], [36.83305636747932, -1.2103790996067008], [36.83305543345821, -1.2103729361624416], [36.83306174143635, -1.2098645339764342], [36.83306503849407, -1.209829924094357], [36.833066847525714, -1.2098109268058168], [36.83314937923786, -1.209838238319468], [36.83389705174854, -1.2100856607953638], [36.83394499576392, -1.21017111707965], [36.834054453082175, -1.2103662154645534], [36.83427336866884, -1.2105898642433066], [36.83463029510057, -1.2107992372665324], [36.83493011329633, -1.210818271460054], [36.835248967872225, -1.2107944785073086], [36.83556782147658, -1.2108658559780103], [36.835646822105744, -1.210859730506042], [36.83589694226384, -1.21084033717771], [36.83633878339637, -1.2108753728860049], [36.83666331110414, -1.210901106468277], [36.836829139512716, -1.2108510569283095], [36.83699881000031, -1.2107998484916076], [36.83717490461994, -1.2107467002277004], [36.83739908526967, -1.2108184306952732], [36.83758739614938, -1.2107915320621068], [36.83780240062001, -1.2108980134007727], [36.83780768472989, -1.210900630163296], [36.838079247320614, -1.2108478318389586], [36.838322709332715, -1.2108004980306288], [36.838645528978525, -1.210737733588834], [36.83874154696173, -1.2107406412975834], [36.839087442105765, -1.2107511162484312], [36.83938980930657, -1.2106122066749307], [36.83972159611051, -1.2104597803106567], [36.840067914160166, -1.2101255173290024], [36.84010515591822, -1.2100895725569567], [36.840286907687215, -1.2101459544206994], [36.841833660762546, -1.210625779708933], [36.8418585522759, -1.210624001861706], [36.84187770067077, -1.2106226349789564], [36.84190129316018, -1.2106304982631755], [36.84199251705, -1.2106525152513228], [36.84203341090271, -1.2106808226878594], [36.84207430374691, -1.2106808226754306], [36.84208488396347, -1.2106746522282292], [36.844219493305125, -1.2115933857823706], [36.84557197039933, -1.212175489910625], [36.84559425686225, -1.212185082039375], [36.84559449086711, -1.2121851150363325], [36.845629264586364, -1.2121900205836125], [36.845750754099456, -1.2122071580022624], [36.84600458937915, -1.2123395289953856], [36.846304947616346, -1.21246255381664], [36.8463918284204, -1.21249813958313], [36.84690268802948, -1.2127093273947838], [36.846964522313556, -1.2127348890723397], [36.84746140163562, -1.2129518123712855], [36.84763637027194, -1.2130334549601216], [36.84796877818034, -1.2131885608801847], [36.84851697856718, -1.21342414448161], [36.8488871872551, -1.2135770985839724], [36.848994029473886, -1.2136212415730907], [36.84925181482674, -1.2137263140249788], [36.849360273078844, -1.2137705220077388], [36.849439742732045, -1.2138130611496847], [36.849538418784796, -1.2138658823591626], [36.84959121688309, -1.21389414479597], [36.84981982865678, -1.21407608032943], [36.849934683021786, -1.2140563870693146], [36.849991906199996, -1.2140465749361689], [36.84999203320261, -1.2140465529381108], [36.84997523681559, -1.2139121990517676], [36.84998792004202, -1.2137943756666645], [36.850036036902665, -1.2133526964578725], [36.8501369879106, -1.21309968822921], [36.85020010111242, -1.2127631565393981], [36.85014209890262, -1.2127214403166868], [36.850142628912835, -1.2127188575492571], [36.85023732072906, -1.2122571791285024], [36.85032949546142, -1.2116890273039673], [36.85040066782808, -1.2113472020885747], [36.85056474792903, -1.2103919271302455], [36.85059530450648, -1.2102140241538495], [36.850611422811106, -1.2101201826061734], [36.85064969752174, -1.2098548455071592], [36.850703071512854, -1.2094848248377872], [36.85079013709851, -1.208777683539662], [36.85081119347309, -1.2085765786570688], [36.850811971486905, -1.2085691503262865], [36.85090084725908, -1.2083604491075783], [36.851053290295944, -1.2079928331911165], [36.85138507782602, -1.2069258512470282], [36.8519141434151, -1.2058140382827396], [36.85199232597629, -1.2056376221574943], [36.85289873307657, -1.2035923551995937], [36.85314461398676, -1.2030375371242144], [36.85330508731067, -1.2030764485690597], [36.85361561774283, -1.2031517446897377], [36.85365152948663, -1.203160451894223], [36.854045960656634, -1.2032560911562442], [36.854608033258344, -1.203256090986407], [36.85496672266203, -1.2032560908780228], [36.85562182811995, -1.203041400027606], [36.85604328769915, -1.2026379192611927], [36.85622263230483, -1.202315134295749], [36.85644681273217, -1.201642666829168], [36.85633354834632, -1.2014812534094574], [36.86014457731047, -1.1991389243440036], [36.860327689728024, -1.1979184412741204], [36.86154844274267, -1.1973081988992609], [36.86211968945455, -1.1970446044814875], [36.86212595858315, -1.1970417107404006], [36.86214434096004, -1.197033228499175], [36.86247443149685, -1.1961012223879581], [36.86241808516676, -1.195536322310821], [36.86255609677605, -1.1947273781668162], [36.86266567392605, -1.1943498801519008], [36.86270283865268, -1.1942132044570906], [36.86277498706338, -1.1939478753452188], [36.86287774105311, -1.1935043922781896], [36.862925981987274, -1.1932961850259642], [36.8629947893301, -1.1930343625989814], [36.863248995257464, -1.1919526729967207], [36.86324911225984, -1.1919524390178395], [36.86330914246342, -1.1918325708014963], [36.86376293935967, -1.1902392362438903], [36.86408725311189, -1.190438792164646], [36.86438661936187, -1.1906820001592981], [36.86468286753749, -1.1908909102453722], [36.86508825996101, -1.1910842297036741], [36.86561215184119, -1.1913149657547324], [36.86605496504621, -1.191539465391958], [36.86627948972951, -1.191707840152004], [36.866422936752535, -1.1919198680025433], [36.86644476531608, -1.19230338943567], [36.86644476536575, -1.1924717642628224], [36.86648842331466, -1.1926339026388797], [36.86652584411453, -1.1927274451982182], [36.8667004748051, -1.193020541733752], [36.86714952415526, -1.193301167310866], [36.86769836351694, -1.1934196534690504], [36.867929125299554, -1.193488250218289], [36.8681536499553, -1.193563083407463], [36.86849043691859, -1.193606736372666], [36.86872119870484, -1.193687805997844], [36.869139065413236, -1.193974667022031], [36.86944154972843, -1.1942209927335117], [36.869628654654264, -1.1944392570083884], [36.86980952143839, -1.1946138682188572], [36.87022738813937, -1.194875784490584], [36.87088990582093, -1.1949070244764677], [36.872202530075064, -1.1954682855033065], [36.8724897360109, -1.1954985906860431], [36.8725528453152, -1.1955052500669803], [36.87272749994309, -1.1955852908014302], [36.87290250356783, -1.1956302866939426], [36.87305850679103, -1.1956432854756702], [36.873207509865885, -1.1956432854309107], [36.87322097114318, -1.1956414435928737], [36.8734920597264, -1.195604350854087], [36.87349252873604, -1.1956044008495328], [36.87466796213993, -1.1961032755388399], [36.87532912279283, -1.196134755503148], [36.87602176641227, -1.197236566001122], [36.87655813966376, -1.1978547351306088], [36.87752580796268, -1.198969973333598], [36.87873389398212, -1.199275280454908], [36.87901272775671, -1.1993457470203852], [36.880243187239074, -1.199656707625149], [36.88118511066693, -1.199629068832063], [36.8825537157428, -1.199076700200143], [36.88286743211009, -1.1987197232771512], [36.88286880813819, -1.1987186753711778], [36.883638798852154, -1.198132532963503], [36.88416891565568, -1.19767865070854], [36.88505761788024, -1.1972995246084832], [36.88509486964127, -1.1972736589284083], [36.88619103403301, -1.196512516193803], [36.88635124730576, -1.196401269171377], [36.887185882355126, -1.1958217251496275], [36.8877300025273, -1.1956380085428109], [36.88811883656867, -1.1957012427272071], [36.888357508504605, -1.1957400571574828], [36.88901321503483, -1.1957449945154932], [36.889252841024536, -1.1958992575410188], [36.88932768355499, -1.1958532856615074], [36.88946876744024, -1.1957666264290796], [36.88972422472627, -1.195818647664008], [36.8897309198665, -1.1958256950268367], [36.88983472897909, -1.1957270868823762], [36.88991728067357, -1.1956976075143408], [36.89004110822319, -1.195679920071102], [36.890182625142955, -1.1956799200285717], [36.890276970082475, -1.1956563361256398], [36.89042438411348, -1.1956209612693813], [36.890512831929634, -1.1955914808996673], [36.890592435558936, -1.1955472618608225], [36.89071626310147, -1.1955059905430119], [36.89078702155784, -1.1954941985844603], [36.89085778001946, -1.195500095031753], [36.89093443561151, -1.195535469820762], [36.89098750471509, -1.1955649501479455], [36.891058263187176, -1.1956062214072778], [36.89121746946318, -1.195576741016216], [36.89163612505713, -1.1954293441741421], [36.891754056467555, -1.1953526970462514], [36.89186019364511, -1.1953114257337665], [36.89197812507472, -1.1952996337610466], [36.892078366148105, -1.195317322136859], [36.89223167631984, -1.1953468014341002], [36.89233781451136, -1.1953526968708525], [36.89245574594444, -1.1953526968354184], [36.892833124730245, -1.195352696722028], [36.893080779839764, -1.1953526966476151], [36.89332548687702, -1.1953143730279179], [36.89350238351962, -1.1952907901001117], [36.893602624587736, -1.1952907900699932], [36.89378541736762, -1.1953202693582758], [36.89393283141593, -1.1953438521886346], [36.894015383119054, -1.1953438521638298], [36.89408614157886, -1.1953438521425688], [36.8941215213018, -1.1953202692572866], [36.894180486502606, -1.1952672060218064], [36.894239451694695, -1.195184663443032], [36.89429252076517, -1.195102120865939], [36.894386865697626, -1.1950549530884689], [36.89454607297353, -1.195025473697437], [36.89474655510954, -1.1950254736372121], [36.894905762394146, -1.1950254735893857], [36.89500010734578, -1.1950431619668753], [36.89505907258495, -1.1951198080416594], [36.89523007318438, -1.1953615402047533], [36.895406968893184, -1.1955620000855536], [36.895483624483404, -1.19559147940579], [36.895613348166655, -1.1956150632413496], [36.89576665934175, -1.1956563344757274], [36.89590228015011, -1.1956917102467812], [36.896026107725724, -1.1957624608332806], [36.89647184091707, -1.1957477240274357], [36.89691076092884, -1.1956014330796956], [36.897261640132946, -1.1954844865138494], [36.8980995054582, -1.195619719074368], [36.898485469439116, -1.1956820143440643], [36.89923644596748, -1.1958032231944662], [36.899726159093525, -1.1958822639238018], [36.90091591361929, -1.1958208680993097], [36.90142217407121, -1.1958484464615715], [36.901647324713466, -1.195840070148802], [36.901647365714226, -1.1958400681489698], [36.90159786967107, -1.1957652299085586], [36.90147446507011, -1.195578638762206], [36.90116814861205, -1.195109172164572], [36.90100960627709, -1.1948916618150482], [36.900952220069925, -1.1948129319277867], [36.90095215906874, -1.194812884932037], [36.90063585945897, -1.1945267328160734], [36.90032954308347, -1.1943359341035218], [36.90015880952559, -1.1942154290150768], [36.90000110423513, -1.194089704393201], [36.89997301464902, -1.1940673044203118], [36.899972986648436, -1.1940672754230193], [36.89986253533417, -1.1939468043133734], [36.89981711636675, -1.1938435906289082], [36.899807331158286, -1.1938212986408834], [36.89980722015592, -1.1938210986589226], [36.899743730812574, -1.1937074659188898], [36.8996165621219, -1.1934798584696331], [36.899609599974426, -1.1934669886315856], [36.89953231533787, -1.1933241355290418], [36.8993240349284, -1.1929423300007242], [36.89927500889033, -1.192852219136409], [36.89910539630925, -1.192574508215044], [36.89910521830548, -1.1925742172413856], [36.899074145649436, -1.192523341835648], [36.89904279298701, -1.192470439612751], [36.89899404095684, -1.1923875710955087], [36.8989760835805, -1.1923675829022944], [36.89892443449802, -1.1923100930987995], [36.89888838274231, -1.1922697197481502], [36.89886826032056, -1.192247185784977], [36.8988673253012, -1.1922469158096547], [36.89863203338213, -1.192026603734987], [36.89830602658554, -1.1917856255498704], [36.89790901831592, -1.191516649909177], [36.897780625636955, -1.191414412161353], [36.897739134771285, -1.1913813731512963], [36.89768801370458, -1.1913406658351826], [36.89767996353619, -1.1913326665584532], [36.89752701033596, -1.1911806803013745], [36.89751208302344, -1.1911651327070463], [36.89750282882979, -1.1911560765259253], [36.897446632654294, -1.1911010814989058], [36.897370824068425, -1.1910268942073774], [36.89729148440875, -1.1909492462288471], [36.897125769947145, -1.1908036394005101], [36.89711829978888, -1.1907898576447733], [36.896870699546206, -1.1903330908826788], [36.896846870042005, -1.1902900897650497], [36.89676678934727, -1.1901455818119506], [36.8966254793569, -1.189890582834621], [36.89658865657764, -1.1898241358337993], [36.89652798929417, -1.189715812613865], [36.89642498711414, -1.1895288294954864], [36.89638302222599, -1.1894528353564775], [36.89633497920922, -1.1893660651905777], [36.89624018921182, -1.1892237260462974], [36.89614973030559, -1.1890878883148968], [36.8959957230377, -1.18877977512762], [36.895971776531894, -1.188739869730969], [36.895924647536496, -1.188661329822921], [36.895856600099236, -1.1885479300626691], [36.89567064417175, -1.1882380380451114], [36.895631155336595, -1.188168684306864], [36.89559796963508, -1.1881109575190085], [36.89559820463981, -1.188110814531812], [36.896254983071884, -1.1877109933666001], [36.896887996025576, -1.1873520255269907], [36.89694599717102, -1.1871780411887092], [36.89700353229669, -1.186969615954266], [36.89700699836453, -1.1869570610846696], [36.89704499911884, -1.1868560701743514], [36.89685927527375, -1.1868099043901013], [36.896449708785774, -1.1866787703297073], [36.89628440133999, -1.1865581612480016], [36.89600249243649, -1.1862601281897975], [36.89571519939867, -1.1858826442929964], [36.89562303546173, -1.1857615472332974], [36.89539530063615, -1.1853279783726631], [36.89519496534919, -1.1848032317202164], [36.89516493965397, -1.1845448890097265], [36.89507109651818, -1.1838637454189211], [36.89507112251869, -1.183863641428276], [36.89509087989996, -1.1837739815020232], [36.89513701279054, -1.1835649163281345], [36.89513343470011, -1.1835083254288838], [36.895125811507505, -1.1833877542963205], [36.89512580450734, -1.1833877242990232], [36.89505289395273, -1.1832155828331783], [36.89497920040318, -1.1831157728493962], [36.89483025927128, -1.1829138220922837], [36.894655315600595, -1.1827039060606916], [36.89438564794232, -1.1823801233180442], [36.894216473393676, -1.1821806963393884], [36.89411422323969, -1.1820285000846913], [36.893842763521, -1.1816247265505742], [36.89368332416673, -1.1814027905971185], [36.893383047849504, -1.1809848143511994], [36.893136060655316, -1.1806476278090987], [36.89309584680966, -1.1805926987707804], [36.89309425177606, -1.1805905199675877], [36.893001154818215, -1.180463358454024], [36.8928148028909, -1.1801806919808404], [36.892665519744824, -1.1799541694374], [36.89255466140861, -1.1797859546283607], [36.892445613118156, -1.179646644214142], [36.89226390530142, -1.17941431420347], [36.891930748286896, -1.1789313438230185], [36.8919307242864, -1.1789313088261761], [36.891863504871594, -1.1788353514929062], [36.891609570526825, -1.1784728712312604], [36.89147607371694, -1.1782822194504683], [36.89101526801516, -1.1776149217168848], [36.890592989104285, -1.1769334632473354], [36.890274032355805, -1.1763572912596856], [36.890081554293594, -1.176044763477871], [36.889910422682, -1.175766894566642], [36.88967851977866, -1.175358904398256], [36.8895435069143, -1.1750883278190571], [36.88947085537303, -1.174942707961843], [36.88923288136039, -1.174589314875255], [36.889200905690174, -1.1745531541430496], [36.889162323881465, -1.1745095210860133], [36.88913485530574, -1.1744784568933073], [36.88904381939748, -1.1743755031969978], [36.88902221694465, -1.174351073404592], [36.888939197204465, -1.17425718488911], [36.88893914120337, -1.1742571378933568], [36.89071066618749, -1.1723090299070984], [36.897866646040356, -1.1626894345618675], [36.898574493340064, -1.1616362562467322], [36.898656853045395, -1.161658203245292], [36.89906836656632, -1.1617678642445453], [36.89941410070802, -1.1618007511804873], [36.89958376320109, -1.1617765263136353], [36.89975982082591, -1.1617513885270958], [36.900187842608354, -1.1615868452274725], [36.90071464940968, -1.1613564848292246], [36.901376466957046, -1.1609904186186841], [36.90148832724683, -1.1609285461607888], [36.902146879775216, -1.160731093759091], [36.903068739768266, -1.1606488069040604], [36.904221132535476, -1.160632311053986], [36.90483024608622, -1.1605829623225803], [36.905142995556496, -1.1606488142980087], [36.906081345016766, -1.1610108734021414], [36.90669046465251, -1.1612577169832619], [36.907134910839204, -1.161323576919304], [36.90768104912607, -1.1613978280696318], [36.90823790361475, -1.1614058341856606], [36.90881408147598, -1.1613235594305573], [36.90932446198945, -1.1612741367345105], [36.90965367776119, -1.161208309569617], [36.910098137943216, -1.1612577189878999], [36.91031102834968, -1.1613109131327461], [36.9107566495734, -1.1614222579701632], [36.91144809583557, -1.1614223187626287], [36.91264152744768, -1.1614090146128193], [36.91409000334207, -1.161472093506027], [36.91448634753076, -1.1615200110726458], [36.91448628152935, -1.1615201980558325], [36.914580023465064, -1.1615277983436365], [36.91767043240446, -1.1622188471738304], [36.917697245959936, -1.162227425393048], [36.92017053619829, -1.1630187013710316], [36.92020016382094, -1.1630587767513418], [36.92035995817885, -1.1632749212284899], [36.92062678178594, -1.1636358376293836], [36.92135876216788, -1.1646259431991863], [36.92187060792394, -1.165318286663373], [36.92217162117004, -1.1654502626829484], [36.92366040406212, -1.166101299582032], [36.92448966326892, -1.1664639306620253], [36.92502240132301, -1.1666968935134545], [36.92507074132595, -1.1667180325943898], [36.92505632803482, -1.1667389727116575], [36.925376076743646, -1.167135553881713], [36.925645181468965, -1.1677426940926985], [36.925721902185764, -1.1682076491724618], [36.92597844151751, -1.1683498782805262], [36.92633768094103, -1.1684017814978673], [36.92674802353064, -1.1688411377859838], [36.92741500140531, -1.1692548433097507], [36.92777414487537, -1.1694746273987124], [36.928236003429944, -1.1695782569244872], [36.92852953647044, -1.1695338698379336], [36.92891610842547, -1.1694754139918666], [36.929107928352025, -1.1693748489975915], [36.92927091672554, -1.1694175441023107], [36.93063454787252, -1.1695084315108395], [36.93167581736517, -1.1695778339502552], [36.93209808210746, -1.1696971410747414], [36.9321652584974, -1.1697133785917504], [36.93277381608924, -1.1698604701575663], [36.9330820754891, -1.1700094356429331], [36.93473002470187, -1.1708044385157923], [36.93515216846577, -1.1710080890392724], [36.935176774977464, -1.171022939693728], [36.936138800968784, -1.1715530736365294], [36.936633282232044, -1.1717836497119802], [36.937053757966304, -1.1720040507261558], [36.937271250484194, -1.1721180533884372], [36.93780570854999, -1.172273902186034], [36.93788339416032, -1.172303282515469], [36.93842216331335, -1.1724536618047015], [36.93846691123989, -1.172466710615583], [36.938510050133075, -1.1724792894692517], [36.93888404588007, -1.1726009923913228], [36.938970000656056, -1.1726134112467568], [36.9393330951581, -1.1726658714119824], [36.939410162764794, -1.1727261999525642], [36.93940328762694, -1.1727397577328487], [36.939671350177036, -1.172817925609365], [36.941180740761816, -1.174407240936054], [36.94157042991629, -1.174817564842525], [36.94244646610995, -1.1752664831267796], [36.94285746164686, -1.1754817496051742], [36.942993123464674, -1.1755528051614597], [36.94307449215488, -1.175595423296569], [36.9430612868871, -1.1756109868978244], [36.94328771561207, -1.1758042584130681], [36.9425304762288, -1.1765929435597484], [36.94091294532928, -1.1781429263517866], [36.93941134288435, -1.179912648305299], [36.939118330938754, -1.1802415887471205], [36.93880031847326, -1.180555532547982], [36.93844830431663, -1.1809034702952454], [36.93811329051112, -1.1812534078571877], [36.93769527301726, -1.1816823303253248], [36.937338258766246, -1.182060262370783], [36.93702524641475, -1.1824111998359674], [36.93666623111937, -1.1827781338731231], [36.93635221874599, -1.183125071699034], [36.93606920699406, -1.1834110200122712], [36.93572519300449, -1.1837659561262626], [36.93539617932061, -1.184108895316964], [36.93504016509266, -1.1844948256410197], [36.93494416114113, -1.1845908080191545], [36.93476015340316, -1.184782773773032], [36.93472139058859, -1.1847308594634378], [36.93436685939614, -1.1851337162615658], [36.93342885636678, -1.1861995774799277], [36.93337640530272, -1.1862591771240663], [36.93311163592498, -1.1865383960382223], [36.932243668295634, -1.1874537328015076], [36.93221341068097, -1.1874856409347536], [36.93220994961161, -1.1874925623120278], [36.932182051052806, -1.1875483542920224], [36.93217130883161, -1.1875494751942133], [36.931409523397235, -1.1884828453002205], [36.93037047229499, -1.1895852822515176], [36.92954605954841, -1.1904482467212298], [36.92953590533552, -1.1904365627773312], [36.928929125011194, -1.1910762803026103], [36.92859263417734, -1.191433365220065], [36.927724512546625, -1.1923546184490676], [36.92627671012213, -1.1938199718126328], [36.92624559749012, -1.1938524948907165], [36.92623004217354, -1.1938666346209972], [36.9262241770544, -1.1938728960584037], [36.924528220614384, -1.1956835823711798], [36.923788558591134, -1.1964636922820258], [36.92211994667296, -1.1981321214072822], [36.92154416897215, -1.1987183057471686], [36.92117705849117, -1.1990229214023245], [36.92108491962057, -1.1991225264526018], [36.9210994639225, -1.199129305837115], [36.92099598781815, -1.1992296418249007], [36.9210142591973, -1.1992374251178881], [36.92025256971118, -1.1999885906436116], [36.91990038656957, -1.2003989407641462], [36.91970807766807, -1.200616867179971], [36.9196946883969, -1.2006334626881714], [36.91882356775148, -1.2017131916323551], [36.918641579065195, -1.2019387603561666], [36.91846718552518, -1.2021294962172282], [36.9181992730867, -1.202422513887583], [36.91800744720365, -1.2026686867572192], [36.91761696629927, -1.2031697957085663], [36.917581608564284, -1.2031505714520305], [36.917310088063005, -1.2034823426304053], [36.917133571475865, -1.2036621184799743], [36.91707661932323, -1.203736014836627], [36.916772373165834, -1.2041307803468855], [36.916177576069934, -1.2047075985359628], [36.915852683468, -1.2050397546956193], [36.915818343770205, -1.2050748625415681], [36.91562460083192, -1.2052685841392106], [36.91548581200977, -1.2054042529528428], [36.91523713495324, -1.2056473401176584], [36.9151059352855, -1.205775590597639], [36.91499373700314, -1.2058822370190352], [36.9148607292975, -1.206008661664068], [36.9146851497276, -1.2061811951660697], [36.91446113417483, -1.2064082127717146], [36.91427882647262, -1.2066024923155916], [36.91423106450265, -1.2066533907423764], [36.91401613113463, -1.2068713281637358], [36.913741950567434, -1.2071660916782714], [36.91361350895949, -1.2073041752709868], [36.91334711254711, -1.2075796225243045], [36.91316255579557, -1.2077641589470114], [36.912857719578426, -1.2079998367965419], [36.91284831538665, -1.2080071071440595], [36.91283805617835, -1.2080180531605644], [36.91282853298488, -1.20802821424762], [36.912763186657905, -1.2080979359830333], [36.9125203087258, -1.2083570756990425], [36.91194979612189, -1.208904399538655], [36.911854295179545, -1.2089960183095396], [36.911484287642374, -1.2093129898513946], [36.91109527969442, -1.2095669670770526], [36.91081027386331, -1.2097259528333302], [36.91053326818697, -1.2098509416515772], [36.91038826521396, -1.2099109362879734], [36.910255262487304, -1.2099669312811696], [36.909222241283594, -1.2103159001407713], [36.90913203243167, -1.2103457044817454], [36.90796021537618, -1.2107328629412957], [36.90666818885008, -1.2111518255709082], [36.90598517482955, -1.211380805139456], [36.90549616479099, -1.2115437905974655], [36.905120348073865, -1.2116616180913822], [36.90478815025245, -1.211765770804729], [36.904622742856475, -1.2118195370088396], [36.903939132821264, -1.2120417461879174], [36.90338665347989, -1.2122268326732988], [36.902578104881805, -1.2124977055042852], [36.902342100032676, -1.2125626997178496], [36.90181008910671, -1.2127256851891175], [36.901321622082534, -1.212900630569117], [36.90092507094455, -1.2130426568883386], [36.900741067166415, -1.2131016516268818], [36.90050906240258, -1.2131756450281412], [36.90037505965101, -1.2132186411935006], [36.90015105505063, -1.2132876350429986], [36.899453040715656, -1.2135036157881498], [36.89937603913436, -1.2135276136485948], [36.89858002280038, -1.2138195875740179], [36.89832901765401, -1.2139255780969942], [36.898201015029514, -1.213979573269158], [36.897921009292034, -1.214109561637946], [36.89743299930116, -1.2143655387140966], [36.89735499770552, -1.2144105346821252], [36.896832987025206, -1.214706508163473], [36.896411978430486, -1.2150084810731772], [36.8962979761032, -1.21509047371749], [36.8960269705709, -1.215285456225163], [36.895461959060796, -1.215772412505162], [36.89538795755426, -1.2158394064890925], [36.89538595751362, -1.215841406309434], [36.89495094865758, -1.2162353709316878], [36.89465470962309, -1.2164917689111725], [36.89449107028976, -1.2166334001949526], [36.894258934561044, -1.2168343171558478], [36.89395392835004, -1.2171052928241393], [36.89334089486802, -1.2176549434675457], [36.893285914748645, -1.2177042390409765], [36.89288990668568, -1.2180602070760822], [36.89238489638843, -1.218464170818202], [36.89215559168071, -1.218541020961281], [36.89202388897681, -1.2185851600230257], [36.89169888227882, -1.2186101578693547], [36.891510878401846, -1.2186161573861256], [36.89132887461444, -1.2185091670857868], [36.89127568250079, -1.218455350953025], [36.891159871075956, -1.218338182549687], [36.89115621799857, -1.21833130017122], [36.891065326071576, -1.2181600596342186], [36.890998883751784, -1.2183292354055246], [36.89095088279825, -1.218451224424389]]]}}, {"type": "Feature", "properties": {"county": "NAIROBI", "subcounty": "Kasarani  Sub County", "ward_count": 5}, "geometry": {"type": "Polygon", "coordinates": [[[37.08106213247084, -1.2375175314242122], [37.08897016206904, -1.233689348252302], [37.09746948597331, -1.2465716085621728], [37.08872783401231, -1.2496500656137823], [37.0881423600258, -1.249856246199181], [37.08771960845504, -1.2502764114299605], [37.087693625007645, -1.2505574320874566], [37.08765359932068, -1.2509973574146005], [37.087640596101984, -1.2511543642551781], [37.08758164207371, -1.2517493036042404], [37.087523584028915, -1.252231250146098], [37.08750662674056, -1.252426220563026], [37.08745160475929, -1.2529112418262416], [37.087439630564845, -1.2530781937690765], [37.08748563151293, -1.2530822043927778], [37.08753860660023, -1.2530722092776514], [37.087562605096004, -1.2530781937301525], [37.08758164048912, -1.2530821843641917], [37.087615638191046, -1.253089169723317], [37.0876405947085, -1.2531012106291228], [37.0876525839605, -1.2531182140915], [37.0876696063178, -1.2531401931033106], [37.08768359261223, -1.2531611752060219], [37.08768861472211, -1.2531821503122895], [37.08770259701803, -1.253208193958367], [37.08770857615042, -1.2532382102486623], [37.087706626120585, -1.2532712032730013], [37.087703577063145, -1.2532881947411283], [37.08770860217154, -1.253304198295827], [37.08769962599213, -1.253321186766101], [37.08768562470424, -1.2533221706817659], [37.08767161341982, -1.253335177512849], [37.08766759634431, -1.253358134443179], [37.08766661633174, -1.2533821792743183], [37.08766963740076, -1.2534041472916377], [37.08767058142851, -1.2534311768529793], [37.08765960320884, -1.2534511460549702], [37.0876495900077, -1.2534671386154197], [37.087635582721894, -1.253475172895114], [37.08761060821228, -1.2534891666405406], [37.0875956329084, -1.253503166382438], [37.08758761675022, -1.253525126403883], [37.08759064081805, -1.2535431177799643], [37.0875975899674, -1.2535631909669045], [37.087606608161366, -1.2535901355333479], [37.08761259329146, -1.2536121055494565], [37.08762857462914, -1.253640140015373], [37.08763759382254, -1.2536651857531311], [37.08765158111677, -1.2536851739455013], [37.08766964149495, -1.2537061590466416], [37.08767962970587, -1.2537231605098234], [37.08769961112592, -1.2537511069823115], [37.08771959254622, -1.2537801383571072], [37.08773660690671, -1.2538131453740773], [37.087753623266615, -1.2538441635704738], [37.08777160464552, -1.253872109043771], [37.087793592104276, -1.2538921022331526], [37.087814619542044, -1.2539081177816935], [37.087837650019566, -1.253919162778035], [37.087861642517694, -1.2539331015129955], [37.087887642054106, -1.2539370981441917], [37.087925641837856, -1.2539420976811952], [37.08795061035025, -1.2539371441201903], [37.08800158239748, -1.2539311256469279], [37.088035589096236, -1.2539270820009611], [37.08806960878927, -1.2539041470591556], [37.08808761515768, -1.253897109688346], [37.08811264667637, -1.253908155683874], [37.08813492914084, -1.2539269009858083], [37.08813759719643, -1.2539291457824644], [37.08816063467126, -1.2539311515942066], [37.08819263832964, -1.253930090679777], [37.0882176008444, -1.2539330914011506], [37.08825064252385, -1.2539311275678602], [37.08827961511738, -1.2539221093721955], [37.088314659836875, -1.2539160779052392], [37.08836466286637, -1.2539171087963976], [37.088387632337636, -1.253912154236116], [37.088426606136736, -1.253902149126323], [37.08845462170734, -1.2538830958362164], [37.088474635114345, -1.253867110272064], [37.088492169469724, -1.2538495958464915], [37.08849561553961, -1.2538461541558634], [37.088513634903066, -1.253822122318168], [37.08854261149471, -1.253807137660788], [37.08858462735424, -1.2537901741777169], [37.08861760003007, -1.253781158980605], [37.08864263954547, -1.2537810869791637], [37.08866366998204, -1.2537931248864698], [37.088680623335655, -1.2538081435263277], [37.08868159435587, -1.2538086054842954], [37.088703654813166, -1.2538190975307797], [37.088727655307814, -1.253821104342128], [37.088752621821115, -1.2538191335121158], [37.08878566150105, -1.25381915849931], [37.088831661450115, -1.2538261518539005], [37.08886462013157, -1.2538361199441563], [37.08888764661087, -1.2538531314023], [37.088920670297746, -1.2538761163182712], [37.088946657838804, -1.2538961125061092], [37.08897761547983, -1.253908157409727], [37.08900167498224, -1.253931135329255], [37.089039666769125, -1.2539470728794464], [37.08906966238965, -1.2539571289627964], [37.089096617948826, -1.2539710696966329], [37.08913565075571, -1.2539821266867304], [37.089171656495495, -1.2539780850399505], [37.08920565619692, -1.2539830815784894], [37.08923461279699, -1.2539961203929806], [37.08927067354604, -1.2540181123976522], [37.0893086763285, -1.2540191352933312], [37.08934764812848, -1.2540121129145305], [37.08936965557929, -1.2540050775421858], [37.08937663371664, -1.2539851053417477], [37.08937664971012, -1.2539631393233936], [37.08938762693014, -1.2539440740397698], [37.089414671484946, -1.253938127567688], [37.08944363708113, -1.2539381485566208], [37.08950364331588, -1.25393710863134], [37.08959262514264, -1.2539220779591913], [37.08962165374483, -1.2539371045943202], [37.089646684263805, -1.2539491455001726], [37.08966467663846, -1.253963079237477], [37.089690665179006, -1.253981087604648], [37.08973065400857, -1.2540020886974723], [37.08975367748934, -1.254024071707082], [37.089771665865186, -1.2540420730774167], [37.089796693385644, -1.2540590855347395], [37.089835646193265, -1.2540780978072301], [37.08986067371342, -1.2540941163542219], [37.08988962631494, -1.254112125720361], [37.08990168956825, -1.254128134272449], [37.089912638800186, -1.2541491143762724], [37.08992262201308, -1.2541730762114807], [37.089944685472865, -1.2541910815801605], [37.089987640362295, -1.254208107030629], [37.0900186660068, -1.2542271133061673], [37.09005168569514, -1.2542550697736836], [37.090080638296655, -1.2542730791398178], [37.09011664103806, -1.2542741000363073], [37.09014464861233, -1.2542670696617013], [37.09016969312567, -1.2542601282800132], [37.090204655846804, -1.254265124818153], [37.09023969656798, -1.2542650608128187], [37.09026466308126, -1.2542630899827163], [37.0903136350873, -1.2542570695103559], [37.0903526828879, -1.254247064400542], [37.09038564656728, -1.254250071118836], [37.09041468316619, -1.2542540697488833], [37.090439645681236, -1.2542580653805808], [37.090471647340514, -1.2542600781887594], [37.09051965132885, -1.254261107080814], [37.09056469225587, -1.2542610500716804], [37.09061766334493, -1.2542571114101537], [37.090673678493474, -1.254243050660854], [37.09069969502297, -1.2542240873633714], [37.09071268228039, -1.2541920962452797], [37.0907096702074, -1.254157111402259], [37.090703705069295, -1.2541081118245634], [37.09070364706132, -1.254086145806153], [37.09070765813917, -1.2540711431584015], [37.09073270065337, -1.254067093515728], [37.09075966620831, -1.2540671135053831], [37.090787664786156, -1.2540721060461797], [37.09082366852694, -1.2540711381221006], [37.09085366914566, -1.2540751377517543], [37.09088166372527, -1.2540860957543527], [37.09090668024987, -1.2541171199475523], [37.09090666425671, -1.2541400798763147], [37.09090664426465, -1.254167108438016], [37.09090069615163, -1.2541971157329446], [37.090913650422635, -1.2542111364639075], [37.09093468185857, -1.2542210955588307], [37.09094667011104, -1.2542390929314178], [37.09094568809888, -1.2542651255832722], [37.090950700213014, -1.2543001124253856], [37.09095964640488, -1.2543250681712432], [37.09097066364072, -1.254354093549293], [37.090996645184525, -1.2543830389298087], [37.091027671828726, -1.2544010502950989], [37.09105271634206, -1.254394108913323], [37.09108169493287, -1.2543760505332548], [37.09110371737736, -1.2543480440528145], [37.09112869788498, -1.2543270909351827], [37.0911647136206, -1.2543090375524344], [37.09119472123636, -1.254303094079056], [37.09125465546875, -1.2542990704230714], [37.09130971359504, -1.2542770533918888], [37.091358681602955, -1.254277089373129], [37.09140365752459, -1.2542641055301793], [37.091434701162264, -1.254260060885153], [37.09147166892216, -1.2542571041401978], [37.09152167595052, -1.2542540673983205], [37.091574720041386, -1.2542511236470995], [37.09165272264897, -1.2542580509973968], [37.09172872421572, -1.2542660612507255], [37.091779685267355, -1.2542750474239397], [37.09181367497261, -1.2542930617880184], [37.09183567742542, -1.2542930777796053], [37.09187072614342, -1.254282074761092], [37.09189472763736, -1.254282092751865], [37.09193369543913, -1.2542811268266645], [37.09195969797431, -1.2542810548249144], [37.091990737613166, -1.2542810778130065], [37.09202473631476, -1.2542870692616879], [37.09206673318225, -1.2542970433486123], [37.09210272592771, -1.2543120749811554], [37.092120706306815, -1.2543411053565399], [37.09212972849941, -1.2543630783714663], [37.092147730869904, -1.2543630913645014], [37.09216069513644, -1.2543621064493415], [37.09218069254995, -1.2543680869034504], [37.09219468184319, -1.2543850923648854], [37.09222474346838, -1.254406085461553], [37.09224968699115, -1.2544361157444268], [37.09226271226486, -1.2544541141166745], [37.092274689521666, -1.254487026143746], [37.092290675857576, -1.2545090951478104], [37.09231371633087, -1.2545060384161903], [37.09235268413254, -1.254505072490988], [37.09237370457335, -1.2545310311425248], [37.09238768786866, -1.2545550869679716], [37.0924047212217, -1.2545630542438553], [37.092421693567566, -1.2545520382322441], [37.092447696102774, -1.2545520572222024], [37.09246968855975, -1.2545660849497486], [37.09247870975263, -1.254589051874999], [37.092478697757386, -1.2546050524315293], [37.09248268784416, -1.254620060076371], [37.09249971819818, -1.2546310110830627], [37.09252970982036, -1.2546470326281902], [37.09254273109558, -1.2546700935436106], [37.09255568236776, -1.254688091915877], [37.0925927101355, -1.2547060172870015], [37.092632718956416, -1.2546980919893427], [37.092660719533725, -1.2547010047176739], [37.09270168537743, -1.2547030235225531], [37.092748722347466, -1.2547090239662841], [37.092785684110346, -1.2547160113242581], [37.092811702638706, -1.2546930703855619], [37.09286469571871, -1.2546590294397453], [37.09292071186696, -1.25464406477201], [37.092968723851754, -1.2546330717484895], [37.093022737959664, -1.2546210888123777], [37.093067701886646, -1.2546260933467064], [37.093106729695535, -1.2546440207170158], [37.09314271744282, -1.2546650188112547], [37.09318975141399, -1.2546750868881007], [37.093241753485756, -1.2546800064277692], [37.093309759885486, -1.2546800564017069], [37.0933547358071, -1.2546670725587619], [37.09341971713947, -1.2546510289855188], [37.093490700594515, -1.2546320976709144], [37.093535745520036, -1.2546270691102204], [37.093586716567565, -1.2546220435474658], [37.093646722802596, -1.2546220875244811], [37.09369376976838, -1.2546140772322543], [37.09373370358841, -1.254608049763391], [37.09376971032821, -1.2546040991083203], [37.09381075017348, -1.2546060269213783], [37.093847714934945, -1.2546080427277966], [37.093883717676206, -1.2546090636242808], [37.09391075123511, -1.25461703789636], [37.093943774921925, -1.254640022812371], [37.09397872064988, -1.2546680712708569], [37.09402477160994, -1.2547070657384447], [37.09406971954313, -1.2547330423807583], [37.09413171582344, -1.2547470081012027], [37.094180741839, -1.2547680161903991], [37.094238737037315, -1.2547830638145079], [37.09430377837652, -1.2547850096184212], [37.09433474201512, -1.2547890102476675], [37.09435872351739, -1.2548170507104317], [37.09437174179406, -1.2548449921855036], [37.09438972017414, -1.2548770052918423], [37.09441571871112, -1.2548829907435899], [37.09445578354128, -1.2549010091053563], [37.09449673339126, -1.2549239990183945], [37.09453576719771, -1.2549340620982181], [37.094575764024036, -1.2549440341858495], [37.094591767352554, -1.2549410634487983], [37.09462376001566, -1.2549560020909691], [37.09464678749455, -1.2549720186387394], [37.09467774013719, -1.2549900300040238], [37.094717732965336, -1.2550060595453316], [37.09476876901818, -1.255014051808083], [37.09481675801247, -1.2550350588976873], [37.09484675763145, -1.255040052437743], [37.094880759332156, -1.2550430601556042], [37.09491979213864, -1.255053032243627], [37.09497178921219, -1.2550640082369662], [37.09504075363377, -1.2550710195825305], [37.09511075907553, -1.255074053286632], [37.09515179991988, -1.2550729983687878], [37.09521477121526, -1.255071056524018], [37.09528938674536, -1.2550533650964262], [37.095290790774186, -1.2550530321259914], [37.09538176764479, -1.2550470426374296], [37.09545579016129, -1.2550250405989039], [37.09552180551621, -1.2550129756663806], [37.095586774853416, -1.2550130226415452], [37.095643808030886, -1.2550249965432538], [37.09571380847439, -1.2550339977089657], [37.09577677377182, -1.2550390152364048], [37.09584980927871, -1.2550510011319567], [37.095914778616205, -1.2550520430173577], [37.09597175078688, -1.2550460275419215], [37.09604280224598, -1.255036045419986], [37.09608880819218, -1.255034000589879], [37.09611082264, -1.2550170221146222], [37.096159797644795, -1.2550070240009517], [37.09620180750691, -1.2549990097106842], [37.09624379537794, -1.2550210067129606], [37.09629481143918, -1.2550570214476844], [37.09633182021454, -1.2551009804701914], [37.09635481970512, -1.2551560484949744], [37.09636781599072, -1.2552140022625624], [37.09639480756707, -1.2552810052093764], [37.096422782154995, -1.2553199856838224], [37.096453805800664, -1.2553429696005256], [37.09649579267238, -1.255366954423359], [37.096529780378404, -1.2553879515183757], [37.096563779080306, -1.2553950268692515], [37.09659881780209, -1.2553969516845602], [37.09664778381075, -1.2553999703965892], [37.09668778163636, -1.2554079546636392], [37.09675577704049, -1.2554230092839191], [37.09682777952421, -1.2554289377262013], [37.096885786717756, -1.2554279857936892], [37.09694877900392, -1.2553949467543484], [37.09703378473865, -1.2553480029624478], [37.09707078148699, -1.2553059967402964], [37.09710483016803, -1.2552430154113914], [37.097135772782956, -1.2551729807197385], [37.097132779702, -1.2551109673152463], [37.097124836513835, -1.255032045437652], [37.09710377305852, -1.2549620637577927], [37.097099795967, -1.2549310555564641], [37.097104790056314, -1.254888030436288], [37.09711778231153, -1.254848988954344], [37.09714277581377, -1.2548100464595833], [37.097166797300055, -1.2547840297991215], [37.097208820156716, -1.2547580271316028], [37.09723684072559, -1.2547330073798415], [37.09728878079053, -1.2547200285342492], [37.0973287916111, -1.2547110183343821], [37.09737784961362, -1.2546880033951664], [37.09741578239301, -1.254684052739576], [37.09742881366431, -1.2546940058374643], [37.09744480299868, -1.254711012298147], [37.097451826149545, -1.2547310854850837], [37.09745781527773, -1.2547469990475306], [37.09748181577233, -1.2547490058588657], [37.09752078657277, -1.2547440622924397], [37.097576785727775, -1.2547520585533434], [37.09763279287981, -1.2547500197195287], [37.09766678658346, -1.2547630615321985], [37.097700847291684, -1.254786047447676], [37.097731792937594, -1.2548149968262845], [37.097761834571166, -1.2548640133947027], [37.0977758018733, -1.2549110291487307], [37.097799853378866, -1.254945036073141], [37.09785080143617, -1.2549730055337236], [37.09789485935198, -1.2550020548990672], [37.09794582540153, -1.2550039897084275], [37.098004797613974, -1.2550000560445433], [37.098040803353996, -1.254997008308092], [37.09810881075301, -1.2549949794695672], [37.09816681694642, -1.2549940275370612], [37.09824682559306, -1.254993995514576], [37.09830186372766, -1.2550000019552139], [37.09835481282543, -1.2550259835945015], [37.0984107989861, -1.2550530531346815], [37.098428860364145, -1.2550730443254092], [37.098431813429244, -1.255086967068426], [37.098451870850134, -1.2551130157121022], [37.098464815125304, -1.2551410481790493], [37.098469820242315, -1.2551859781240786], [37.0984628411053, -1.2552070352265843], [37.0984628161154, -1.2552410241603256], [37.098462862128436, -1.2552799856453223], [37.098459858084546, -1.255337022500682], [37.0984698003144, -1.2554180251898717], [37.09847887151892, -1.2554749810486958], [37.09848282661999, -1.255537990362992], [37.09849182882051, -1.255586990939487], [37.098509864209554, -1.255643953794829], [37.098532802693136, -1.2556809424506339], [37.0985648563629, -1.2557129665513709], [37.098633864798735, -1.2557629150232923], [37.09868585487523, -1.2557839251114038], [37.098734873893726, -1.2558149662954352], [37.09877581374786, -1.25585196894417], [37.098835871993536, -1.2558829281320851], [37.09887585882368, -1.2559059180453755], [37.098914874637615, -1.2559409298743334], [37.098953827445456, -1.2559609360571502], [37.09901685874771, -1.2559768915976883], [37.09906085665634, -1.2559869576756366], [37.099097872428686, -1.2560208826032793], [37.09913586221649, -1.256039893876162], [37.09914881748719, -1.2560529206967441], [37.099209853746125, -1.256061913866076], [37.099302850681255, -1.2561299596976692], [37.099394823589975, -1.2561809200710634], [37.09946185997275, -1.256190913148185], [37.09951385604661, -1.2562028830519012], [37.09957482330225, -1.2562059107593835], [37.099624834328935, -1.2561979014660365], [37.09966189708205, -1.256166923249026], [37.09969984885366, -1.2561369389420596], [37.09972483235972, -1.2561109232811456], [37.099743888744364, -1.2560868924430362], [37.09976584118556, -1.2560529195010126], [37.09981887025057, -1.255968889065069], [37.09989290176362, -1.2559349551030023], [37.09999489786884, -1.2559549162698633], [37.10016388137719, -1.2560529383729748], [37.100219853543464, -1.2560989012086796], [37.10028486889363, -1.2561379086688693], [37.10034085005638, -1.2561719385810133], [37.10039691221764, -1.2561959343984297], [37.10044091312474, -1.2562009389329403], [37.100479880926386, -1.2561998820159235], [37.10052085276734, -1.2561929516282013], [37.10057991497466, -1.2561668699624244], [37.100613859666446, -1.2561449289311437], [37.100666853745714, -1.2561088991647544], [37.10070090242681, -1.256045917835844], [37.10076492070736, -1.255927907462101], [37.100852881506, -1.2558909097719446], [37.100943912386036, -1.2559119478451266], [37.10106485492154, -1.2560609183670248], [37.10112490320297, -1.2562069521733723], [37.101174899268074, -1.256322876699162], [37.10125587096598, -1.256423908558687], [37.10135388801225, -1.2565169071374838], [37.10142791655886, -1.2565909054380637], [37.10145188806534, -1.2566328666448416], [37.10147688959646, -1.2566858568562207], [37.10148189471353, -1.2567308777930535], [37.101479875680404, -1.256757814363561], [37.10147391457269, -1.2568058100353925], [37.10147086251626, -1.2568258762260183], [37.101405873187204, -1.2568528568125574], [37.10136289130923, -1.256873887928892], [37.10129389490052, -1.2569098157094536], [37.10125891318754, -1.2569318467329436], [37.10122089141286, -1.2569568584885547], [37.10117286543359, -1.2569858408890968], [37.10113386464564, -1.2570328176633467], [37.101113920242135, -1.257054859681158], [37.10110989317083, -1.2570918293470832], [37.10111688333531, -1.2571578233910958], [37.10111492031118, -1.2572097997025893], [37.101117860381684, -1.2572418018144902], [37.10114392292432, -1.2572617990020813], [37.10120189013385, -1.2573148132008911], [37.101260887367694, -1.2573777725020805], [37.10131492549796, -1.2574357552538467], [37.101341930069054, -1.2574847698232563], [37.10135691540031, -1.2575578212279699], [37.1013529303439, -1.257639807832623], [37.101355904432396, -1.2577267709860533], [37.10135890950831, -1.2577717899235812], [37.10134590825702, -1.2578237582392788], [37.10136592769341, -1.2579017851933678], [37.101398922392505, -1.2579657194149125], [37.10145091346836, -1.2579847406822988], [37.10148988027032, -1.2579847686673888], [37.1015149307811, -1.2579697810116743], [37.101564870804786, -1.2579567101750084], [37.1016259370518, -1.2579257489487834], [37.10164987554001, -1.2579117552036587], [37.10167390702206, -1.2578717278072757], [37.101700904563586, -1.257826729858327], [37.10172988815224, -1.2578018010981165], [37.1017599027649, -1.2577857325382524], [37.10179294244513, -1.2577867514358232], [37.10183891940351, -1.2578257459031459], [37.10187289211585, -1.2578677141060668], [37.101891939536635, -1.2579597517966121], [37.10190188876394, -1.2580317143011275], [37.10189391961807, -1.2580897430684153], [37.10189089558215, -1.2581737184932809], [37.10191789515533, -1.2582296934346562], [37.101958905013014, -1.2582737464472298], [37.10203089050383, -1.2583037207201029], [37.10210889411105, -1.2583097431520185], [37.10215889914007, -1.2583096901408963], [37.10219490488016, -1.258306733396222], [37.10221489829533, -1.2583186803119544], [37.10222990861646, -1.2583577417831495], [37.10221491432103, -1.2583996750047708], [37.102205929145256, -1.2584286853903561], [37.10219392693083, -1.2585327230080408], [37.102181900693964, -1.2585667029462122], [37.10215389511917, -1.2585716545084507], [37.10212588854408, -1.2585757011522551], [37.10211591835798, -1.2586367116511274], [37.102095946965825, -1.258696720243576], [37.102074882543, -1.2587306941851601], [37.10203989283322, -1.25876366322184], [37.102024912531526, -1.2587847143274555], [37.102001931065814, -1.2588076582648269], [37.101967916370455, -1.2588226389241068], [37.1019288745676, -1.2588246897514954], [37.101901911011836, -1.2588216870309037], [37.10186590926996, -1.2588186773139065], [37.1018308765456, -1.2588077133141895], [37.10181392818959, -1.2587846504003328], [37.10181389017346, -1.2587356558206022], [37.10182994348129, -1.2586637123061388], [37.10184292973914, -1.258633710008778], [37.10182592237528, -1.2585896749869618], [37.10179193067079, -1.258573740435379], [37.10175289386557, -1.2585676549967542], [37.10170489687432, -1.2585566820019667], [37.10167089817279, -1.2585506905533572], [37.101649932741374, -1.2585506755613756], [37.10162993032999, -1.2585516554793228], [37.101608873903906, -1.2585746904078845], [37.101607889892755, -1.2586037077902956], [37.101609937946165, -1.2586396865436518], [37.10161591408007, -1.2586746743852515], [37.10162587930053, -1.2587236759611982], [37.10162991540047, -1.2587776460908289], [37.10164591576235, -1.258881703697795], [37.1016608980948, -1.258958641751746], [37.10167093631738, -1.2590096321483049], [37.10170687508547, -1.2591006879219089], [37.10173588669473, -1.2591396693958405], [37.10187994370513, -1.259285674177511], [37.101920934570636, -1.2593555808575614], [37.1019699415942, -1.2594036165082967], [37.10204889222809, -1.2594326008682253], [37.10210393236198, -1.2594366184882184], [37.102163924602635, -1.2594556457524753], [37.10222689489785, -1.2594536129158438], [37.10226993678365, -1.2594536448992617], [37.10229993740197, -1.2594566496186117], [37.10235793359989, -1.2594706133403568], [37.1023829531235, -1.2594986538026134], [37.10237292492877, -1.259535618470827], [37.10235594458622, -1.2595575724955947], [37.10233793221995, -1.2595715712383737], [37.10232095287715, -1.2595926203447074], [37.102316914810274, -1.2596445956568496], [37.10231590780838, -1.2597046182419598], [37.10231891988131, -1.2597396030846506], [37.102363948813625, -1.2597576254444185], [37.10241291082411, -1.2597666106181373], [37.10246089082211, -1.2598005445414142], [37.102488946408606, -1.2598295819127476], [37.10249388851968, -1.2598595972032043], [37.102504907754614, -1.2598855488583636], [37.10253391036778, -1.259937548157722], [37.102564928015816, -1.2599685763484847], [37.10262393424613, -1.260019602726158], [37.10269089862676, -1.2600276069826448], [37.10274295770681, -1.2600555774425841], [37.10279591280259, -1.2600745997095117], [37.10283390658889, -1.2600885484389612], [37.10288093756114, -1.2601025941568782], [37.10295989819074, -1.2601175667808115], [37.103011968266415, -1.2601305315945526], [37.103066945394374, -1.2601195435683628], [37.103104954174306, -1.2601125201899483], [37.10314792605677, -1.260106585711625], [37.103176963655194, -1.2601095904313637], [37.10320392221289, -1.2601185596135227], [37.10321295140283, -1.2601315824357404], [37.10321494744568, -1.26013755089668], [37.10322990075811, -1.2601525675371166], [37.10325293323526, -1.2601625276312065], [37.10328491790131, -1.260187590359803], [37.10327993480757, -1.260215519841593], [37.103504322456025, -1.2603138748965812], [37.10337987691869, -1.2603889041670555], [37.10331174754224, -1.2604706498136613], [37.10330962449937, -1.260473197584422], [37.103138300033415, -1.2606635374664246], [37.1030435261425, -1.2608530623976626], [37.10298601099501, -1.2609680810389696], [37.10285275834538, -1.2612631074639726], [37.102815087589065, -1.2613233740387024], [37.10272142270853, -1.2614732225490835], [37.10267054669569, -1.2615818127682217], [37.10265063729926, -1.2616243059408518], [37.102643540151384, -1.2616183554799218], [37.102605289387164, -1.2616913719045149], [37.10259248214075, -1.2617462539571016], [37.102538663105705, -1.261976881166836], [37.102519627845474, -1.2623956283930382], [37.10253866332999, -1.262690654769244], [37.10266842609947, -1.2630057572988032], [37.10270790892188, -1.2630372714428801], [37.10277892339652, -1.2630792676312503], [37.10282594837149, -1.2631022625416333], [37.10290290596085, -1.2631203078889657], [37.10296191519038, -1.2631682605437171], [37.10304395289809, -1.2632302429254187], [37.10313591980892, -1.2632882536621244], [37.103216909499864, -1.2633652406903968], [37.10330894341553, -1.2634342804320324], [37.103394918199605, -1.2634812591660316], [37.10346997876974, -1.2635622188377298], [37.10354090924673, -1.2636172318516947], [37.1036049355882, -1.263693211976114], [37.103760936837304, -1.263816264824203], [37.1037869163816, -1.263847200024834], [37.10382294814329, -1.2639112262366772], [37.10392092517396, -1.263957220055679], [37.10408996968958, -1.2640742264450313], [37.104144982834306, -1.264114221818981], [37.10420192601745, -1.2641501505591448], [37.104232935669124, -1.2641932016650477], [37.10432098652738, -1.2643401603778397], [37.10444693717883, -1.2645291812835258], [37.10450398938092, -1.2646181732361335], [37.10466700281768, -1.2648790866435193], [37.104725989056426, -1.264958135492646], [37.10480400069264, -1.2650560926296726], [37.104857965820834, -1.2651120875602708], [37.104919958134644, -1.2652330826238727], [37.104926971289714, -1.2652670775544455], [37.10495194783103, -1.265354056698858], [37.10497899241784, -1.26545007802673], [37.10497696841871, -1.2655850378508116], [37.10497096932704, -1.2656860967346995], [37.10497699447251, -1.2657540795990985], [37.10495494503919, -1.2658190577435922], [37.10488700767521, -1.2659270320233817], [37.104853939007015, -1.2659660585128527], [37.10476098012015, -1.2660490650533196], [37.10467097229939, -1.2661489770676213], [37.10455093787052, -1.2662799632878685], [37.10452132227503, -1.2663244192863614], [37.104508899049954, -1.266421312548118], [37.10429950286983, -1.2668305426924902], [37.10409010566872, -1.2671731548473966], [37.103954313923715, -1.267329819755779], [37.103842636666066, -1.2674586641665484], [37.103754379884705, -1.2675689732421416], [37.10368492149916, -1.2677078597333589], [37.10364494369693, -1.2677728248846245], [37.10357397626742, -1.267870853062765], [37.10349492467533, -1.2679808071673908], [37.103458186930105, -1.2680151200833507], [37.10343336143282, -1.2680582342013307], [37.1034178041195, -1.2680800122413192], [37.103412814019045, -1.2680869976126161], [37.103399975775325, -1.2681518567648187], [37.10336597710567, -1.268246838206005], [37.10331690414126, -1.2683908032324107], [37.10330797497477, -1.2684458482688221], [37.103292911675275, -1.268478832297619], [37.1032669531543, -1.2685207565232128], [37.10325491892085, -1.2685657654660987], [37.10324590675618, -1.2686317475157471], [37.10327093430886, -1.2687508177645015], [37.103272977364455, -1.2687937578895343], [37.10328193058569, -1.268910737332078], [37.10333290569596, -1.269104764809369], [37.10334093588084, -1.2691667832111788], [37.10334591700762, -1.2692437132684429], [37.10339393105614, -1.2694347560159531], [37.1034039132697, -1.2694607076712419], [37.10342792579202, -1.2695496746363537], [37.10344498116796, -1.26962869450116], [37.10346797269383, -1.2697956724278916], [37.10346693870362, -1.2698936615870107], [37.10344793939161, -1.270143684034461], [37.10344094925949, -1.2701806507012665], [37.10343293613216, -1.2702996059708502], [37.10342893208363, -1.2704066323154388], [37.10341396980671, -1.2705046104799809], [37.10339992953451, -1.2705575727058882], [37.10322190596933, -1.2708685857011843], [37.10319490742793, -1.270913582649893], [37.10312097293901, -1.271016580380419], [37.103003837569474, -1.2711462817154098], [37.10292590599305, -1.2712325739545474], [37.10289890545224, -1.2712795597237914], [37.102854906576525, -1.2713735392584318], [37.10279993351133, -1.27158249442253], [37.10278994433265, -1.2716675497514105], [37.10278995835921, -1.2717505342638333], [37.10277293806539, -1.2719285112108905], [37.102773924107744, -1.2719984788974574], [37.102772920104826, -1.2720545238409748], [37.102763906940524, -1.272121500800706], [37.10273793645648, -1.2722804884639054], [37.10272395519217, -1.2723544227974273], [37.10269989672141, -1.272431421857648], [37.10260892191418, -1.2726364643862587], [37.10245694489845, -1.272989439586705], [37.1023729342668, -1.2732963629204352], [37.102346956753095, -1.2733623329764359], [37.10234395370876, -1.2734173820103272], [37.10233495153994, -1.2734693533239478], [37.10233491055692, -1.2735253082752174], [37.10234190471984, -1.2735853368566434], [37.10230791204791, -1.2736723630153064], [37.10230193194792, -1.273745308435431], [37.10226492220472, -1.273803315213448], [37.1022489448977, -1.2738722759963417], [37.10224994193544, -1.2739263331184338], [37.102251923984134, -1.2739512838665314], [37.102171927397094, -1.274138255022034], [37.10209688594762, -1.2744372300698141], [37.10204394097635, -1.2748102554289755], [37.10193691186168, -1.2750872404711493], [37.10184588407659, -1.275365141425473], [37.10174489406937, -1.2755891582449277], [37.101605881255786, -1.27573811884897], [37.10152196053303, -1.2757514276752009], [37.10149168392091, -1.275786026563116], [37.101442537913194, -1.2757975895356097], [37.10132987660299, -1.2758240951802935], [37.101129998486584, -1.275814578103474], [37.100939637529684, -1.2756908573282517], [37.10090241375501, -1.2756636587943464], [37.10081186588469, -1.27564216276312], [37.10055588956249, -1.2754712142702744], [37.10032589575142, -1.2752261604555049], [37.100085862718494, -1.2749331899674219], [37.099803871801974, -1.2745762782621517], [37.0995578686325, -1.2742402746585977], [37.09950692455838, -1.2741591279967048], [37.099476549920205, -1.2741180377140688], [37.09946434066376, -1.2741015212082265], [37.099329969835566, -1.2739035231166085], [37.09927486668368, -1.273847294207757], [37.099204836220636, -1.2737783604500583], [37.099071818436414, -1.2736313677557696], [37.0989408607011, -1.2735043552579846], [37.098816851115274, -1.273398318865362], [37.09873883148209, -1.2733113907338112], [37.098652864694785, -1.2732543779056054], [37.09858783734914, -1.2732313690026196], [37.09853287121672, -1.2732273503828289], [37.0984768660638, -1.273226405486114], [37.09839284034208, -1.2732503883492572], [37.09830080545876, -1.273284399310107], [37.09822180484551, -1.2733243857276626], [37.09811486266267, -1.2733813466226231], [37.09793284494839, -1.2734813706562613], [37.09778986403891, -1.2735863042343227], [37.09764783615368, -1.2737053415395403], [37.09750483825125, -1.2738333260378125], [37.097340818908606, -1.273937340705569], [37.09728409675931, -1.2739942965848194], [37.09719904704289, -1.2741015219374592], [37.096995977936345, -1.2743310532926495], [37.09698013261594, -1.2743489636817908], [37.0969000799914, -1.2744213841731529], [37.096746807885765, -1.2745752763371287], [37.09667980755214, -1.2747182324599489], [37.09655978711726, -1.2748292404825734], [37.09607078111358, -1.27502024440612], [37.09570175153093, -1.2750592020099525], [37.09533779809977, -1.2752462322518083], [37.09516973865892, -1.2753031471705336], [37.09501376046454, -1.2753532007046025], [37.094807777272436, -1.2755022003269714], [37.09460673019394, -1.275689170521756], [37.09453473373944, -1.275775173785028], [37.09439573188941, -1.2758091497642012], [37.09421378314619, -1.2758141663701819], [37.09391362695413, -1.2757688005602832], [37.09387725221096, -1.2757860290175171], [37.09362026492783, -1.2758050633828901], [37.09342990401287, -1.275814580585518], [37.09342144283873, -1.2758145805882453], [37.093243734181215, -1.2758145806455223], [37.09322671483199, -1.275818132330573], [37.09300375526375, -1.27588314153674], [37.09259073879961, -1.2759980892983618], [37.09232272231056, -1.27608412662179], [37.092044732604286, -1.2761321003828037], [37.09177537208004, -1.276194304857052], [37.091658137686665, -1.27625620830948], [37.09143111605218, -1.2763760835665339], [37.09136705074378, -1.2764081126972497], [37.091292701234096, -1.2764730548616585], [37.091201715399215, -1.2765920381553393], [37.09110768550417, -1.2767190637243122], [37.09091569860283, -1.276877022533896], [37.09079170607371, -1.2769490660735352], [37.09065767132418, -1.2769780734994844], [37.090532713744565, -1.2769540247096434], [37.09041029022073, -1.2769412868984598], [37.09038413168717, -1.2769566195234878], [37.09011762624119, -1.277080340446363], [37.08984597367086, -1.2771464115724847], [37.08976545901989, -1.2771659938316111], [37.08970649180879, -1.2771741831116994], [37.08963166529176, -1.2772470475613993], [37.089468628960276, -1.2773230387574337], [37.08930368558142, -1.2773739892135287], [37.08909268424578, -1.2773969732078492], [37.0889146665816, -1.277397020261054], [37.08858961388377, -1.2773739984431238], [37.08833965174327, -1.2773880032601614], [37.08812859339909, -1.2773880263261894], [37.08791859709805, -1.2774550333480832], [37.08775064767604, -1.2775650094793978], [37.08754459448056, -1.277708945558749], [37.087455623680434, -1.2778069587439518], [37.087330630147385, -1.277931972504494], [37.08720161554045, -1.2780849147464834], [37.087053620549256, -1.2782579111851113], [37.086923607905035, -1.2783578822068873], [37.08675163241101, -1.278501933264949], [37.086578588876485, -1.2785878605677568], [37.08635856937826, -1.2786838759754526], [37.086123621589614, -1.2788328526093955], [37.08596058828855, -1.2790048431436336], [37.08560357604141, -1.2793238524752362], [37.085425596425445, -1.2794727810950945], [37.08524356974577, -1.2796838071133592], [37.08509555876155, -1.279879764480152], [37.08494370068193, -1.2800249724272217], [37.084901741841264, -1.2800972269213644], [37.08485870798285, -1.2801832861702502], [37.08474762076706, -1.2804054341619469], [37.08470952203745, -1.280576692721784], [37.08469455276311, -1.28068271516027], [37.08467559140333, -1.2807787015055605], [37.08467553442639, -1.2808547236462138], [37.08468556665139, -1.2809126744140082], [37.08472852257226, -1.2810276890224013], [37.084762557323145, -1.2811856357599152], [37.08472852466696, -1.281324638228809], [37.08459957209837, -1.2815936479977876], [37.08451554247328, -1.2819216294311593], [37.08443854199675, -1.282261547785221], [37.08440923641654, -1.2823337782772617], [37.08433753199698, -1.2825105103539232], [37.08424657518156, -1.2826885213213404], [37.08423958508105, -1.2828245600487125], [37.08420451246862, -1.283167493116978], [37.084194517291984, -1.283258513907303], [37.084189348197135, -1.2832949036254877], [37.08426144868103, -1.2832941446706234], [37.08426100867265, -1.283296093494905], [37.08434155933274, -1.2833027258703638], [37.08426028479787, -1.2837350558870229], [37.08398912035674, -1.2841751592637856], [37.08398120019787, -1.2841880131065286], [37.083625265954, -1.2844468458671008], [37.083370449847074, -1.2848795819032424], [37.08332191392167, -1.285110104118494], [37.08319652738854, -1.2852597416571216], [37.08298647408558, -1.285325160822399], [37.08293151895479, -1.2853262567412667], [37.08269308903423, -1.285286925367656], [37.08253187170714, -1.2852603308196933], [37.08229455778961, -1.2851586360728648], [37.08197907024629, -1.2850049540422517], [37.08184378744227, -1.2849447175213875], [37.08169952344436, -1.2848563575410357], [37.08137348867045, -1.2846603163359351], [37.08073344136093, -1.2842404004330135], [37.08033643312739, -1.2840493667988813], [37.07988545080115, -1.2839154230309628], [37.07948744456212, -1.283771395155679], [37.0793124249446, -1.2837254323596714], [37.079053425617765, -1.2837404230910265], [37.078795442320775, -1.2837834372935053], [37.07844041505676, -1.283922377872049], [37.078047447048405, -1.2841763620824402], [37.07762543853711, -1.284727361502556], [37.077505405107374, -1.2848563549023932], [37.07738339469001, -1.2851513113278992], [37.07714838708372, -1.2858752870792223], [37.07709141900596, -1.286172191307773], [37.07708839103484, -1.2864572035916788], [37.07706440166225, -1.286836120409223], [37.07695937664912, -1.2873011224853952], [37.07690238155075, -1.28753511139054], [37.07688041927156, -1.2880750236802467], [37.0768903617234, -1.2888460091088172], [37.07686841940478, -1.289260904678675], [37.07685234014024, -1.289468123985822], [37.07683939592728, -1.2896349359379622], [37.07677237069794, -1.2901038536476097], [37.07675540344496, -1.2904038615822857], [37.07675142051387, -1.2908738211771416], [37.076734783319516, -1.291335151554625], [37.07673137227967, -1.2914297340211272], [37.07665241577512, -1.291805716120218], [37.07651336800654, -1.2920976768204966], [37.07615123162837, -1.2923367463661712], [37.076048349532265, -1.2924046652710968], [37.0755643846924, -1.2927876608693405], [37.074462388227154, -1.293474804224526], [37.07407635335748, -1.293715513630011], [37.07363129627986, -1.2939784940453032], [37.07332636107236, -1.2941964744752488], [37.07329036234682, -1.2942446861366783], [37.0732113447541, -1.2943505096134], [37.07301929387731, -1.2945894561145923], [37.07295228254729, -1.294743438241809], [37.0729282871136, -1.2949304463747895], [37.07290429471045, -1.295212368942967], [37.072950295690646, -1.2953153626341374], [37.073075306375706, -1.2956613993681076], [37.07307931451822, -1.295847343587723], [37.073094337897125, -1.296063308094944], [37.07316128934674, -1.2962842841327888], [37.073276297794735, -1.296533318622863], [37.073365327697864, -1.2967512379293231], [37.073408339659075, -1.296986206712119], [37.07340331661279, -1.2971631947428417], [37.07333633027244, -1.2972831879368396], [37.073278319112134, -1.2973881824813405], [37.07313929730104, -1.2975461762698686], [37.07290031541084, -1.297638196044471], [37.07274633928705, -1.2977811721930603], [37.07270329643353, -1.297882201090522], [37.0726143366602, -1.2980621078851842], [37.07256727676243, -1.2982820930495198], [37.07254732045843, -1.2986131021863374], [37.072519336032634, -1.299078071237311], [37.07253330036794, -1.2992260578785597], [37.07264131078127, -1.299812981879538], [37.07277030152543, -1.3000869771119268], [37.07296730366777, -1.3003549668639716], [37.073182322174915, -1.300603898329779], [37.07338431937517, -1.3007328656254147], [37.07355129884444, -1.3008308907247799], [37.07361219009974, -1.300836328214014], [37.073697303854445, -1.300843929500118], [37.07380832015354, -1.300885866679315], [37.07398233276988, -1.3009908581475587], [37.074275320835135, -1.3010948566664828], [37.0745323271507, -1.3011708947202891], [37.074692368434405, -1.3011368477401555], [37.07491135990872, -1.3010318871398654], [37.075064396065954, -1.3010528851946626], [37.07537737654739, -1.3011709094412864], [37.075649352200486, -1.3013378962827906], [37.07579536227169, -1.301539860009344], [37.075920364896795, -1.3016998635293069], [37.07609437751309, -1.3018048549974857], [37.076282398415145, -1.3019018121861152], [37.07645636798518, -1.3018667822900218], [37.076574432393244, -1.3017978104754113], [37.07670643108574, -1.301720805381115], [37.07686639939928, -1.301783842639816], [37.07690746725692, -1.3018217832026073], [37.07691510261692, -1.302447844702933], [37.076870610826894, -1.3028360936810122], [37.0767350511508, -1.3031895748265696], [37.076679391036485, -1.3032866940806191], [37.07344532624822, -1.3026387026208746], [37.07223329422544, -1.3024207336893325], [37.0710662681125, -1.302152811250691], [37.07021729457107, -1.3019578111267447], [37.06872523575089, -1.3016438079527854], [37.06782121707731, -1.3014538263937172], [37.065680072800546, -1.3008559250510559], [37.065429195612616, -1.300785869455215], [37.06475917176831, -1.3006339433847234], [37.064064171415176, -1.3004989007988996], [37.063951141080594, -1.3004759449074634], [37.06362012124406, -1.3004109668796462], [37.06334413654421, -1.3003569698427826], [37.06328613934652, -1.3003459878527879], [37.06292112780523, -1.3002659781925134], [37.06266907259773, -1.3002109152439536], [37.06227711249443, -1.3001090095682852], [37.06174812056249, -1.2999849429373265], [37.06078907574926, -1.299779008834847], [37.06052207722483, -1.2996960024126198], [37.05962702770246, -1.2994080396908512], [37.05954604603993, -1.2994230733608396], [37.05938704677541, -1.2994520567976506], [37.05888605042251, -1.2993370513395728], [37.057061982727454, -1.2989160349282518], [37.05634294086445, -1.2987391211278643], [37.055899984692346, -1.2985811315291573], [37.05569793051567, -1.2985310781118646], [37.055454789489986, -1.298471844536525], [37.05482394045017, -1.298318158610958], [37.05268088718458, -1.2978961713904846], [37.051830893615836, -1.2976932129824217], [37.05075988747765, -1.2974342207026583], [37.049962878992815, -1.2972102421736962], [37.0469548118425, -1.2965752494544043], [37.046919778118486, -1.296567267186163], [37.04609674010945, -1.2963823171435556], [37.04549575269093, -1.2962523180699956], [37.045213731850495, -1.2961513112760845], [37.04487176778096, -1.2960673419644553], [37.044687712976085, -1.296022364083094], [37.04410873800679, -1.2958803600853788], [37.04345769054966, -1.2957273611032178], [37.04328970707729, -1.2956873677667753], [37.0430996671426, -1.295622408690063], [37.04301071330387, -1.295601368617606], [37.04222071597486, -1.2954174384716393], [37.042118651865444, -1.295394399583818], [37.04174069505067, -1.2952983793710844], [37.041566641451574, -1.2952534094855457], [37.040550679446746, -1.2950014185541843], [37.040118652514586, -1.2948944193496899], [37.03971917025957, -1.2948088382020253], [37.03967061725623, -1.2947984361564677], [37.03956159000312, -1.294774487352903], [37.038531614714984, -1.294540473803787], [37.03806958516535, -1.2944355304234476], [37.03757260488941, -1.2943104928674578], [37.037175608683015, -1.294217531384739], [37.036586558506535, -1.294079496031555], [37.036084536128875, -1.293961504841278], [37.035738563980594, -1.2938915432666536], [37.0353825316187, -1.2938015065065365], [37.03533757268942, -1.293791527421557], [37.03526750524121, -1.2937755638847632], [37.03405154511074, -1.2935085923693024], [37.0339994750347, -1.2934976143767671], [37.03320149153609, -1.2933025592359664], [37.03311283570283, -1.2932802502777367], [37.03305447249606, -1.2932655646218187], [37.03229145171829, -1.2930736101897131], [37.03189549953064, -1.292973598342464], [37.031333418907984, -1.292832600247217], [37.03075243590113, -1.2927076777076745], [37.030530456313386, -1.2926596871099862], [37.02980844939193, -1.2925046443339951], [37.029471444426925, -1.2924317060246253], [37.02912044017255, -1.2923556839980364], [37.02894541755618, -1.292320656215358], [37.028839433363494, -1.2922906539568126], [37.028618395804145, -1.292270685830487], [37.02845841149743, -1.2922356690419046], [37.028312384465565, -1.2921607108524733], [37.02815237213908, -1.2920656744790402], [37.028001352016794, -1.2920296707766574], [37.02740939178966, -1.2919247154389453], [37.027176347985225, -1.29191169768937], [37.02700038936901, -1.29193768440214], [37.02692378479761, -1.291957874605475], [37.026906039433534, -1.291962551189356], [37.02681876565677, -1.292027653344085], [37.02681905666356, -1.2920303131040618], [37.026818690656135, -1.2920304940877791], [37.02668368789767, -1.2921004878167812], [37.02657868575245, -1.2921554828892272], [37.026447683063594, -1.2921854802254826], [37.026377681618435, -1.2921754811504114], [37.02626167921617, -1.2921354847968558], [37.02620667807518, -1.292110487070112], [37.02613167652704, -1.2921004879966678], [37.02603667457008, -1.2921004880276263], [37.02592167220606, -1.2921154867118865], [37.02569466754925, -1.2921754813729998], [37.02531165969762, -1.2922934708525384], [37.025000653330075, -1.2924144600380485], [37.024724647679925, -1.2925244502044033], [37.024132291549876, -1.2927488491517276], [37.02394863178896, -1.2928184239343938], [37.023381620174796, -1.2930234056254437], [37.022820608684356, -1.293229387224255], [37.02251660245029, -1.2933173793845512], [37.02228059761269, -1.2933923726954493], [37.022125594439, -1.2934523673331464], [37.02171358600667, -1.293623352040852], [37.02106657275241, -1.293854331412562], [37.02065256428113, -1.294032315489415], [37.02027655657707, -1.2941623038842782], [37.0198845485437, -1.2942932921941552], [37.01961354298988, -1.2943832841633147], [37.019342019422645, -1.2944652308585574], [37.01923253517793, -1.2944982739130584], [37.01890852855878, -1.294671258411785], [37.01841751851319, -1.2948872390858388], [37.01764450268044, -1.2951732135369383], [37.01691948781655, -1.295397193565803], [37.016287474867156, -1.2956171739251212], [37.01522645312255, -1.2959711423359332], [37.014724442853144, -1.2961971221116226], [37.01409743001158, -1.2964331010259893], [37.013374415216305, -1.2967440732056947], [37.0127374021698, -1.29698405176261], [37.0127024014539, -1.2970000503305301], [37.01204938807508, -1.297232029614477], [37.01154137769713, -1.2975060050618623], [37.01126195296872, -1.2975940112131477], [37.01048735608857, -1.2978379754555738], [37.01011434846135, -1.298016959429249], [37.010025346640546, -1.2980569558498254], [37.009664339256574, -1.2982239409022318], [37.00899932562595, -1.2984429213628736], [37.00805830633979, -1.2987588931632517], [37.006420272797406, -1.2993998358723235], [37.00534425074914, -1.299777802123832], [37.002927579239724, -1.300658532454275], [37.00254568304501, -1.2996491046521106], [37.001516268218175, -1.2977391813039882], [37.00109306405235, -1.2963553442914777], [37.00069273532533, -1.294868577556012], [37.000385632714, -1.2939869931905783], [37.00016045708869, -1.2940320232016271], [36.99990213652997, -1.2932973885622938], [36.99844410509951, -1.2889707793617167], [36.99798209515447, -1.2876418993937093], [36.99766808838114, -1.2866939850087444], [36.99750708492555, -1.2862620240287095], [36.99732508102423, -1.2857890667537004], [36.997210927575296, -1.2854862101115951], [36.99699907403056, -1.2849241448843765], [36.99677042012353, -1.2843117791998324], [36.996744068558066, -1.2842412065747175], [36.99652206376033, -1.2835412697874078], [36.99648506296917, -1.2834512779174745], [36.996275058477146, -1.28293432461918], [36.996073054139146, -1.2823833743848048], [36.99589205023782, -1.2818444230610015], [36.99575590027358, -1.2813455711052373], [36.99575604727659, -1.2813454681144718], [36.99575598527523, -1.2813452451345877], [36.99575590027346, -1.2813452061381299], [36.995663986400125, -1.2814100653170726], [36.995585303796396, -1.281465587333961], [36.99532861453676, -1.281559199972329], [36.994866680071596, -1.2817276649247427], [36.99410350143358, -1.2820059920641458], [36.99394243612831, -1.2820489382421225], [36.99352639461801, -1.2822469155174836], [36.993526472619685, -1.2822471394972725], [36.99327799653706, -1.282365376911687], [36.99299599077157, -1.2825093640141274], [36.99265940287586, -1.2826359877005125], [36.992389828353055, -1.2827375696241692], [36.99220407354813, -1.282809648182205], [36.992197732418234, -1.2828121089623004], [36.992130064032146, -1.2828383666154914], [36.99181203051773, -1.2829617735860737], [36.99166896358717, -1.2830173186218172], [36.99164523510128, -1.2830270477517653], [36.99147034352012, -1.2830988873279277], [36.99139074589023, -1.2831315834041854], [36.99127360349208, -1.2831811259729664], [36.99099994988971, -1.283297293582287], [36.99097806844177, -1.2833064647620132], [36.99088657756856, -1.2833448093326076], [36.990833188475484, -1.2833673893130815], [36.99082299926664, -1.2833708130074617], [36.99071413103484, -1.2834073897431812], [36.99059594161195, -1.2834472801830026], [36.99017593300146, -1.283588267600667], [36.98943791788594, -1.2838812414110492], [36.988878906431935, -1.2840882229206103], [36.987994021305944, -1.2844328191217973], [36.98782087275968, -1.2845019689400405], [36.98776986771514, -1.2845224761065686], [36.98732057851358, -1.284703118956676], [36.98705427305935, -1.2848091784754982], [36.98669822376686, -1.2849509787993179], [36.986241859414385, -1.2851155111050494], [36.98622946716037, -1.2851199787059764], [36.985894500298734, -1.2852504230474262], [36.984758619030586, -1.2856927635128725], [36.98470608695573, -1.2857171593291778], [36.984668791191325, -1.2857302961562396], [36.98460018478514, -1.2857544619985681], [36.98414512446329, -1.2859316731601234], [36.98412106497055, -1.2859415242792884], [36.98410784369977, -1.285946937795236], [36.98407606904866, -1.2859585647566758], [36.98407480802282, -1.285959055712837], [36.98368795109531, -1.286100912041681], [36.983545797182295, -1.2861530383855138], [36.98286778329463, -1.2864220143415297], [36.98220176965237, -1.2866849908350169], [36.98181340269175, -1.2868215116456303], [36.9816892251465, -1.2868653417320672], [36.98152499778032, -1.2869233095562624], [36.98139105603557, -1.2869726431494213], [36.98086465424835, -1.2871665298300234], [36.98081474122556, -1.2871849451850188], [36.980192888494535, -1.2874521772803174], [36.9798508194872, -1.2875862772944189], [36.9798505374814, -1.2875863942839667], [36.979723189873674, -1.2876392975529327], [36.979468944667346, -1.2877449161078438], [36.979431897908675, -1.2877603067314514], [36.97914762108469, -1.287870060923033], [36.978856258115556, -1.287982550870094], [36.97827006909428, -1.2881716480024026], [36.97817602716692, -1.2882059569379887], [36.9778796810935, -1.2883138453017637], [36.97747167273661, -1.2884778306414362], [36.97736567056549, -1.2885208267972659], [36.97734585215956, -1.2885286231004356], [36.97687766056863, -1.2887128096373446], [36.97654477874942, -1.2888439099191764], [36.9763879375364, -1.288905433420235], [36.97579421436634, -1.2891156246521427], [36.97565100143432, -1.2891776111070614], [36.97565063642681, -1.289177769092853], [36.97527432872265, -1.2893403435496384], [36.9751206245758, -1.289406747609391], [36.97487740059755, -1.2895158648451457], [36.974780062605106, -1.289559360953037], [36.974780035604695, -1.2895595459364628], [36.9747797875996, -1.2895596529269011], [36.97471589523064, -1.289397152606397], [36.97460886793757, -1.2891249491958954], [36.974312854594885, -1.2883700853860516], [36.97396984024514, -1.2874952434138291], [36.973714828781375, -1.2868453611196733], [36.97295356344511, -1.2848230777859693], [36.97295079438563, -1.2848157284498185], [36.97295058338108, -1.28481516050116], [36.972907794461705, -1.2846977491059501], [36.97211174236186, -1.282526278236747], [36.972052839096534, -1.2823656017491742], [36.97202775655781, -1.282297181928822], [36.97116071892569, -1.2799046140209906], [36.97115874888336, -1.2798994044915397], [36.970434687351215, -1.2779849604066762], [36.970253822494406, -1.2775787871011], [36.9701745318035, -1.2774007201879607], [36.970051280159645, -1.2770746536382254], [36.96987143330184, -1.2765988616114456], [36.969863512131894, -1.2765779065041358], [36.96940417335077, -1.2755895957946746], [36.96854505805741, -1.2737411317946967], [36.96711682932306, -1.26963928321323], [36.9671165443169, -1.269638466287023], [36.96711154520947, -1.2696244695510137], [36.96687182105144, -1.2689369386374025], [36.96677653000116, -1.2686636423168085], [36.96669352621463, -1.2684236859853455], [36.96594949424031, -1.266397051005927], [36.96544047233539, -1.2650842885650946], [36.96538186408264, -1.2649422683923341], [36.965381470074185, -1.2649413144785904], [36.965370471837495, -1.264909319367613], [36.965213462458514, -1.2644554023556371], [36.96503145555339, -1.2639664905075823], [36.96498428954316, -1.263845719414617], [36.96489244857629, -1.2636105546527743], [36.96483622336946, -1.26345815441525], [36.96480244564454, -1.2633665986831364], [36.96454543413952, -1.2627057173678293], [36.96442042847337, -1.262420769106152], [36.96431642423459, -1.262117823460774], [36.964288630640844, -1.2620513504644773], [36.964265422145004, -1.2619958454776643], [36.96425648094343, -1.2619405374685657], [36.96424942178419, -1.261896863409543], [36.96424576769502, -1.2618527493891676], [36.96423642046713, -1.2617398915704159], [36.96411641589504, -1.2614259489216988], [36.96400441049197, -1.261125003098327], [36.9639744758495, -1.2610437694339618], [36.96392040668908, -1.2608970436835922], [36.96384340403953, -1.2606980796516372], [36.96372927759108, -1.260391657322636], [36.96368439662824, -1.2602711572041503], [36.963660275112, -1.2602104766843105], [36.96359139263786, -1.2600371993331068], [36.9634648749254, -1.259703075506031], [36.96343238622893, -1.2596172752541863], [36.9633653827955, -1.2594503053335417], [36.96327437883117, -1.2591673558799839], [36.96326086854269, -1.25913560474766], [36.96317737476028, -1.2589393974688894], [36.96314262501413, -1.2588440770762777], [36.963138373922874, -1.2588324161292654], [36.96312808970349, -1.2588086652744548], [36.96303836878921, -1.2586014579895983], [36.96291488913652, -1.2582578980121386], [36.962909364017904, -1.2582425234003936], [36.96290545393397, -1.2582320323477703], [36.96281135891551, -1.2579795701454062], [36.96263235209192, -1.2575516477934143], [36.96253634803049, -1.2572876956277235], [36.96239634203093, -1.2569237604925787], [36.96229333683055, -1.2566768057960775], [36.96216333205023, -1.25635486387056], [36.96214733070792, -1.2563148704822742], [36.96210732885679, -1.2562298861590353], [36.962031326222146, -1.2560119258390836], [36.9619023204447, -1.2556329940523796], [36.96177231465166, -1.2552700588234529], [36.96164830899796, -1.254957116084032], [36.96152430433207, -1.2546051788611232], [36.96143430039238, -1.2543342283239243], [36.96129729446795, -1.2540122863999517], [36.961205290494846, -1.2537663306093387], [36.96114228716125, -1.253654350727515], [36.96112268974916, -1.2536283680767906], [36.9610962851939, -1.2535933622419737], [36.96100328224903, -1.253504378295786], [36.96093978991936, -1.2534375293442974], [36.960890276882445, -1.253385399060955], [36.960775413487255, -1.2532975820165997], [36.96073727069193, -1.2532684206583737], [36.96070697006493, -1.2532609193443116], [36.960684571601476, -1.2532553738514542], [36.96053436849351, -1.253218189252167], [36.96052726234642, -1.2532164304130522], [36.96043912552216, -1.2531928515671904], [36.9603665200194, -1.2531734283416647], [36.96030443273432, -1.2531568188590436], [36.960244315490016, -1.2531407363284124], [36.960170931971085, -1.2531211051218674], [36.96011724085978, -1.2531067414340795], [36.96007199992345, -1.253094638539846], [36.95999162125969, -1.2530731355043285], [36.95991859874834, -1.2530536002890174], [36.95985277938597, -1.2530359928975652], [36.95979002408701, -1.2530192044312747], [36.959760951485265, -1.2530114271418622], [36.95971467052732, -1.252999045273], [36.95964185602029, -1.2529795660525747], [36.95956054733728, -1.2529578150397742], [36.95949063389019, -1.2529391117484343], [36.9594322166811, -1.2529234831762692], [36.95942486252885, -1.252921648344078], [36.95937410247855, -1.2529089775026612], [36.959258477085974, -1.2528801161418293], [36.95913324749456, -1.2528488560003226], [36.95901174298028, -1.2528185267737664], [36.95890493577019, -1.2527918662115964], [36.958814199892565, -1.2527692172826568], [36.95874619548542, -1.252752241834945], [36.95868642224847, -1.2527373221992384], [36.958671184933145, -1.252733518547093], [36.95853801117731, -1.2526997216368085], [36.95844069716342, -1.2526750248946144], [36.95842336680476, -1.2526706272966406], [36.95836689063607, -1.2526562946070094], [36.95828367091394, -1.2526351745377693], [36.958218273560604, -1.252618578055086], [36.95814624206995, -1.2526002977262893], [36.95809923709724, -1.2525883688168322], [36.95797200346418, -1.2525560787688108], [36.95785531504941, -1.25252646547612], [36.957777573440566, -1.2525067362797444], [36.957694143714065, -1.2524855632154255], [36.95768122144669, -1.2524824255023714], [36.957585049456824, -1.2524590756384548], [36.95748983248672, -1.2524359567532484], [36.95740286268713, -1.2524148396849075], [36.957329880177056, -1.2523971193059522], [36.95730809572637, -1.2523918297898249], [36.957220125906176, -1.2523704707436867], [36.95720412357499, -1.2523665850991659], [36.957122218879384, -1.2523435622011068], [36.95702441685458, -1.2523160697111915], [36.95690471537635, -1.2522824217831974], [36.956863182516514, -1.2522707468491217], [36.956782021836275, -1.252247932931995], [36.95672399263489, -1.2522316214212068], [36.95665901628963, -1.2522133560888156], [36.95657915863638, -1.2521909081383025], [36.95645878114418, -1.2521570702277158], [36.95634115270894, -1.2521240052464448], [36.95625118984634, -1.2520987175552243], [36.955792065341, -1.2519696573382375], [36.95566251965892, -1.251932980686542], [36.95556605566175, -1.2519056691797819], [36.95544903323904, -1.2518729611662265], [36.9552870438854, -1.2518276833002895], [36.95455901379576, -1.2515687308811978], [36.95439700643622, -1.2515057426122507], [36.953950988186655, -1.251330774530856], [36.95383298373831, -1.251280783076023], [36.953578666461155, -1.2511714240177256], [36.95346096801894, -1.2511208126187228], [36.95318795634906, -1.2509878366959508], [36.953126508071925, -1.2509544437265323], [36.952854942427344, -1.250806869119748], [36.95285403440837, -1.2508059612018307], [36.952853942406435, -1.2508058692102368], [36.95241842735352, -1.2505672418656806], [36.95229191872373, -1.2504979251562036], [36.95212517725875, -1.2504097191626762], [36.95150188630617, -1.2500800010911681], [36.950989864672486, -1.2498310457017605], [36.95060687672462, -1.2496638339004105], [36.95044484236198, -1.2495930893308191], [36.94978581469669, -1.2493421351676803], [36.94937379715762, -1.2491991611897402], [36.9489896742072, -1.2490996862804802], [36.948902777408534, -1.2490771833369758], [36.94836375525574, -1.248950206956315], [36.948161835082246, -1.2489165610538155], [36.947715728861375, -1.2488422258970713], [36.94730771143241, -1.2487892358035766], [36.94686369326615, -1.2487522432789206], [36.94641488500847, -1.248739307586441], [36.94630866981754, -1.248736245895922], [36.946218865965854, -1.248735901955136], [36.9462138998634, -1.2487358829584085], [36.94620887175976, -1.2487358639617003], [36.946190784386815, -1.2487357949736013], [36.946143678415524, -1.248735614004712], [36.94609465740476, -1.2487354270370534], [36.94603183710938, -1.2487351860785076], [36.9459851961477, -1.2487350071092922], [36.94594249326712, -1.248734844137397], [36.945923329871995, -1.2487347701500864], [36.94586432065524, -1.2487345441889914], [36.94578664805372, -1.2487342472402474], [36.9457057333842, -1.2487305515988871], [36.94569900525262, -1.2487534235386113], [36.945694847171204, -1.2487676282590652], [36.94568700501778, -1.2487944198456642], [36.94567884285345, -1.2488071057042989], [36.945658284439446, -1.2488390628290886], [36.94563271292452, -1.248878810253007], [36.94560414034918, -1.2489232222572817], [36.94557700280268, -1.248965404462164], [36.945573454732575, -1.2489753095700427], [36.94556233451295, -1.2490063477748259], [36.945554616360475, -1.2490278938343071], [36.94555300232854, -1.2490323984286409], [36.945552003312464, -1.2490469841136902], [36.945550272284635, -1.2490722488360968], [36.94554841925483, -1.2490993103963974], [36.9455489272753, -1.2491317384721319], [36.94555000230696, -1.2491623867082104], [36.94555208335113, -1.2491664883376852], [36.945558722492095, -1.2491795751555415], [36.945566332653655, -1.2491945768004082], [36.9455806769582, -1.2492228522462543], [36.94558931814208, -1.2492412635832617], [36.945603646447616, -1.2492740746201458], [36.94561600371121, -1.249302374064453], [36.94562154083318, -1.2493277917706977], [36.94562606793297, -1.2493485728953253], [36.94563250607488, -1.2493781242286208], [36.94563800419608, -1.249403364950821], [36.94564617437381, -1.2494331582616818], [36.94565909965492, -1.249480293007333], [36.945669143873296, -1.2495169197014486], [36.94567346396802, -1.2495351320579142], [36.94567919009558, -1.2495656723021604], [36.94568478822136, -1.2495990222931375], [36.94568900532109, -1.249640343565792], [36.94568267419744, -1.2496628155414113], [36.94567475204286, -1.249690938007944], [36.94566014775853, -1.249744992138343], [36.94563353724208, -1.249849194750447], [36.94562369705209, -1.2498908849941877], [36.94561933497795, -1.2499415894234012], [36.94561831596053, -1.2499534393551788], [36.94561600392126, -1.2499803129326321], [36.94561676294026, -1.249991215949158], [36.94562003202222, -1.250038163714762], [36.94562351210949, -1.2500881502061818], [36.94562700419706, -1.2501382986830916], [36.945629633253304, -1.2501450230758382], [36.94563732041791, -1.2501646902999877], [36.945646229608606, -1.2501874792422485], [36.94565659683064, -1.2502140028472373], [36.94566637604004, -1.2502390165886115], [36.945674603216176, -1.2502600646880084], [36.94567907931202, -1.2502715136542661], [36.94568819150708, -1.2502948245493488], [36.94570400584576, -1.250335280896254], [36.94570864294299, -1.2503404374297946], [36.94571604509816, -1.250348669685193], [36.945730448400056, -1.2503646882362038], [36.94575731496326, -1.2503945675334107], [36.94578027944471, -1.2504201062232494], [36.945797543806634, -1.2504393064864487], [36.945807683019666, -1.2504522743139086], [36.94582707342794, -1.2504796228417319], [36.945858274084905, -1.2505236268638182], [36.945888286716844, -1.250565955037521], [36.94589700990053, -1.2505782589253291], [36.945901088988116, -1.2505895529055822], [36.94590692911359, -1.2506057244455018], [36.945914332272565, -1.2506262225947844], [36.94591991039239, -1.2506416692000957], [36.94593095762959, -1.2506722584383143], [36.94593601073809, -1.2506862491751292], [36.945931752654, -1.2506981691016137], [36.94592313948397, -1.2507222849297506], [36.94590879820069, -1.2507624373135187], [36.94590303708696, -1.2507785638611415], [36.94589892800505, -1.2507878760227822], [36.94589487892378, -1.2507949453865481], [36.945885375733, -1.2508115388932803], [36.945858212187616, -1.250858968624837], [36.94583952781254, -1.2508915926889155], [36.94583400870172, -1.2509012298216335], [36.94583045262943, -1.2509046345157544], [36.94582042242556, -1.2509142396527748], [36.94578786176395, -1.2509454168516612], [36.945738519761235, -1.2509926626068633], [36.94571600630374, -1.2510142196700744], [36.94566000517294, -1.2510912127449128], [36.945658133135915, -1.2510962212938315], [36.94564064178975, -1.2511430180795384], [36.945623004440705, -1.2511902038300702], [36.94561524228708, -1.2512109979574566], [36.9455922608324, -1.2512725654129369], [36.94556957738404, -1.25133499979013], [36.94556661932905, -1.2513545220306763], [36.945561036225435, -1.2513913697096661], [36.94555500311334, -1.2514311821215218], [36.945554695114694, -1.2514557889027147], [36.94555426111648, -1.2514905077721339], [36.945553893118095, -1.2515199881138337], [36.945553506119694, -1.2515509493220371], [36.94555300312176, -1.251591167695573], [36.9455503230824, -1.251642269088348], [36.945546132020795, -1.2517221908828091], [36.9455424549667, -1.251792310560994], [36.945540581939206, -1.2518280253409575], [36.945539002916036, -1.2518581436255591], [36.94554037695082, -1.2518791517307812], [36.945542965016486, -1.2519187071630595], [36.945546003093526, -1.2519651339756068], [36.94554249502765, -1.2519860070944382], [36.94553124481643, -1.2520529350628111], [36.945511460436855, -1.2521441058477447], [36.94548470791619, -1.2522437178736723], [36.94546000142955, -1.2523171022639823], [36.945458837409475, -1.2523297641226399], [36.94545606536173, -1.2523599064054454], [36.94545356031849, -1.2523871469497676], [36.94545200129166, -1.2524040944220047], [36.94545828842298, -1.2524098099046586], [36.9454650395641, -1.252415946349152], [36.94548500198138, -1.2524340917066832], [36.94549965228509, -1.2524394882154375], [36.94552978491006, -1.2524512771428709], [36.94558612007979, -1.2524777517377357], [36.945656119534085, -1.2525131465239403], [36.94567758398134, -1.2525282691534976], [36.94570175048619, -1.2525492542535062], [36.94571704680572, -1.2525625360510302], [36.94574300734801, -1.2525850780101224], [36.945749196479404, -1.2525973249038433], [36.94577487402461, -1.2526481413133137], [36.945797758511574, -1.2526967279248171], [36.94581857295663, -1.25274809428627], [36.94583168823713, -1.2527804593636203], [36.94584955562521, -1.2528439496327481], [36.94587033208152, -1.2529340325029388], [36.9458820103401, -1.2529910413584713], [36.94588271436281, -1.2530175399686998], [36.94588366539363, -1.2530533617381898], [36.945884297414025, -1.2530771685911237], [36.94588598146681, -1.2531354183379193], [36.94588801052901, -1.2532010224214085], [36.94589429968422, -1.2532832260067224], [36.94589973681849, -1.2533542785978142], [36.94590508295859, -1.2534506719037792], [36.94590925907284, -1.2535412747322325], [36.94591137713821, -1.2536110994350713], [36.94590516504103, -1.2537101945010785], [36.94589920894773, -1.2538052149343617], [36.945893749862236, -1.2538923120820278], [36.94589039281431, -1.2539608319042275], [36.94589504894399, -1.2540690411448547], [36.945901100112444, -1.2542096684618014], [36.9459104723734, -1.2544274778175053], [36.945915839522854, -1.2545522085680556], [36.94591799858299, -1.2546023870424332], [36.94591989563588, -1.2546464750661368], [36.945923011722634, -1.2547188855354665], [36.945914059559385, -1.2547875113498457], [36.94590473838946, -1.2548589659093081], [36.945900691320126, -1.2549045617988541], [36.94589567924598, -1.254998274349773], [36.94588454308121, -1.2552064985762885], [36.94588201104371, -1.2552538373082365], [36.94586182665504, -1.2553421343522786], [36.94585081844368, -1.2553923858241247], [36.94581399473788, -1.2555642133409548], [36.9457967754031, -1.2556289805058198], [36.94574758943702, -1.2557836115771719], [36.94569600742396, -1.2559457749700262], [36.94563478518793, -1.2560301623796009], [36.945601245510765, -1.2560763932212333], [36.945519003850386, -1.256189753024615], [36.94549820944113, -1.2562524763749936], [36.94545556560197, -1.2563811047891564], [36.945417468852305, -1.2564960154387501], [36.94541458179543, -1.256504726654116], [36.94540075352331, -1.2565464368971437], [36.94539511441102, -1.2565592827406047], [36.94538169814258, -1.2565853873907298], [36.94536311677069, -1.2566215421363147], [36.94535120153232, -1.2566447270492853], [36.94534433439485, -1.2566580878465614], [36.94533441119624, -1.256677396108523], [36.945315827824324, -1.256713554853747], [36.94529506840893, -1.256753946217877], [36.94527487400481, -1.2567932396809196], [36.945266359834434, -1.256809805189721], [36.945252644559886, -1.2568364907875977], [36.94524975850202, -1.2568416833202445], [36.94522870707852, -1.256875457281282], [36.945215911821016, -1.2568959834343354], [36.945186427227874, -1.2569432851780982], [36.9451748219944, -1.2569619045026597], [36.945152969554734, -1.2569969623481878], [36.945132115135216, -1.2570304183378085], [36.94511699583103, -1.2570546751551266], [36.945074921972946, -1.2570852634100078], [36.94504019826492, -1.2571105071446118], [36.944994013323104, -1.257144083131347], [36.94495994062831, -1.2571688539083565], [36.944914590703505, -1.2572018229496886], [36.94490369548131, -1.2572097442387544], [36.94487848096709, -1.2572280755936556], [36.94484128120853, -1.2572551191667085], [36.94480217141104, -1.257283552615056], [36.94474366221797, -1.2573260887977094], [36.94469208616612, -1.2573635844327427], [36.944672049757564, -1.257378150125628], [36.94464506820723, -1.2573974433943351], [36.94462899987902, -1.2574073485062167], [36.94455833943568, -1.2574509066005577], [36.94446561054158, -1.257508068475181], [36.944451678257, -1.25751665770503], [36.94441446949697, -1.2575395946483412], [36.94435377425712, -1.2575770092935576], [36.944280725764976, -1.2576220392559578], [36.94425702628086, -1.2576366489460398], [36.94423180076563, -1.2576521995516543], [36.94421118034432, -1.2576649104119262], [36.944177501656426, -1.2576856715504163], [36.944124555574966, -1.2577183096238835], [36.94408023566954, -1.2577456301742365], [36.94405932324241, -1.2577585220182943], [36.94403357971655, -1.2577743915953357], [36.94400523713766, -1.2577918630287905], [36.94396079622983, -1.2578192585724262], [36.94391483029084, -1.2578475940316844], [36.943898482956975, -1.25785767112816], [36.943893988865284, -1.257860845843289], [36.94385922215664, -1.2578869864970106], [36.94384697490695, -1.2578961956703834], [36.94381825932161, -1.2579177877323517], [36.94378535865089, -1.2579425265117845], [36.94374142775538, -1.2579755585469918], [36.943690192711, -1.2580140830891289], [36.94365946008447, -1.2580371910150743], [36.94365443898215, -1.2580409676760482], [36.943632910543386, -1.2580571542231977], [36.943606629007604, -1.2580769164493437], [36.943579393452374, -1.2580973946112894], [36.94354672178644, -1.2581219614062333], [36.94352196328174, -1.258140577735315], [36.94351301709997, -1.2581493049511536], [36.94348072344392, -1.2581808101203282], [36.94344701775924, -1.2582136931656314], [36.94342328427709, -1.2582368470851277], [36.94339365467511, -1.2582657524878624], [36.94336871416852, -1.2582900843016172], [36.94331512507988, -1.2583423646040095], [36.94328887254652, -1.2583679753027799], [36.943278757341, -1.2583778434161104], [36.94326224700564, -1.2583939509687865], [36.94323588747011, -1.2584196666581315], [36.9432022827875, -1.2584524507124089], [36.943192956597976, -1.2584615488948556], [36.94313837249324, -1.2585277389432876], [36.94311379799576, -1.2585575392636137], [36.94308459140457, -1.2585929560791187], [36.94305409978735, -1.2586299317543164], [36.94301473299065, -1.2586776684620034], [36.9430049527926, -1.2586895283955055], [36.943001060713186, -1.2586921381614316], [36.94298544039442, -1.2587026112220017], [36.942960830892154, -1.2587191127416593], [36.94293967446028, -1.2587332984691328], [36.9429087048282, -1.258754064606314], [36.94287411512221, -1.2587772565258244], [36.94283103424291, -1.2588061439344396], [36.94278707334576, -1.2588356192902734], [36.942770522007905, -1.2588467172947455], [36.94274848955826, -1.2588614909695248], [36.94272645210843, -1.2588762676439464], [36.942715490884694, -1.2588836159847425], [36.94269340043385, -1.2588984286559377], [36.9426629778129, -1.258918826826099], [36.942633545212146, -1.2589385620557634], [36.94261480082962, -1.258951130928233], [36.94259303738539, -1.2589657236192326], [36.942567204858385, -1.2589838189955895], [36.94254092732261, -1.2590030372707408], [36.94251047970172, -1.2590253052723563], [36.94247362795032, -1.2590522568535865], [36.94242554496988, -1.2590874226975928], [36.94241974185151, -1.259091666316744], [36.94240494054962, -1.2591024913452555], [36.94239670438339, -1.2591138973192562], [36.94237549495525, -1.2591432706771586], [36.9423489344191, -1.2591800553683143], [36.94232077985071, -1.2592190468610618], [36.94231334570064, -1.2592293409351636], [36.94229049823948, -1.2592609820889986], [36.9422589066017, -1.2593047341534815], [36.942238700193734, -1.2593327186362853], [36.94223093703707, -1.2593434696693206], [36.94222731996355, -1.259346964355254], [36.94222017681845, -1.2593538667351079], [36.94221097763148, -1.2593627549365216], [36.942179765997416, -1.2593929132266943], [36.94214841836049, -1.2594232025051986], [36.942100750391944, -1.259469261366765], [36.9420846540649, -1.2594848139693946], [36.94207363084091, -1.2594954650123829], [36.9420553564697, -1.259513122425801], [36.94202788491148, -1.2595396670408108], [36.94199956333572, -1.2595660726685227], [36.941967952693105, -1.25959531904116], [36.941939758119865, -1.259621403697749], [36.94189912429377, -1.2596589983203905], [36.94188796006676, -1.2596693263926106], [36.941868086662765, -1.2596877127408614], [36.941848929273284, -1.259705437148612], [36.941825432796904, -1.2597316317938019], [36.941792400127305, -1.2597684574833103], [36.9417606684841, -1.2598038323033907], [36.94175471636339, -1.2598104677069197], [36.94172834882893, -1.259839863064381], [36.94170308631678, -1.2598680255327481], [36.941674925745986, -1.2598994197105136], [36.94167240169872, -1.2599148033241516], [36.941666657591185, -1.2599498121687847], [36.9416634475312, -1.259969377405536], [36.94166204150484, -1.2599779456332163], [36.94165738041758, -1.2600063530729775], [36.94165539738048, -1.260018434984004], [36.941653925352895, -1.2600274081753076], [36.94165363534993, -1.2600371182998422], [36.94165274734092, -1.260066853618502], [36.941651874332074, -1.2600961069807566], [36.94165131332642, -1.2601149002862146], [36.941650949322685, -1.2601270801878979], [36.9416504233174, -1.260144699599197], [36.941649664309615, -1.2601701273063584], [36.941648890301785, -1.2601960519687507], [36.94164808129361, -1.2602231805225979], [36.94164792529201, -1.260228390052843], [36.94165790150383, -1.2602479242881124], [36.94167423385052, -1.2602799053988787], [36.94169709033583, -1.260324661355538], [36.941716511748176, -1.2603626899200229], [36.941718821797245, -1.260367214511284], [36.941721531854824, -1.2603725190320607], [36.94172485192523, -1.2603790204447187], [36.941727188974866, -1.2603835970312869], [36.941729332020365, -1.2603877936521504], [36.941729970033876, -1.2603890375397002], [36.941731744071596, -1.260392516225453], [36.9417342441247, -1.2603974127830522], [36.94173870721939, -1.2604061509936424], [36.94174111227048, -1.2604108605682067], [36.9417421172918, -1.260412828390416], [36.94174447734194, -1.2604174499729222], [36.94174774741137, -1.2604238543943351], [36.94175209250363, -1.2604323616257724], [36.941756812603785, -1.2604416037908757], [36.94176218971804, -1.2604521338395587], [36.94176711882265, -1.2604617849676603], [36.941771084906605, -1.2604688173321874], [36.94177155491662, -1.2604697312496085], [36.94177559300208, -1.260476812609787], [36.94180819269216, -1.2605339894432], [36.94180925771459, -1.2605357462844875], [36.94180928771535, -1.2605359092697044], [36.94181024373558, -1.2605375871181435], [36.941811859769736, -1.260540420862142], [36.941814280821006, -1.2605446674784118], [36.94181756789059, -1.260550431957475], [36.941822679998786, -1.2605593991472275], [36.94182892913105, -1.260570359156806], [36.941830987174285, -1.260572954922105], [36.941834492247956, -1.2605773745224456], [36.94183575627455, -1.2605789683783546], [36.941872005036245, -1.2606246782447184], [36.94193777241828, -1.2607076107449606], [36.94198593243029, -1.260768341253069], [36.94205263081343, -1.2607934089713337], [36.9421269353543, -1.2608213364292633], [36.942163166107285, -1.260840348703216], [36.94222472038654, -1.2608726507706942], [36.942267938284786, -1.2608953297117165], [36.942314704263744, -1.2609420904800415], [36.942346291924885, -1.2609736746217082], [36.94240194108972, -1.2610293175862373], [36.94248894292336, -1.2611563061068134], [36.94249594312027, -1.2613242909556388], [36.942457027331564, -1.2613682110072648], [36.94242902176398, -1.2613998181658528], [36.94239494107331, -1.2614382807080946], [36.94233515585279, -1.2614772922089499], [36.94219737703995, -1.2615671961451975], [36.94209385692651, -1.261634746086385], [36.94204375690246, -1.2616633975184703], [36.94191957236357, -1.261732812298026], [36.941798928897, -1.2618002482550117], [36.94170544097638, -1.2618228362476234], [36.94164937682467, -1.2618363830438284], [36.94156484108789, -1.2618568082287283], [36.94143327738507, -1.2618885964038096], [36.941263693903444, -1.2619369690954105], [36.941124202039916, -1.2619777314637486], [36.94096563278477, -1.2620240673355445], [36.94085136443806, -1.262054528624865], [36.94066367158194, -1.2620994756311381], [36.94056314251652, -1.262123548492123], [36.9404407040011, -1.2621528688869226], [36.940413938451684, -1.2621610971534567], [36.94034010493727, -1.2621866928686682], [36.94021306133147, -1.2622307349372137], [36.940081893641, -1.262276205878333], [36.94003852875365, -1.262297885937013], [36.93991388920306, -1.2623601983572632], [36.939867889261755, -1.2623831962979544], [36.93984650282926, -1.2624106038330876], [36.93979688782616, -1.2624741881148196], [36.93980530301094, -1.2625101728669843], [36.939823284405755, -1.2625870629272598], [36.939843888858206, -1.2626751699752716], [36.93985521409767, -1.2626942382520645], [36.9398661003279, -1.2627125675956619], [36.93989507294059, -1.2627613471874328], [36.93996211035828, -1.262874217987379], [36.93999889213614, -1.2629361463909137], [36.94000660630956, -1.2629822592299673], [36.9400117754258, -1.26301316044161], [36.94005191232629, -1.2632456964586039], [36.940097281331816, -1.2634691822900106], [36.940115025727394, -1.2635640977248208], [36.9401241099388, -1.2636408697984902], [36.94013072509273, -1.2636967757547224], [36.940156846700475, -1.2639175348380272], [36.94018589637642, -1.264163035689204], [36.94020588381104, -1.2642349122008096], [36.940235042445174, -1.2643397677355395], [36.940235272450195, -1.264340596660692], [36.94024289761604, -1.2643680171854825], [36.94024289764549, -1.2644620087091178], [36.94018989657985, -1.2645490008808726], [36.94006889410987, -1.2646289937054374], [36.939966413007085, -1.2646619307677898], [36.93990089066261, -1.2646829888895494], [36.939782394224224, -1.2646991734677178], [36.93961012567936, -1.2647227024006615], [36.939603661546435, -1.2647235853230792], [36.93953769318894, -1.2647325955315554], [36.93939566826435, -1.2647454024217193], [36.939205402345785, -1.2647606901037225], [36.93917687575832, -1.2647629819060475], [36.939024628634165, -1.2648115275765954], [36.93892287054607, -1.2648439746828706], [36.938833718721625, -1.264888290714689], [36.93874786696471, -1.2649309668934723], [36.93869528288733, -1.2649530289206692], [36.938676223496834, -1.2649610252055687], [36.93860817210251, -1.264989577652287], [36.93854558182017, -1.2650158383040218], [36.93849286173998, -1.2650379573260386], [36.93846791123111, -1.2650559547109255], [36.93842708439848, -1.2650854050680758], [36.93839497374361, -1.2651085689893866], [36.93837278529113, -1.2651245735530339], [36.93835285888469, -1.2651389482630753], [36.93830768297439, -1.2652067051670277], [36.93825019081596, -1.265292933409138], [36.938180541412436, -1.2653973960106175], [36.938138245560225, -1.265460833303195], [36.93810857696276, -1.265506400203369], [36.9380490457644, -1.2655995998173823], [36.938005008877965, -1.2656685406142039], [36.937965992092636, -1.2657296231180735], [36.93794985076772, -1.2657548928442963], [36.93789891272963, -1.265794183317277], [36.93780984791462, -1.2658628831501493], [36.93772325113545, -1.2658835553134111], [36.93760323366962, -1.2659122047680378], [36.93755894775787, -1.2659169213568293], [36.93749453043027, -1.2659192451677117], [36.93743246915124, -1.2659214839855903], [36.93741494279, -1.2659221169340569], [36.937409365675045, -1.2659223179178136], [36.93737309592615, -1.2659190962198197], [36.9372888281837, -1.265903734632068], [36.93722595588358, -1.2658922726857003], [36.93718595305462, -1.2658793968596134], [36.93712969188764, -1.2658574548563606], [36.9370460281522, -1.2658248268254395], [36.93697183061309, -1.2657958894587071], [36.93689397199644, -1.2657605266725982], [36.9368615203227, -1.26574578801212], [36.936761387243564, -1.2657003091453511], [36.93667682448778, -1.265661901635964], [36.936654724029616, -1.2656543093276849], [36.93654903883894, -1.2656180006357434], [36.93648182044553, -1.2655949077396633], [36.936424718263964, -1.265581987922978], [36.93637082414885, -1.2655697950397744], [36.93634481761071, -1.2655639105786847], [36.93632030610527, -1.2655639105864904], [36.93630480278554, -1.2655639105914274], [36.936273951149374, -1.2655639106012528], [36.93626599498527, -1.2655639106037866], [36.93618976541333, -1.265563910628063], [36.93617681414635, -1.2655639106321872], [36.93613086019876, -1.2655639106468217], [36.936089812352286, -1.2655639106598944], [36.93605112956183, -1.2655872705655609], [36.93598881028864, -1.2656249051915536], [36.93595746965217, -1.2656562423754276], [36.93588880825784, -1.2657248962059815], [36.93587057889438, -1.265764553635412], [36.93581480678236, -1.2658858817116116], [36.93580911566733, -1.2658933810371213], [36.9357750959799, -1.2659382050056356], [36.93577539798637, -1.2659391779178806], [36.93577473297265, -1.265939042930166], [36.935745610384025, -1.26597705551144], [36.93570724160856, -1.2660271370071954], [36.93564460833614, -1.266088001538341], [36.93549323326077, -1.2662351003209396], [36.93538091297536, -1.2663332925015298], [36.93538075997218, -1.2663332675038308], [36.93533057495117, -1.266377350544337], [36.93528551103432, -1.2664169349889747], [36.93527879589767, -1.266422833459134], [36.93518933405387, -1.2664261671870132], [36.93511779257946, -1.2664288329693618], [36.93505421726277, -1.266410799615923], [36.93500628227005, -1.26639720285741], [36.934976789659295, -1.2663888366212213], [36.93493314774898, -1.2663560415926847], [36.93488462873708, -1.2663195808962402], [36.934844930909016, -1.2662897495991485], [36.934815786301115, -1.2662678475835616], [36.93480471405452, -1.266209473851387], [36.934794373824225, -1.2661549597707822], [36.934784969614675, -1.2661053772452826], [36.934782785566014, -1.2660938632842613], [36.93478278555206, -1.2660494062935148], [36.934782785542225, -1.266018076118902], [36.934782785542126, -1.2660177331498919], [36.93478278553546, -1.2659965040642942], [36.93478278553109, -1.265982586319421], [36.934782785530274, -1.265979963555995], [36.934782785529755, -1.2659783247037426], [36.93478278551769, -1.2659398771710149], [36.93476413311468, -1.2658811484731336], [36.934735784502045, -1.2657918905316459], [36.934719480159494, -1.2657714743779942], [36.934675904243726, -1.2657169093126395], [36.93463882446448, -1.2656704775117065], [36.93460645878411, -1.2656289862637784], [36.934595557554864, -1.2656148655405717], [36.934594898541135, -1.265614581566456], [36.93455627972897, -1.2655639901411393], [36.93454119341166, -1.2655442249284459], [36.934540799403415, -1.2655439379544273], [36.93454077740296, -1.2655439169563256], [36.934366776774965, -1.2654169244640314], [36.93417277277841, -1.2654299233535669], [36.933992548961854, -1.2651108811825142], [36.9337699342476, -1.2647167947922033], [36.93373276346048, -1.2646509937380583], [36.93366076191175, -1.2644470121560791], [36.93342875695602, -1.2639000615538214], [36.9333477552483, -1.2637810723100094], [36.933256753343215, -1.2636900805445705], [36.933175751644356, -1.263599088775942], [36.93312775062906, -1.2635180960950385], [36.933073749468555, -1.2633681096379128], [36.93305774912515, -1.263325113520353], [36.93296074705995, -1.2631181322166063], [36.93294474671904, -1.2630831353777099], [36.932880745321846, -1.2628361576702372], [36.93261173953427, -1.2620682270065549], [36.93247773666509, -1.2617302575265805], [36.93236973435192, -1.2614552823575373], [36.93232945048472, -1.261338797874587], [36.93222173116603, -1.2610273209970793], [36.9321397294059, -1.2608063409505113], [36.93187772378007, -1.2600934053240045], [36.93182372262031, -1.2599454186860817], [36.9318077222457, -1.2598024315852223], [36.93169671980891, -1.2593294742700007], [36.93161471800955, -1.2589825055841335], [36.931482715167256, -1.2585975403405105], [36.93122170960396, -1.2580175927202117], [36.93115770823169, -1.2578496078884724], [36.93103870567816, -1.2575306366893118], [36.93099270467625, -1.2573596521223231], [36.93083370125516, -1.2569036932884816], [36.93065969754159, -1.256501729590275], [36.93053669491247, -1.2562047564084031], [36.93051269435001, -1.2559877759818927], [36.93057069546305, -1.2557208000377416], [36.93057969556778, -1.2554608234778284], [36.93072069835927, -1.255086857154965], [36.930705698004125, -1.2549398704139358], [36.930654696912285, -1.2548108820612727], [36.93043128933228, -1.2548983222471282], [36.92801564280925, -1.2558437897546704], [36.92741277543778, -1.2560410191604199], [36.926723570294236, -1.2562664950464528], [36.92671361609003, -1.2562697607551248], [36.926710616028394, -1.256270751666713], [36.925678710845, -1.2565855196094298], [36.92567859484235, -1.25658472368126], [36.925625321748754, -1.2566009272369918], [36.92502240637155, -1.2567843138911243], [36.92479757675598, -1.2568526997956462], [36.9240507104142, -1.2570501962230405], [36.923051615891076, -1.2573143907159317], [36.92305469095844, -1.257327059572557], [36.92274053450089, -1.2573966513966413], [36.92272283713716, -1.2574005650493034], [36.92257123902088, -1.257434086074602], [36.92254962357665, -1.2574388656504938], [36.922377272033906, -1.2574769752685302], [36.922250845435066, -1.257504930787797], [36.92222638693234, -1.2575103393077498], [36.922019188673254, -1.257556155241932], [36.921917946592124, -1.2575785412554343], [36.921853668270856, -1.257592754994015], [36.921813515445535, -1.2576016332061715], [36.92173485982823, -1.257617501800215], [36.92165923427319, -1.2576327584483413], [36.921491696828404, -1.2576665574536516], [36.921472083425094, -1.2576705151029581], [36.92134198475001, -1.2576967607775231], [36.921248793833854, -1.257715562111603], [36.921166445140635, -1.2577321746397083], [36.92100822188724, -1.2577640948114295], [36.920985484419695, -1.2577686824048848], [36.92089489655709, -1.2577869577857037], [36.9208267291554, -1.2578007095672248], [36.92078570231178, -1.2578089868338005], [36.92070645568233, -1.2578249744172274], [36.920629256094955, -1.2578405490373], [36.920599592485054, -1.257846533507015], [36.920496849372476, -1.2578672606705363], [36.92043154502961, -1.2578804355031306], [36.92032467183211, -1.2579019965927427], [36.92031459862495, -1.2579040284127958], [36.92017391773226, -1.2579324098980396], [36.92013674996805, -1.2579399082336573], [36.920113480489604, -1.2579446028177321], [36.92003655190829, -1.257961635306206], [36.91997347761166, -1.2579756000669322], [36.91995836130093, -1.257978986766343], [36.91992893369601, -1.2579855811810345], [36.919856740212126, -1.2580017577452092], [36.919804012128274, -1.2580135726965156], [36.91973878478753, -1.2580281873992825], [36.91970552110371, -1.2580356407377196], [36.91961342221061, -1.258056277905986], [36.91959254678156, -1.2580609554907474], [36.919522470341185, -1.2580766570971311], [36.919445448757905, -1.258093915565279], [36.91939413170308, -1.2581054135446956], [36.91935648092916, -1.2581138507957932], [36.919228296294236, -1.2581425722464632], [36.919188926485, -1.2581513944634237], [36.919078488214915, -1.258176140266998], [36.91896566789584, -1.2582014200231346], [36.9189296931564, -1.2582094803077524], [36.91880761464696, -1.2582368348797237], [36.91878645321199, -1.2582415764589001], [36.91870444652489, -1.258255243252468], [36.9186173487329, -1.2582697579712585], [36.9185454932546, -1.2582817319142998], [36.91849563022878, -1.2582900421807048], [36.91843923406856, -1.2582994403510803], [36.91833275787796, -1.2583171837848675], [36.91827962778485, -1.258326038003303], [36.918191877979545, -1.2583406617123054], [36.918169449518125, -1.258344399382414], [36.918102603142835, -1.2583555393990884], [36.9180377148079, -1.258366352444599], [36.918005924153796, -1.2583716499769673], [36.917980012620774, -1.2583759685957523], [36.917947133944296, -1.2583814481120699], [36.917916435312755, -1.2583865636604867], [36.91788243461327, -1.2583925631302282], [36.917179420149644, -1.2585095528035757], [36.916533406862825, -1.2586305420983164], [36.91633169171416, -1.258668666724367], [36.91620540011675, -1.25869253661198], [36.91620535911585, -1.2586923786262256], [36.915437384320555, -1.2588365238715713], [36.91439536288669, -1.259026507070427], [36.91429036072681, -1.259045505390543], [36.9138543517584, -1.2591254983155797], [36.91367134799867, -1.259173494045663], [36.91350808464831, -1.2592286921200238], [36.91325433944121, -1.2593144814646289], [36.91295533330514, -1.2594154724529243], [36.91234532078611, -1.259619454252822], [36.91233532056586, -1.259574458313259], [36.912276319262425, -1.2592974833071593], [36.91223831842062, -1.2591115000894992], [36.91218131716618, -1.2588595228286206], [36.912163316770894, -1.2587825297768769], [36.91211431569719, -1.2585805480053216], [36.91209531528151, -1.25850455486362], [36.91204731422752, -1.2582995733621194], [36.91203531396417, -1.2582485779642407], [36.91202431372292, -1.258202582115202], [36.911986312886675, -1.2580345972744393], [36.91194900405006, -1.2578193796925095], [36.91194731801229, -1.2578096505703134], [36.91194731201207, -1.2578096175731994], [36.91194615798631, -1.2578033561381738], [36.91194031185587, -1.2577716210016237], [36.91194023685418, -1.257771164042902], [36.911909311157864, -1.2575836379618597], [36.91190664409771, -1.2575672634392594], [36.91186631018864, -1.2573196617781706], [36.91185730998748, -1.2572696662890481], [36.91185230987183, -1.2572296698971583], [36.91184905879764, -1.2572068109593448], [36.9118469307491, -1.2571918533087503], [36.91178830841159, -1.2567797104900218], [36.91176672791917, -1.256627890186431], [36.911760307772596, -1.2565827282606723], [36.911732307141264, -1.2564097438673716], [36.91171930684632, -1.256323751625313], [36.9116586214697, -1.2559223428390895], [36.91165430537178, -1.2558937904149363], [36.911581303704146, -1.2553738373214742], [36.91152530243529, -1.255007870337762], [36.91152500442856, -1.2550060804992722], [36.91152230236783, -1.2549898719615205], [36.911470204185825, -1.2546446521057757], [36.91146330102919, -1.254598907232704], [36.911436300454604, -1.2545419123803152], [36.911420982133976, -1.25452697873169], [36.91139629961736, -1.25450291590922], [36.9113282982041, -1.2544689189960396], [36.91126664593066, -1.25446349950415], [36.91123729632451, -1.2544609197460734], [36.91111180774083, -1.2544763523940838], [36.911050292474265, -1.2544839177313478], [36.91085328841594, -1.2545009162607719], [36.91059528310244, -1.2545279139078758], [36.91046928050733, -1.2545409127755651], [36.910346277986, -1.2545919082161974], [36.91021827536581, -1.2546569023962697], [36.91008627267019, -1.2547448945038875], [36.9099422697387, -1.2548698832793428], [36.90984026766977, -1.2549828731235295], [36.90979326671613, -1.2550338685402702], [36.90968426450339, -1.2551488582062418], [36.909632263447875, -1.255203853263896], [36.9096062629196, -1.2552298509279713], [36.90930425678817, -1.2555458225328686], [36.90918125429261, -1.2556798104902724], [36.90901801297969, -1.2558546137801432], [36.90888524828531, -1.2559967820030773], [36.90877024595443, -1.2561297700481067], [36.908692384375186, -1.256216279272285], [36.90867124794652, -1.2562397631614508], [36.90857824205262, -1.256318753068415], [36.90852724101048, -1.2563507501994737], [36.90838621612872, -1.2564385113307388], [36.90838423808832, -1.2564397422203895], [36.9082102345361, -1.25655873154629], [36.90798422992258, -1.2567147175527351], [36.907881227816844, -1.2567757120854042], [36.90782522666786, -1.2567957102999519], [36.90773922490042, -1.2568167084337265], [36.90766522337641, -1.2568247077358714], [36.907497219909516, -1.256820708149632], [36.90722921437206, -1.2567917108489741], [36.90690420765686, -1.2567567141073204], [36.906763204744664, -1.2567457151436174], [36.905819185246266, -1.2566657226547542], [36.905673182234345, -1.2566657227008884], [36.90547617818228, -1.2567037193370183], [36.90544531354885, -1.2567141244085431], [36.90532405306013, -1.2567550037608717], [36.90508184208908, -1.256836657474893], [36.90504016923373, -1.2568507062213274], [36.90439515600694, -1.2571046835246034], [36.90296272062466, -1.257642610473834], [36.90287212476638, -1.2576766324347723], [36.90287187576114, -1.2576766564326896], [36.90270812138677, -1.2576886314047326], [36.90257111855025, -1.2576556344233443], [36.90249125189339, -1.2576260571154678], [36.902490116869835, -1.2576256371537478], [36.902314113212924, -1.2575416447827714], [36.902233971545854, -1.25749755778341], [36.90219110865428, -1.2574739789229237], [36.90213013238595, -1.2574404349667536], [36.90208046935289, -1.2574131144459253], [36.90202510720135, -1.2573826592094652], [36.901904815700384, -1.2573203628645875], [36.9017220108997, -1.2572256914587083], [36.901599259347556, -1.2571621212294375], [36.90157972794146, -1.2571520061476216], [36.90157909792841, -1.2571516801771858], [36.90157945493569, -1.2571513662054454], [36.901645099271974, -1.2570936853856303], [36.90230559262019, -1.2562024455371934], [36.9024491155208, -1.2560087829537179], [36.90262287802726, -1.2557575635504077], [36.9034291352973, -1.2545919103983452], [36.90356222798775, -1.25441447335508], [36.90394214566775, -1.2539079719042787], [36.90414714981232, -1.253635996362483], [36.90465015998871, -1.2529910543552722], [36.90492989368011, -1.2527360582588043], [36.90479645688613, -1.2526026353309552], [36.90479688189461, -1.2526018494016196], [36.90480516306797, -1.2526100886560916], [36.905190170903246, -1.2522651196389236], [36.9054274567482, -1.2521043960558111], [36.90550017723311, -1.2520551384742138], [36.90590418548251, -1.2517821629597072], [36.906293193425654, -1.2515191865483895], [36.90643085622933, -1.2514029929815653], [36.906864205055285, -1.251037229824009], [36.90694134562393, -1.2509642293817667], [36.90720021188799, -1.2507192583879165], [36.90722721243497, -1.2506872612644324], [36.90739321579836, -1.2504902789728944], [36.90743332360837, -1.2504344819912498], [36.907485217656514, -1.2503622904839786], [36.9075512189718, -1.250213303896451], [36.90763422062518, -1.2500233209999314], [36.90767522143535, -1.2499083313549209], [36.907790223726536, -1.2496463549394992], [36.907922226419466, -1.2495493636430577], [36.90803522872481, -1.2494663710905036], [36.90840238327214, -1.2493814056359052], [36.908493238139755, -1.2493603805030056], [36.908796244369704, -1.2492943863581125], [36.90884624538312, -1.2492363915714133], [36.90898424817964, -1.2490744061332315], [36.90920125259943, -1.2488914225634415], [36.909401256672716, -1.248722437736907], [36.90960426081103, -1.248563452007816], [36.909704262849324, -1.2484844590986157], [36.90988426651387, -1.2483274731965088], [36.91001526918118, -1.2482144833428739], [36.91018827269664, -1.2480424987951955], [36.91023928873301, -1.2479910374190992], [36.91030127499228, -1.2479285090373655], [36.91032988956689, -1.2478780315796667], [36.91038587769126, -1.247779267466864], [36.91044704191956, -1.247671371175948], [36.910500253988225, -1.2475775036225705], [36.910512136226856, -1.2475565425087953], [36.91053425667105, -1.247517521020196], [36.91053427967153, -1.2475175460178487], [36.910547279932594, -1.2474945480873767], [36.91070041604533, -1.24734562346671], [36.91076628438425, -1.2472815672215547], [36.91083328574617, -1.2472165730606202], [36.91116129253247, -1.247282567007494], [36.911266063700374, -1.2473046029878512], [36.911349057417716, -1.2473220583880116], [36.91146287677287, -1.2473459961939437], [36.91158472529413, -1.2473716238450445], [36.9117344223917, -1.247403107959411], [36.91174130453415, -1.24740455582665], [36.9117744632113, -1.2473828377744791], [36.91177448621186, -1.2473828227758226], [36.91202831039607, -1.2472165726857993], [36.9121183122729, -1.2472825667073064], [36.912237244715605, -1.2472483017594338], [36.91241331833168, -1.2471975742779187], [36.91263332285021, -1.2471345798886972], [36.912735279880025, -1.2468975342294608], [36.91275632529907, -1.2468486056344381], [36.91284628508698, -1.2466295663554074], [36.912887327902624, -1.2465296343525762], [36.913132332926025, -1.246431643110976], [36.91316552862039, -1.2464629242801892], [36.91318705407075, -1.246483209444467], [36.91320781350493, -1.246502771674107], [36.91322976596416, -1.2465234578021318], [36.91324845535504, -1.246541070208326], [36.91326812476652, -1.2465596045310776], [36.91328341608639, -1.2465740152269245], [36.91341033874133, -1.2466936194033167], [36.91371334501441, -1.246768612546688], [36.91390134890679, -1.246815608250437], [36.91401331519001, -1.2467305388854175], [36.9141803545962, -1.2466036272758434], [36.91439135884344, -1.2462636578623492], [36.91442235945876, -1.246185664884638], [36.91445836019058, -1.2461506680288026], [36.91452236150233, -1.2461236704429055], [36.91463136374358, -1.2461006724822634], [36.91477136663899, -1.2461256701845458], [36.914891369112006, -1.2461186707779732], [36.91503237202472, -1.2461326694717083], [36.91520037550444, -1.246179665181759], [36.91528337723345, -1.246234660197158], [36.91536537892332, -1.2462296606222611], [36.91540537971158, -1.2461106713381676], [36.91540537968041, -1.2460096804437955], [36.915405379644284, -1.2458926909918997], [36.915331378083366, -1.2457807011123776], [36.915376378992114, -1.2457177067780445], [36.915440380278625, -1.2456087165847896], [36.915515381807396, -1.2455497218805014], [36.91558038313419, -1.2455047259170975], [36.915671385002014, -1.2454747285931411], [36.915753386683754, -1.2454437313622546], [36.91581838801125, -1.2454007352185301], [36.91584238849143, -1.2453527395384514], [36.915933390327154, -1.2452187515906536], [36.9159774012015, -1.2451104293434767], [36.9159895444427, -1.2450805400344915], [36.91599507155251, -1.2450669372592478], [36.91599839161847, -1.2450587659949839], [36.91606639300228, -1.2449977714731149], [36.91614139452674, -1.244924778030889], [36.91623039634889, -1.2448807819698076], [36.91630739793248, -1.244865783297925], [36.916381399452014, -1.2448437852581937], [36.91645740099216, -1.2447547932581293], [36.91649240167899, -1.2446408035247265], [36.91649440168599, -1.244529813531255], [36.916398399650035, -1.2443488298791137], [36.91635839879085, -1.2442378398987612], [36.91638139922789, -1.2441168508001037], [36.916473401087885, -1.2439948617700973], [36.916576403186795, -1.2439118692205946], [36.91663840445121, -1.243864873438436], [36.91670540584605, -1.2439068696310331], [36.916786407522046, -1.243923868073153], [36.91683140843419, -1.2438718727470253], [36.916892409671114, -1.2438028789485183], [36.91695241088895, -1.2437388846995243], [36.917033412544605, -1.2436898890917434], [36.917137414693315, -1.243701887977383], [36.91725841720978, -1.2437688818992725], [36.91736241937059, -1.2438198772688538], [36.91747842177184, -1.2438478747082637], [36.91759042407541, -1.2438268765664042], [36.917708426485014, -1.2437478836516753], [36.91781742867866, -1.2435708995748016], [36.917819428681085, -1.243444910933503], [36.91786442957667, -1.2433389204758205], [36.917881429892105, -1.2432249307479875], [36.917963431542184, -1.2430909428029235], [36.91802743282349, -1.242964954142204], [36.91809443416811, -1.242843965029833], [36.918205436400655, -1.2426589816733615], [36.91825537040558, -1.242577977961199], [36.91834843927865, -1.2424270025442676], [36.91849144221215, -1.242375007187499], [36.91857544393918, -1.2423570087840248], [36.91865744563598, -1.242375007135624], [36.91878644829885, -1.2423820064642868], [36.91887545014715, -1.2424230027402121], [36.9189964526426, -1.2424220027925574], [36.919124455289385, -1.2424440007691397], [36.91925345795471, -1.242458999376523], [36.91950846322781, -1.2425029953300801], [36.91970046715145, -1.2423850059081805], [36.91984447010306, -1.2423250112723907], [36.91998247294325, -1.2423050130323672], [36.920081474978936, -1.2422850148044418], [36.920160476590226, -1.2422260200988084], [36.92020747753621, -1.2421500269357943], [36.920303479501804, -1.2421030311430248], [36.920422481942346, -1.2420580351627506], [36.92052148395688, -1.2419690431554722], [36.92060248560563, -1.2418980495310368], [36.92071148783834, -1.2418480540045975], [36.920775489134414, -1.241770061016587], [36.92078635235373, -1.2417546734005314], [36.92078748937661, -1.2417530625454576], [36.920807345774506, -1.2417151049615274], [36.92082149005792, -1.2416880683947449], [36.920851490661285, -1.2416380728930692], [36.92088049124958, -1.2416060757689285], [36.92094649260095, -1.2415740786331437], [36.921016494040806, -1.241561079783351], [36.921082495396384, -1.241543081385427], [36.92111149598477, -1.2415110842612869], [36.921143496635516, -1.2414810869558905], [36.921168497137245, -1.2414360910049789], [36.921216498116245, -1.2414000942354528], [36.92126149903298, -1.2413630975571104], [36.921295499725275, -1.2413341001609306], [36.92130130883994, -1.2413172546779514], [36.92130466990627, -1.241307508555617], [36.92130459990479, -1.2413074095645553], [36.92130861298401, -1.2412956386245866], [36.921317984168724, -1.2412681540997308], [36.92132507730866, -1.241247348973295], [36.92129249964066, -1.241260106833195], [36.9212754012899, -1.2412662362858702], [36.92118649746611, -1.2412981034405153], [36.921109495887244, -1.2413281007598758], [36.92102049405562, -1.2413410996157763], [36.92090549168371, -1.2413410996516858], [36.92090449166311, -1.241341099651998], [36.920764488776776, -1.2413450993350772], [36.92061948578612, -1.241345099380354], [36.920461482523336, -1.2413321006016669], [36.92026547848359, -1.2413410998515269], [36.92011647541044, -1.2413410998980523], [36.91988647066382, -1.2413321007812088], [36.91963946556135, -1.2413061032022807], [36.91936645990966, -1.241238109417861], [36.91914945539465, -1.2411101210251836], [36.91892545073211, -1.240972133536071], [36.91873344672182, -1.2408091482908061], [36.91867795356967, -1.240784396539743], [36.91852944248628, -1.2407181565583216], [36.91827543717784, -1.2404921770118422], [36.917981431005416, -1.2401392089270673], [36.91784942826714, -1.2400882135660034], [36.917727425757256, -1.2401092117108408], [36.91756542239375, -1.2400372182522534], [36.91747442047954, -1.239916229188948], [36.91735941807908, -1.239823237608803], [36.917271416279966, -1.2398752329484322], [36.91708841253977, -1.2399872229086197], [36.916881408303674, -1.2400962131467652], [36.91663140314469, -1.2400882139459102], [36.91634939727561, -1.2399172294496394], [36.916277217763344, -1.2398408333599225], [36.91614439298057, -1.2397002490762556], [36.916025390490134, -1.2395832596609744], [36.916001609992435, -1.2395598317806296], [36.91588938764383, -1.239449271783547], [36.91570738380537, -1.2391742966316688], [36.915620381935355, -1.2389283188356768], [36.91544137821593, -1.2388393269148001], [36.9150573702644, -1.2387383361394713], [36.91474236368598, -1.2384743600371728], [36.914563359980335, -1.2384303640595018], [36.91444735760727, -1.2384943583259527], [36.91442735719476, -1.2384943583321824], [36.91435035564174, -1.2386093479890903], [36.91423935336388, -1.2386473445979385], [36.91414135132156, -1.2385793507585932], [36.91404134919598, -1.23837436927034], [36.913642340829114, -1.23792840960107], [36.913450336839624, -1.2378334182249269], [36.912974327053035, -1.2379374089977397], [36.912797476433845, -1.2380307646361641], [36.91261631972653, -1.2381263920711234], [36.912533318027734, -1.2381693882205824], [36.91236433354616, -1.238182652077323], [36.91227580172212, -1.2381896004784902], [36.9122566423274, -1.2381911043488198], [36.91224031199102, -1.2381923862383513], [36.91204831699879, -1.2380884006731407], [36.912041317814314, -1.2379574594805265], [36.912041310814146, -1.237957406485302], [36.91201531923111, -1.237804473281266], [36.911905320941386, -1.237736479445643], [36.911830319391505, -1.2377274802802887], [36.91173631743448, -1.2376684856282905], [36.911557313694686, -1.2375134996569996], [36.91127630780859, -1.2372205261577542], [36.91127630980863, -1.2372204931606368], [36.911283307922616, -1.2371215350801725], [36.911286296982894, -1.2371171034787654], [36.91134130909265, -1.2370355428148105], [36.91136662957701, -1.2369118759561797], [36.91136730959008, -1.2369085542554301], [36.911367288589624, -1.2369085272578688], [36.91129730811886, -1.2368195623003342], [36.91115130508489, -1.2367465689265018], [36.91086329902906, -1.2363706029114547], [36.91074529657716, -1.2363126081765745], [36.91052629202765, -1.2362076177101848], [36.91044629038106, -1.2362196166532216], [36.910387289182715, -1.2362806111725948], [36.910298287345334, -1.2362756116510294], [36.910179284879305, -1.2362386150234133], [36.90997428061817, -1.236132624642711], [36.909782276628846, -1.2360386331762063], [36.90977141140234, -1.2360308248835128], [36.909590272626076, -1.235900645676038], [36.90904926139137, -1.2356556679299564], [36.90889114811835, -1.2356181403624473], [36.90885125729259, -1.235608672228361], [36.9087812558486, -1.2356086722501114], [36.908685253882744, -1.2356556680430621], [36.908619252528986, -1.2356806658099477], [36.90854625102772, -1.2356956644804404], [36.90844324890294, -1.2356956645124464], [36.90838924778326, -1.2356766662420244], [36.908381048612846, -1.235672612610043], [36.908298245892354, -1.235631670326871], [36.90822763343124, -1.2356170886633553], [36.908206243988765, -1.2356126720681653], [36.90809824174526, -1.2355616766991986], [36.90793523835156, -1.2354596859446974], [36.90787923717839, -1.2354006912806885], [36.90781523583885, -1.2353376969797658], [36.907815214838394, -1.235337646984276], [36.90778023909678, -1.2352716999404652], [36.90778022309643, -1.2352716499449736], [36.90776823082397, -1.2351897103358151], [36.90776821582374, -1.2351896603404118], [36.9077382371857, -1.235125714114648], [36.90765323241364, -1.2350647216397472], [36.90758023092306, -1.235114717155118], [36.90750322936612, -1.2352177078941504], [36.907455307379806, -1.235224844265637], [36.90740922743137, -1.2352317066612286], [36.90729022495947, -1.2351757117464013], [36.9071932229441, -1.2351287160133737], [36.90719321094384, -1.2351286650178814], [36.90718422274525, -1.2350857198924066], [36.90716522233192, -1.235015726208449], [36.90712522150318, -1.2350037273025964], [36.907071220395636, -1.2350247254262805], [36.90705021995261, -1.234992728317462], [36.9069702182727, -1.23489573708634], [36.90686021600146, -1.2348887377515556], [36.90679321459332, -1.2348037454346612], [36.90671121287513, -1.234716753302718], [36.9067302132176, -1.2345547679002749], [36.90672021296115, -1.2343907826871185], [36.90670621262618, -1.2342397963032274], [36.906701212462245, -1.2340408142435686], [36.906589210125844, -1.2339558219405695], [36.906305204263056, -1.2339418232907047], [36.90624420301777, -1.2339848194334375], [36.9061942020093, -1.2340598126881266], [36.906096199979714, -1.2340338150622663], [36.90599319785709, -1.234040814463264], [36.905919196338814, -1.23406781205226], [36.905698191756954, -1.2339928188817435], [36.90553118832328, -1.2340298155981857], [36.90535618472268, -1.2340608128580128], [36.9053549636975, -1.2340608618539786], [36.90535496469754, -1.2340609158491147], [36.905181957130765, -1.234067914271838], [36.904980178989746, -1.2341378120331263], [36.90497994698496, -1.2341378960255445], [36.90485116634274, -1.234184810836106], [36.90483864108757, -1.2341952289007563], [36.90482658184186, -1.2342052590002957], [36.904612933489176, -1.2343838579654758], [36.904538211970376, -1.2344577323287191], [36.90452316766463, -1.234472775977173], [36.90447334664773, -1.2345083587847834], [36.90437616466426, -1.2345777665577458], [36.90421816143142, -1.2346647587642599], [36.904217916426454, -1.2346648017604631], [36.904047148911566, -1.2346907644729015], [36.90393415560365, -1.2347657497477913], [36.90385405098278, -1.234869288438456], [36.90385215394442, -1.2348717402180365], [36.903794152768796, -1.2349397341061816], [36.903716151180454, -1.2350077280006253], [36.90371589717519, -1.235007741999443], [36.903535147448714, -1.2350147314254187], [36.903534889443385, -1.2350147454243263], [36.90320102550964, -1.2348628412224578], [36.90313313912719, -1.234921735934041], [36.90302713697137, -1.2350227268624132], [36.902953023446486, -1.2350358337038376], [36.902880133946795, -1.2350487245643345], [36.902680129824525, -1.2350607215449088], [36.90267985381889, -1.2350607375435536], [36.90250384617912, -1.235031741212292], [36.902268112319426, -1.2350427272950122], [36.90223761169192, -1.2350481088193301], [36.90220011992052, -1.2350547242345946], [36.90213711864525, -1.2351347170426914], [36.902136937641465, -1.235134590054186], [36.902136831639396, -1.23513472404215], [36.90208292051563, -1.235096795478201], [36.90203628155888, -1.235114508895829], [36.90195411487341, -1.2351457161078716], [36.90195282384676, -1.2351457191080912], [36.90184111254223, -1.2351457191427824], [36.901840819536154, -1.2351457221425146], [36.9017398154476, -1.2351297256160096], [36.90164400346593, -1.2351127621750704], [36.901531106151275, -1.2351597149773128], [36.901451104512454, -1.2351977115766388], [36.90144910450791, -1.2353177007599796], [36.90142388399424, -1.2353391358353951], [36.90136910287836, -1.2353856946550725], [36.90113909815426, -1.2354536885967584], [36.90096909467199, -1.23553468134786], [36.90096896066918, -1.2355345683581673], [36.90096878366554, -1.2355346533504787], [36.90090078024519, -1.2354776635093447], [36.900792775989295, -1.2353866797452786], [36.90076298337295, -1.2353809142743566], [36.90066925243377, -1.235362919925627], [36.90066860942051, -1.2353627969369934], [36.90066808840968, -1.2353626969460725], [36.900611507254645, -1.235402825346032], [36.90058208665415, -1.2354236914740895], [36.90056508633863, -1.2355386811128466], [36.90053508576715, -1.2356936671498129], [36.90042908358405, -1.2357056661010337], [36.90036808234574, -1.235771660170441], [36.90030208100347, -1.23583465451194], [36.900194078779116, -1.2358466534636965], [36.90019383977414, -1.2358465874697144], [36.90008207645901, -1.2358156562929683], [36.900081892455184, -1.2358156432942846], [36.899955073836175, -1.2358066571437762], [36.89995486983194, -1.2358066131478023], [36.89984707160111, -1.2357836592506015], [36.89982850221333, -1.2357681436551802], [36.89970106855174, -1.2356616702935284], [36.89965206752895, -1.235622673824324], [36.89960725959378, -1.2355876099993393], [36.89958306608891, -1.235568678713487], [36.89958272708188, -1.2355686417169247], [36.89952705593127, -1.2355616873612125], [36.89945606347953, -1.2356036755979658], [36.89941606267244, -1.2356626702919165], [36.8993740618246, -1.2357236648061876], [36.89937390482127, -1.235723347834786], [36.89934474920172, -1.2356643801598886], [36.89933006088963, -1.2356346728426462], [36.89930710840394, -1.2355949514307285], [36.89927805978928, -1.2355446809717319], [36.89921205840783, -1.2354796868515094], [36.89921178440217, -1.2354797368470916], [36.899163057399626, -1.2354886860554721], [36.89908105571013, -1.235495685449985], [36.899081009709164, -1.2354956354545024], [36.899013054284275, -1.2354206922318716], [36.89894905293673, -1.2353317002745114], [36.898916052214354, -1.2351957125441755], [36.898799049787414, -1.235152716456658], [36.89866804705117, -1.2350427264131179], [36.898525044087215, -1.2349977305139586], [36.89852468207972, -1.2349977495122704], [36.898400041509866, -1.2350027331017537], [36.89834104026973, -1.234927736881069], [36.89830327448076, -1.2348955987900792], [36.89824703830601, -1.234847744121629], [36.898226973889805, -1.2348404687837562], [36.898065034530994, -1.2347817501275935], [36.897868431487574, -1.2348225855072918], [36.89785803027359, -1.2348247463157236], [36.89775902824039, -1.2348547436420838], [36.897656026143544, -1.2349467353809984], [36.89759302487676, -1.2350547256651114], [36.897604025156014, -1.2352257102473037], [36.89772502770433, -1.235395694885372], [36.897805029373494, -1.2354566893618728], [36.89781102955721, -1.2356526716919176], [36.89783503009613, -1.2357956587939949], [36.897785029094926, -1.235894649885359], [36.89772402785505, -1.2359556444055506], [36.89765602645709, -1.2359716429843772], [36.89763302600489, -1.2360446364110553], [36.89760902553481, -1.2361266290267847], [36.8975460242856, -1.2362916141726557], [36.8975060234732, -1.236333610399068], [36.897480022940535, -1.2363456093254417], [36.897424021783664, -1.2363406097935066], [36.897423904781206, -1.2363405338003879], [36.89737002065885, -1.2363056129653502], [36.89736978365394, -1.2363056129654242], [36.897238017935564, -1.2363056130063768], [36.89717101658019, -1.236393605094568], [36.89720201724279, -1.2364685983241515], [36.89716201645274, -1.236583587970077], [36.89708001476892, -1.2366095856517638], [36.89697201254081, -1.2366095856853387], [36.89687101047697, -1.2366745798574492], [36.89678900880968, -1.2367545726714948], [36.89671100721549, -1.2368035682786724], [36.896710887212905, -1.2368032513072593], [36.89669700691532, -1.236766571618301], [36.8966970068902, -1.2366845790101362], [36.896696606882, -1.2366845620117914], [36.8966270054451, -1.236681579302348], [36.89656600420621, -1.2367455735520867], [36.89650300292576, -1.236808567892596], [36.89645300192876, -1.2369215577219277], [36.896349999829575, -1.2370055501819037], [36.89620399682743, -1.2370385472525387], [36.896130995343405, -1.237110540784896], [36.89607199414616, -1.2371755349439464], [36.89606699408829, -1.2373235216041973], [36.89594999168667, -1.2373635180347686], [36.89582998922534, -1.2374105138354012], [36.89582966121847, -1.237410282856308], [36.89578298824557, -1.2373775168247048], [36.89578259323734, -1.2373773408407673], [36.89578256823681, -1.237377326841947], [36.89567298596107, -1.237328521276001], [36.89555098344193, -1.2373215219449092], [36.89535097932643, -1.2373565188521405], [36.895278977857416, -1.2374105140067997], [36.89520797641493, -1.2374835074483006], [36.89513097486012, -1.2375934975564742], [36.89499097204552, -1.2378344758753899], [36.894976971766795, -1.2378674729049708], [36.894838968960435, -1.238000460958748], [36.89471896653638, -1.238169445761777], [36.89468486283888, -1.2381892709850566], [36.89458996389797, -1.238244439041105], [36.89447696156902, -1.2382524383550768], [36.894370959384226, -1.2382594377571083], [36.894253956974616, -1.2382734365314247], [36.894192955732564, -1.2383274316826567], [36.89419287073091, -1.2383278296468387], [36.89416995529119, -1.2384354219542106], [36.894122954354636, -1.2385434122333192], [36.89412256534675, -1.2385439671834557], [36.89410195393051, -1.238573409535524], [36.894051952900504, -1.2385784091004282], [36.89402395230992, -1.2385364128951941], [36.89403795257485, -1.2384584199220257], [36.89405495289615, -1.2383624285706234], [36.89404795273091, -1.2382944347025715], [36.89400495183425, -1.2382634375104329], [36.89387194907879, -1.2382264408871186], [36.89370994572488, -1.2381884443629765], [36.89370924471035, -1.238188432364364], [36.89347894095767, -1.2381844447954748], [36.893164020446726, -1.2381400378969212], [36.8930889328943, -1.2381294498748336], [36.89289692894554, -1.2381704462387153], [36.89279010175678, -1.2382203917692443], [36.892680924519944, -1.238271437201349], [36.89253892161845, -1.2383634289523884], [36.89253838260745, -1.2383639679040133], [36.89253843560861, -1.2383641478876972], [36.89232742731985, -1.2385751109346252], [36.892199421700006, -1.2386440977552073], [36.89206641598245, -1.2387310829547367], [36.89191040977485, -1.2387670757585407], [36.89178640522502, -1.2387950712733118], [36.891667399777916, -1.238822066876589], [36.891666451758326, -1.238821650914438], [36.891553395410526, -1.238772075418956], [36.891525393806106, -1.2386850912694565], [36.89147939179936, -1.238497125229241], [36.89137438758787, -1.2383501515118578], [36.89124138181427, -1.2382541692061737], [36.89112637742615, -1.2382041777488102], [36.8909853715138, -1.238194179694009], [36.89083561341987, -1.2381809489334519], [36.89078505137545, -1.2381767163307682], [36.890769885062134, -1.238175446449954], [36.890748546624025, -1.238182400829603], [36.890634790288516, -1.2382200324725625], [36.89063387627146, -1.23822588094555], [36.89063271124962, -1.2382333332740707], [36.89063035620688, -1.2382521695766466], [36.89056135380555, -1.2383251570182088], [36.890469349911626, -1.238339153785024], [36.89044910549389, -1.2383389738076254], [36.8903228758905, -1.2383424315351304], [36.89030187545756, -1.2383434314515174], [36.89024787434275, -1.2383414316486243], [36.89024521328771, -1.2383408407027667], [36.89020287341122, -1.2383314325641233], [36.890189873140834, -1.238324433199125], [36.89010667940973, -1.2382766255348931], [36.890102871330456, -1.2382744377333081], [36.88989686707857, -1.2382694382481692], [36.889671862424876, -1.2382324416534451], [36.88951419615731, -1.2381850609740113], [36.88948885863215, -1.2381774466683262], [36.88924985367586, -1.2380954541343785], [36.88896584780347, -1.2380544579186767], [36.888630840853374, -1.2379304692005468], [36.88859926319961, -1.237923312855551], [36.888405836195325, -1.23787947386786], [36.88814483078062, -1.237783482602685], [36.887888825452194, -1.2376324962938188], [36.887752420595966, -1.237496106631791], [36.88775082256255, -1.237494508776291], [36.88774993554432, -1.237494719757565], [36.88774980754166, -1.2374946477640891], [36.887625230980355, -1.2375243031293726], [36.887581695084954, -1.2375338572816874], [36.88754322829388, -1.2375422995325713], [36.88750896458888, -1.2375484069926137], [36.88741515165833, -1.237565129514222], [36.88741422263923, -1.2375652954995613], [36.887272216723275, -1.2376112873976393], [36.88713921096204, -1.2375562973963412], [36.887025206567884, -1.2374193217800853], [36.8868962008638, -1.2372813472586195], [36.8867771963943, -1.237235355441789], [36.88655718683674, -1.2371763658280994], [36.88630517661737, -1.2371123776749073], [36.88619917243997, -1.2371443718236863], [36.88619902543696, -1.2371444698148168], [36.88610316847865, -1.237208360084998], [36.88586515862101, -1.23738232947577], [36.88582095472132, -1.2374227728435392], [36.88559414710513, -1.2376302852069616], [36.88546239142444, -1.2377541610805285], [36.88544314103288, -1.2377722594549425], [36.885443059031076, -1.2377722184587496], [36.885442775025275, -1.2377724844347933], [36.88535377317547, -1.2377284884287072], [36.88518876977632, -1.2377464868575545], [36.88500476596991, -1.2377144897992454], [36.88488476347883, -1.2376654942535315], [36.88477176113276, -1.2376184985253391], [36.88461075780912, -1.237613499026064], [36.88434475232352, -1.2376234982074148], [36.88413374797087, -1.2376274979125428], [36.88411974768291, -1.237630497646455], [36.8839828258666, -1.2376594780764822], [36.88398274486493, -1.2376594950749762], [36.88393784894922, -1.237694269953959], [36.88391174341674, -1.2377144901392305], [36.883882758825536, -1.2377368851293429], [36.883846021076174, -1.2377652695819732], [36.88384574207055, -1.2377654855626075], [36.88372573759981, -1.2377834809776451], [36.883464959270974, -1.237953321747772], [36.883464734266454, -1.2379534687346037], [36.8833137311941, -1.2380954559814665], [36.88325873009842, -1.2382234444605171], [36.88326372620744, -1.2382426167305804], [36.883295730905466, -1.2383654316489527], [36.88327498248688, -1.2383966538407511], [36.88319472886796, -1.2385174179788474], [36.88312572746387, -1.2385814122313215], [36.88312072738731, -1.238668404390566], [36.88307072637371, -1.2387273990876837], [36.8829607241097, -1.2387463974092985], [36.882869722231966, -1.238746397437627], [36.88281372107642, -1.2387463974550599], [36.88266671803731, -1.2387273992134489], [36.88248012825004, -1.2389323487954829], [36.882463713916835, -1.2389503791751424], [36.88244244849621, -1.2390095458479122], [36.882417713006916, -1.2390783676513528], [36.88238971246441, -1.2391933572936953], [36.88228871040698, -1.239280349482817], [36.88220170860908, -1.2392713503212427], [36.882045705398305, -1.2392983479360118], [36.88195470357394, -1.2394723322796881], [36.881834701128675, -1.2395733232126565], [36.88179370031086, -1.2396653149324337], [36.88158769611623, -1.2398482985005825], [36.88141869264156, -1.2398892948574334], [36.88129469007603, -1.2398672968792372], [36.88117996569047, -1.2398074473103593], [36.88117968768468, -1.2398073023235037], [36.88117968766634, -1.2397475507101419], [36.88117968766627, -1.2397473077321148], [36.88116996146181, -1.239735103835293], [36.881128686594195, -1.2396833135170247], [36.88111035621287, -1.2396730274500605], [36.88093268251601, -1.2395733234936297], [36.88084968080051, -1.2395643243308136], [36.88071667404614, -1.2395323292566114], [36.88069395056178, -1.239481951805118], [36.88069367755602, -1.2394813318611289], [36.88067067207453, -1.2394593358511836], [36.880633937291215, -1.2393769282916558], [36.88063367628572, -1.2393763413446903], [36.88062467607482, -1.2392943487391448], [36.88060681468376, -1.2392209273635721], [36.88060667568071, -1.239220355415129], [36.88049667339117, -1.23915636121846], [36.880441672249155, -1.2391333633087973], [36.88029066914584, -1.239174359660043], [36.880219667688706, -1.2392003573384998], [36.88005666434388, -1.239261351890628], [36.880053189273845, -1.239266597418819], [36.88000566331513, -1.2393383449656987], [36.87999638312791, -1.2393524137002212], [36.879974662689875, -1.2393853407386937], [36.879930685800005, -1.2394429685572477], [36.87981365943223, -1.2395963217689752], [36.87976265841025, -1.2396953128608799], [36.87974065796949, -1.239738308991655], [36.87963765586032, -1.2397913042462776], [36.879540653840245, -1.2397313096849047], [36.879470652374266, -1.2396613160166787], [36.87940365097119, -1.2395943220769816], [36.879306648927184, -1.239456334546725], [36.87919264654251, -1.239351344046976], [36.87909164446813, -1.2393833411939879], [36.87892164096721, -1.2394063391736365], [36.878872639948426, -1.2393813414423966], [36.87877063782733, -1.2393283462516906], [36.8785686337123, -1.2395023306300765], [36.878509632510436, -1.2395533260512162], [36.87838592198875, -1.239654795942372], [36.87838162990126, -1.2396583166262578], [36.878381345895434, -1.2396585196080647], [36.87824762716554, -1.2397543080144924], [36.87816062539692, -1.2398413001993207], [36.87804162296523, -1.239919293205354], [36.877945620988434, -1.2399332919732913], [36.87786361927395, -1.239860298579141], [36.87777561741996, -1.239736309783999], [36.87767567829726, -1.2395394525616732], [36.87767561529591, -1.2395393275729498], [36.877638789496594, -1.2394109491576288], [36.877638614492774, -1.2394103392126192], [36.877477611136655, -1.2393003491782775], [36.87734960847845, -1.2392453541758468], [36.877270960845, -1.239211163282614], [36.87723460608997, -1.2391953587186302], [36.87706960266666, -1.2391353641785292], [36.87688859891837, -1.2390923681109143], [36.876820597516314, -1.2390963677715006], [36.87673759582465, -1.2391653615776848], [36.87668259473319, -1.2393073487948132], [36.87661859344073, -1.2393993405217965], [36.8764995909736, -1.2393623438940984], [36.87635758806019, -1.2394173389806173], [36.876265586187145, -1.2395003315276418], [36.87626558622795, -1.2396333195389473], [36.87624258577996, -1.2397203117038862], [36.87614158373498, -1.2398483001972813], [36.876068582257986, -1.2399442915665566], [36.87605458203106, -1.2401462733624096], [36.876045581924274, -1.2404032501990319], [36.875990580851266, -1.2406052320076926], [36.875926579576934, -1.2407562184163838], [36.875742575805, -1.2408382110821132], [36.875623573349266, -1.2408382111192142], [36.87550457089233, -1.2408342115169038], [36.875380568329156, -1.240820212817536], [36.875188564351525, -1.2407702173843973], [36.875046561409825, -1.24073322076393], [36.87488155800043, -1.240719222077337], [36.87476655559773, -1.2406232307667617], [36.874706554300396, -1.240430248182562], [36.87466155337166, -1.2404302481965865], [36.874564551395345, -1.2405132407451689], [36.87438654774598, -1.2405912337696436], [36.87428954572586, -1.240531239208329], [36.8741885436133, -1.2404392475326824], [36.87406054092541, -1.2402882611839072], [36.874048441668414, -1.2402642103557893], [36.873977539161984, -1.2401232760828684], [36.874026540130195, -1.2399832886872013], [36.87403953335633, -1.2398463770255461], [36.87403954035644, -1.2398463010323884], [36.87399453937564, -1.2396763163702729], [36.87389753734992, -1.2395983234313421], [36.873801535346345, -1.2395253300414513], [36.8737145335455, -1.2395073316910827], [36.873590530982185, -1.2394933329916527], [36.87340252709271, -1.2394613359346869], [36.87319652283445, -1.2394383380720109], [36.87308652054869, -1.2393873427034274], [36.87302651927398, -1.2392683534486373], [36.8729365174093, -1.2392443556400632], [36.872907516808375, -1.2392363563701674], [36.872838515401256, -1.2392913514340034], [36.872724513071304, -1.2393653447991742], [36.872646511486785, -1.2394473374320594], [36.87256850986301, -1.2394013416026883], [36.87249950840805, -1.2393003507283342], [36.872409891542176, -1.2392467815853692], [36.872408599515346, -1.2392460046557454], [36.872407506492586, -1.2392453557146215], [36.8723909431461, -1.2392302660800651], [36.87236250555135, -1.239204359424325], [36.872284503940364, -1.2392003598091905], [36.87220650233345, -1.2392093590222557], [36.87213750092049, -1.239245355798685], [36.87211467142864, -1.239177866889749], [36.87211450042495, -1.239177361935281], [36.87215550124839, -1.2391033685928206], [36.87220640926688, -1.2389985680244857], [36.872206502268746, -1.2389983780415679], [36.87218369377978, -1.238938884411902], [36.872183501775666, -1.2389383834570802], [36.8721971540505, -1.2389159574744781], [36.872211502339404, -1.2388923875947726], [36.872155501169914, -1.2388473916684644], [36.87211950042701, -1.2388473916796692], [36.87205949921545, -1.2389343838562576], [36.87195849715193, -1.2390023777582746], [36.87188049556064, -1.239062372374115], [36.87178949368809, -1.2390803707800082], [36.87171149209129, -1.2391223670184617], [36.87166049104702, -1.2391493646005096], [36.87160548990375, -1.2391223670514608], [36.871500487687385, -1.2389613815965184], [36.87141748595216, -1.238888388202488], [36.871367484903374, -1.2388333931756625], [36.8713394843158, -1.2388013960688335], [36.87125248250348, -1.2387464010535174], [36.87113848013945, -1.2387094044241718], [36.87101947767532, -1.238682406894844], [36.870895475103346, -1.2386404107193274], [36.87080847331216, -1.238654409484377], [36.870711471324476, -1.2387004053682673], [36.87065124708033, -1.2386962997570439], [36.8706409808682, -1.2386955998233664], [36.87064010385033, -1.2386962687633918], [36.87057852557831, -1.2386921031580818], [36.87055610311233, -1.2386817970940633], [36.870390056662224, -1.2386054800254467], [36.87036937823264, -1.2385959768885693], [36.870367515193855, -1.2385951239660549], [36.87036736019071, -1.2385950569721373], [36.87036799620339, -1.2385936990943236], [36.87047752139211, -1.2383601631127095], [36.87065764098221, -1.237945497437189], [36.87081453410942, -1.2375843019487651], [36.87104754379072, -1.2371683773701216], [36.87130355395706, -1.236786445720012], [36.87159956594927, -1.236405513967281], [36.8721955910188, -1.2356516497393022], [36.872475601704366, -1.2353477040514944], [36.8727886150832, -1.2350837517482585], [36.872997623342, -1.2349057837262785], [36.87305594553055, -1.2348562351747896], [36.87345669969663, -1.2345157757409009], [36.873460241768754, -1.2345127670110405], [36.873942662599035, -1.2341029278061246], [36.87413280548257, -1.2339708896496442], [36.87418167148058, -1.233936956693387], [36.87475069507563, -1.2334540440486472], [36.87592974310843, -1.2324772187382178], [36.87608331124009, -1.2323547747281998], [36.876250756654635, -1.2322212647113853], [36.87680678000113, -1.2318033402123814], [36.877947351255095, -1.2308770133615445], [36.877973827794875, -1.2308555102917043], [36.87817446188373, -1.2306872333986547], [36.87830284050003, -1.2305795590650068], [36.88007491366955, -1.2292747931324475], [36.88054593328526, -1.2289338547199993], [36.88077778801989, -1.2287710353252543], [36.881170958048834, -1.2284949330924], [36.882229001650785, -1.227738068991127], [36.88248101179884, -1.2275670993248824], [36.882710488477066, -1.2273798601322283], [36.88287802889249, -1.2272431574031475], [36.883022034832656, -1.2271401756416933], [36.88302203483235, -1.2271391757318333], [36.88325604360987, -1.2269712068006293], [36.88355936180384, -1.2267580759191083], [36.88442709252323, -1.2261483536129127], [36.88506111847012, -1.2257024336133369], [36.88527183077096, -1.2255478444832788], [36.885339129144555, -1.2254984699132319], [36.885340129165186, -1.2254984699129239], [36.88584815053427, -1.2251255373730716], [36.886545178766696, -1.2246326255900029], [36.88695519611842, -1.2242756896382614], [36.887531218817514, -1.223661799797453], [36.88896627794558, -1.2220730855631772], [36.88969530774593, -1.2212752282578472], [36.889991319761116, -1.2209702826545537], [36.89037733559076, -1.2205243627308848], [36.89058834389774, -1.2203703905450942], [36.89077935181657, -1.2202974040654249], [36.891144367301955, -1.2201464305620848], [36.89119374031141, -1.2201159272964353], [36.89058701372686, -1.2198953243674242], [36.89059887589959, -1.2196571158354725], [36.89064787683425, -1.2194041386234333], [36.890733358479615, -1.219012326914421], [36.89076087900932, -1.2188861852761868], [36.89095088279825, -1.218451224424389], [36.890998883751784, -1.2183292354055246], [36.891065326071576, -1.2181600596342186], [36.89115621799857, -1.21833130017122], [36.891159871075956, -1.218338182549687], [36.89127568250079, -1.218455350953025], [36.89132887461444, -1.2185091670857868], [36.891510878401846, -1.2186161573861256], [36.89169888227882, -1.2186101578693547], [36.89202388897681, -1.2185851600230257], [36.89215559168071, -1.218541020961281], [36.89238489638843, -1.218464170818202], [36.89288990668568, -1.2180602070760822], [36.893285914748645, -1.2177042390409765], [36.89334089486802, -1.2176549434675457], [36.89395392835004, -1.2171052928241393], [36.894258934561044, -1.2168343171558478], [36.89449107028976, -1.2166334001949526], [36.89465470962309, -1.2164917689111725], [36.89495094865758, -1.2162353709316878], [36.89538595751362, -1.215841406309434], [36.89538795755426, -1.2158394064890925], [36.895461959060796, -1.215772412505162], [36.8960269705709, -1.215285456225163], [36.8962979761032, -1.21509047371749], [36.896411978430486, -1.2150084810731772], [36.896832987025206, -1.214706508163473], [36.89735499770552, -1.2144105346821252], [36.89743299930116, -1.2143655387140966], [36.897921009292034, -1.214109561637946], [36.898201015029514, -1.213979573269158], [36.89832901765401, -1.2139255780969942], [36.89858002280038, -1.2138195875740179], [36.89937603913436, -1.2135276136485948], [36.899453040715656, -1.2135036157881498], [36.90015105505063, -1.2132876350429986], [36.90037505965101, -1.2132186411935006], [36.90050906240258, -1.2131756450281412], [36.900741067166415, -1.2131016516268818], [36.90092507094455, -1.2130426568883386], [36.901321622082534, -1.212900630569117], [36.90181008910671, -1.2127256851891175], [36.902342100032676, -1.2125626997178496], [36.902578104881805, -1.2124977055042852], [36.90338665347989, -1.2122268326732988], [36.903939132821264, -1.2120417461879174], [36.904622742856475, -1.2118195370088396], [36.90478815025245, -1.211765770804729], [36.905120348073865, -1.2116616180913822], [36.90549616479099, -1.2115437905974655], [36.90598517482955, -1.211380805139456], [36.90666818885008, -1.2111518255709082], [36.90796021537618, -1.2107328629412957], [36.90913203243167, -1.2103457044817454], [36.909222241283594, -1.2103159001407713], [36.910255262487304, -1.2099669312811696], [36.91038826521396, -1.2099109362879734], [36.91053326818697, -1.2098509416515772], [36.91081027386331, -1.2097259528333302], [36.91109527969442, -1.2095669670770526], [36.911484287642374, -1.2093129898513946], [36.911854295179545, -1.2089960183095396], [36.91194979612189, -1.208904399538655], [36.9125203087258, -1.2083570756990425], [36.912763186657905, -1.2080979359830333], [36.91282853298488, -1.20802821424762], [36.91283805617835, -1.2080180531605644], [36.91284831538665, -1.2080071071440595], [36.912857719578426, -1.2079998367965419], [36.91316255579557, -1.2077641589470114], [36.91309282437814, -1.2078338826835795], [36.91293125409283, -1.2079918574934727], [36.91294796044267, -1.2080095128969608], [36.91326564309579, -1.2083452665369556], [36.91346576026985, -1.208500403492606], [36.91350028697126, -1.208464153749555], [36.91350028699012, -1.2085271700694602], [36.91357715959353, -1.2085867646744002], [36.91359910205116, -1.2086037751345409], [36.91365255816802, -1.2086514288228958], [36.913654293203564, -1.2086504879071902], [36.91370529526009, -1.2086654855398475], [36.91374629711711, -1.2087034781028947], [36.91382629978406, -1.2087594680317502], [36.913897303257286, -1.208788462396706], [36.913960305583096, -1.2088764464470352], [36.91394808734332, -1.2089174047588216], [36.91400083144787, -1.2089729717341278], [36.91402086886747, -1.208994082825205], [36.91412382002342, -1.209102544017535], [36.91413475225238, -1.2091140619759915], [36.91421465292567, -1.2091982393642242], [36.91449063388263, -1.2100814096734926], [36.91454765011345, -1.2102638682097087], [36.91455658632074, -1.2103407022812822], [36.91456266346181, -1.210392949570024], [36.91462425989107, -1.2109225318155976], [36.914803613737696, -1.2114133845161954], [36.91512416746571, -1.2118010234771308], [36.915167442367306, -1.2118309307681094], [36.91528736284795, -1.2118549095701556], [36.91540036718958, -1.21189090329122], [36.91552137270911, -1.2119698891345636], [36.91565416351683, -1.2121988174586222], [36.91575260057905, -1.2123050998483527], [36.91586073285465, -1.21245598421475], [36.91591927108662, -1.2125376658340474], [36.91593074036038, -1.2126615686619955], [36.91594439064525, -1.2126727616489343], [36.916029393425546, -1.212762745511843], [36.9160803965016, -1.2128427312863153], [36.91615739910573, -1.2128957214863108], [36.916308056268605, -1.213080255806362], [36.91653941512565, -1.2133636371916239], [36.916557416499614, -1.2133726353750625], [36.916732423136565, -1.2134636191202886], [36.91694143245167, -1.2134776167947345], [36.917052436730394, -1.2134416230053138], [36.91720544287475, -1.2134036293834416], [36.917380450485545, -1.213407628969475], [36.9175614582396, -1.2134766156957242], [36.91784346911691, -1.2136785794043385], [36.917984475043866, -1.2137405687735596], [36.91809348031614, -1.213820553530307], [36.91820648468199, -1.2139375329512028], [36.91828248830377, -1.214117500705399], [36.91830848888116, -1.214254475350306], [36.91842049423613, -1.2144034488873403], [36.918663504294805, -1.2145584208436682], [36.91866703937576, -1.2145850884387042], [36.918913857515534, -1.214748456636957], [36.91897177472161, -1.2147867921635855], [36.918999832306774, -1.2148082612197428], [36.919004711408576, -1.2148119948817333], [36.91916458274272, -1.2149343258056828], [36.91925797567165, -1.2149433089673203], [36.91939353447139, -1.214956348750465], [36.91945436478618, -1.2151560637290686], [36.91966434816539, -1.2153167401811327], [36.91990785623773, -1.215482995119891], [36.920061955447714, -1.2155882065886963], [36.920130740881355, -1.2156378580919467], [36.92014775323598, -1.2156503599597552], [36.92014791723925, -1.215650255969159], [36.92053650733827, -1.2159307525653755], [36.920733073460006, -1.2161552482684284], [36.92075034781999, -1.2161675541538879], [36.92080569598135, -1.2162331702220937], [36.92098660176117, -1.2163950885707098], [36.920967090388416, -1.2164935097046812], [36.92103136076604, -1.2166663141077367], [36.9210642794717, -1.2167548231191387], [36.92115571338862, -1.2168583517586005], [36.92127461388152, -1.2169929805862227], [36.92120861155338, -1.217102960692297], [36.921562625954884, -1.2174349006613356], [36.92176299918266, -1.2177506291386815], [36.92203663186179, -1.2178688753955504], [36.92247150091367, -1.2181443864262547], [36.92254649147256, -1.2181850647362993], [36.92285754493676, -1.218347256020151], [36.92290205985795, -1.2183574700857986], [36.92313979077733, -1.218412020095375], [36.92336903150866, -1.2184237139710319], [36.92365301836989, -1.218438201577937], [36.92422442116987, -1.2184894907793289], [36.924543908767575, -1.2185181680962123], [36.9245937517757, -1.218452715981193], [36.924814761327056, -1.218430718896353], [36.92481571934684, -1.2184308378853428], [36.92516877564142, -1.2184747108221206], [36.92530450345264, -1.2185147701693353], [36.9255279030798, -1.2185807061569007], [36.92554479142957, -1.218585690702441], [36.92622970669995, -1.2190664461538592], [36.926363825494334, -1.2191605866262087], [36.927033854477564, -1.2197074881189478], [36.92705491491715, -1.2197246785628084], [36.92744787111802, -1.2200454265274505], [36.92752098864173, -1.2200977017924675], [36.927909428736314, -1.220375416637694], [36.928098842683546, -1.2205108373715818], [36.92814290060168, -1.2205423365184818], [36.928376910478086, -1.2207093063944732], [36.92864234001213, -1.220908198383096], [36.92935095078615, -1.221439174298303], [36.92938090240644, -1.2214478375081204], [36.92994897617119, -1.2216121435214062], [36.930346992413874, -1.2217271220337775], [36.930436864273766, -1.2217485150775627], [36.93066200593286, -1.2218021081769253], [36.93081101201625, -1.221837101976386], [36.931276031746705, -1.222302017921092], [36.93138603608877, -1.222544973984648], [36.93180705384487, -1.2227889298623127], [36.931809510895825, -1.2227897917838355], [36.931965045105066, -1.2227959201834713], [36.93208889766128, -1.2228029305134207], [36.93219599687166, -1.2228089929339014], [36.93231603234701, -1.2228090758894947], [36.93232472152399, -1.2228017675456928], [36.932441003924126, -1.222808934863742], [36.932469983520015, -1.2228035543398839], [36.93249561604714, -1.2227987947611294], [36.93302373586092, -1.2225447904973588], [36.933268944853786, -1.2223347093609942], [36.933952754777444, -1.2217488619654095], [36.93437976360527, -1.2218228551635635], [36.935102778552405, -1.221947843673343], [36.93556778815467, -1.2219918395640577], [36.93587779454058, -1.2219698414519296], [36.93649680730501, -1.2219698412615867], [36.936895815573145, -1.222102829149782], [36.93694485560464, -1.2221698220952], [36.93713882068454, -1.2224347991473197], [36.93764783124753, -1.2226557790688672], [36.93806783991492, -1.222677776956507], [36.93828984445905, -1.222566786894189], [36.93847163220757, -1.22256678683826], [36.938643851758705, -1.2225667867852745], [36.9389758586517, -1.2227217727107547], [36.93906386053358, -1.2229437526715325], [36.939439868360445, -1.2231867306505273], [36.939948878882845, -1.2232747225610594], [36.940478065862074, -1.2234974473187428], [36.94078989633165, -1.223628690390593], [36.94127690642721, -1.2238056742848762], [36.94213992443699, -1.2245136101953709], [36.942471931356714, -1.2247575880972554], [36.942451860967346, -1.2248381058442732], [36.9430857779996, -1.224711336077872], [36.94322953994267, -1.2246416853129418], [36.943473425979924, -1.2246699076933063], [36.943871143204056, -1.2247476645605475], [36.944178962617606, -1.2249674136540325], [36.94528223746965, -1.2253103923923017], [36.9459621425629, -1.2255562260191282], [36.946436950321335, -1.2254532411573245], [36.94677075709786, -1.2251047944691096], [36.94711735016171, -1.224833840790467], [36.94743822272653, -1.2246661808071144], [36.947887389944405, -1.2245244364477805], [36.94823383608347, -1.2245117614837315], [36.94859294956993, -1.2247832009009956], [36.948746744834914, -1.2250932409013682], [36.94892611367434, -1.2255582659207875], [36.949233844132905, -1.2259329820424167], [36.94949031749931, -1.2261914376614806], [36.949721099351706, -1.2265015306328833], [36.949874931598, -1.2267470014541535], [36.950169926742895, -1.2269538277159822], [36.95056754201922, -1.2272123802823964], [36.95078558855799, -1.2273545833941117], [36.95115759227883, -1.2275227211200814], [36.95154253121121, -1.227510072141474], [36.95182487300084, -1.2274069553511469], [36.95294132193995, -1.2271494452232043], [36.95355724162244, -1.2270982136518576], [36.95390369475723, -1.2270726238519998], [36.954480803808416, -1.2275766642295618], [36.955301554961224, -1.228339152229549], [36.95610389764277, -1.2288003623981594], [36.956695361976536, -1.2292610316805126], [36.956953533336765, -1.2293851384109686], [36.95728986527046, -1.2293851383068664], [36.957430156162594, -1.2293851382634429], [36.957490052394874, -1.229376992979245], [36.95837905568512, -1.2292561016039139], [36.95869401416439, -1.2292111845562588], [36.95890773655535, -1.2291624208867105], [36.95941112089761, -1.2290475670863907], [36.9596792213246, -1.2287199245443743], [36.960087656564546, -1.2281293676638663], [36.96098591803488, -1.2279750183024405], [36.96173021532721, -1.2278076501625432], [36.96206380721189, -1.2278337077100212], [36.96292329503194, -1.2281700611177706], [36.963898211258865, -1.228596892331939], [36.964282950292144, -1.22893291991555], [36.96464204178886, -1.22924310183729], [36.96496271445434, -1.229424117416923], [36.96524497528451, -1.229463053818891], [36.96639972511171, -1.229541332403394], [36.96722092003522, -1.2295289832625085], [36.968773439057045, -1.2295946218634486], [36.96955611120187, -1.2296339030793113], [36.96999238118668, -1.2296083752458493], [36.97040330048333, -1.229040445326102], [36.970633777157964, -1.2287909497505716], [36.9707371142538, -1.2286790848048599], [36.97114784764521, -1.2284340027755976], [36.97186651239148, -1.2282149613030726], [36.97267502297384, -1.2279443254547915], [36.9728267590818, -1.22788030418027], [36.97285286061646, -1.227869292165071], [36.97331673111794, -1.2276735746685026], [36.97379166380878, -1.2273510526017333], [36.974985358196186, -1.2266416081995692], [36.975588579542816, -1.2263579175920787], [36.976191660961135, -1.2263195908614188], [36.97678199207335, -1.226139201943842], [36.97725690377525, -1.225855422383998], [36.97766771112832, -1.2254812009986569], [36.97814274876594, -1.2249778852330515], [36.978643137091, -1.2250169715544748], [36.979258975811035, -1.2251077931755832], [36.97964387775957, -1.2251597133753618], [36.97988773375014, -1.2250436557643796], [36.98022149654645, -1.2247726930926706], [36.98056797166771, -1.224708361786083], [36.98099129944336, -1.224876534492272], [36.981581586577555, -1.2247736295885323], [36.981825472552934, -1.2246059166350725], [36.982069395509455, -1.2243736335035424], [36.98230030329581, -1.224464190267309], [36.98251821690068, -1.224838844419378], [36.98280052870323, -1.224787382972293], [36.98287768520309, -1.2244904157246013], [36.9830446805427, -1.2241547679366822], [36.98326284601931, -1.2240903486777446], [36.98410979042303, -1.2239230505010679], [36.98471294580237, -1.2237555854144673], [36.98503378837924, -1.2236395807750893], [36.985354447050305, -1.2238464240261495], [36.98550827829501, -1.2240918948458177], [36.98568781704616, -1.2242598996421603], [36.98595726959908, -1.2242600855422923], [36.986214015823556, -1.2240407252418166], [36.98644509252293, -1.2238342607865813], [36.98666332396544, -1.2236536160071754], [36.98684298065602, -1.2236149984337528], [36.98713807274911, -1.2236539428313513], [36.98742023762682, -1.2238607600965052], [36.98774091029016, -1.2240417766761507], [36.98824119566674, -1.2242616576960053], [36.98849777197777, -1.2243393176144852], [36.988831334875286, -1.2244170315044234], [36.989934604717, -1.2247664666565858], [36.990832667282575, -1.2249607948573609], [36.991333033617295, -1.225038622685314], [36.99180768644956, -1.2252068303718502], [36.99214113840345, -1.225478252795277], [36.99267947379939, -1.2264729959345697], [36.99308960849476, -1.2272739425869756], [36.99423031167208, -1.2294765536235577], [36.99521699370223, -1.2317629991435346], [36.99578088768144, -1.2329385559641752], [36.997217646457095, -1.2334948443546014], [36.99880835641646, -1.2340899801933436], [37.00033493304188, -1.2346463305489173], [37.001137019601885, -1.234754909508019], [37.001495333036225, -1.2349225702773012], [37.00181523769481, -1.2351417504127102], [37.001968763921354, -1.2353479687687132], [37.00221185602107, -1.2356444189598925], [37.00267254058427, -1.2358765478835458], [37.003107648596824, -1.2360313607871982], [37.003491559558455, -1.2361990335471598], [37.004029042696025, -1.2364054307670944], [37.00465611867549, -1.2365989841172604], [37.005065647141066, -1.2366893638391687], [37.00553919289784, -1.2366895846716375], [37.00594874633607, -1.236689774526846], [37.00628151518434, -1.2366641607329452], [37.00671666814603, -1.2366514787408607], [37.0071006470315, -1.236567909157424], [37.00732768567594, -1.2364597648390667], [37.0073655184688, -1.236503325899011], [37.0075464271739, -1.236430969367656], [37.00781162462137, -1.2363779360675602], [37.00812396805119, -1.2363602585643085], [37.00830076668647, -1.2363366876348205], [37.00879580285473, -1.2362365125142503], [37.009149399110825, -1.2361422309063457], [37.009538356102546, -1.236071519161903], [37.00966800877377, -1.2360715191215013], [37.009903739639405, -1.2361009813910857], [37.010104111778446, -1.236136337140343], [37.01026323008191, -1.236218834651113], [37.01055789420515, -1.2363897201488057], [37.01089970430864, -1.236590069974599], [37.01132402111563, -1.236802204711827], [37.011382953336984, -1.236825774567899], [37.01170708402194, -1.2368493453411837], [37.01197228248011, -1.2368316668527886], [37.012119614490096, -1.2367491702464728], [37.01249678415725, -1.2364132904187912], [37.01303307304474, -1.235888846546342], [37.01324523037026, -1.2357415307652182], [37.0134043496303, -1.235682604029688], [37.01356936102071, -1.2356531406352576], [37.01370542675648, -1.2354333664121309], [37.0137991996418, -1.2352819050418347], [37.01391706497056, -1.2349578102320595], [37.013917064903694, -1.2347397828937552], [37.013905277604856, -1.2345571113707017], [37.01369901329048, -1.2343449765651016], [37.01351632133, -1.2337026805438445], [37.01351632126681, -1.2334964381425735], [37.01352221426363, -1.2330898468066902], [37.01348685435116, -1.2324887990192597], [37.013523902999744, -1.232114236785077], [37.013552351542124, -1.2319712466707788], [37.01362261387538, -1.2315979453124717], [37.013852237532454, -1.2313574139317116], [37.01440031267573, -1.2308742173350082], [37.014606577752154, -1.230308525283533], [37.0149770622677, -1.2299260346605132], [37.01533145145666, -1.229560160543985], [37.01565558106384, -1.2293303481672038], [37.01587952563057, -1.2291771399136107], [37.01610511524634, -1.2290737561664544], [37.01611284240537, -1.2290734911879324], [37.016433162023965, -1.2291381352591995], [37.016669409964194, -1.2293787324896917], [37.01701996823073, -1.2295254031547416], [37.01720394900787, -1.2294831419086638], [37.01744142984278, -1.229295424762836], [37.01757191149932, -1.2291922850232166], [37.01795230418609, -1.2287025520679034], [37.01798711083706, -1.2284862745603573], [37.01792744153576, -1.2282501088754438], [37.01784766082743, -1.2280373830829763], [37.0179563058455, -1.2273156541319732], [37.018046037652695, -1.227180252314154], [37.018258368992086, -1.227066544502227], [37.01837536638315, -1.2270038901158948], [37.01855867015716, -1.2269971406677866], [37.01881751150298, -1.2270419355483444], [37.019091262166924, -1.2271228801643257], [37.01945647172315, -1.2272308673135008], [37.01992885545798, -1.2272432970463971], [37.02046836654974, -1.2271712043804583], [37.020861190589464, -1.226999673726917], [37.021037211186965, -1.2269063400889386], [37.021189373296814, -1.226825656317607], [37.02162446323672, -1.2267510779082451], [37.021793526720025, -1.2267535636317248], [37.0222112134037, -1.227014588964138], [37.0222507142294, -1.2270540853902383], [37.02243665506905, -1.2270851735292634], [37.02265791171221, -1.2273655291791927], [37.0229334854277, -1.2274930115978666], [37.02295164980442, -1.2275014148345362], [37.02351242136131, -1.2275198909947267], [37.02428300616568, -1.2272944860826003], [37.02533588468555, -1.2267436694280096], [37.025655515165276, -1.2264019311460936], [37.02581488141739, -1.2263014521576499], [37.0261093283922, -1.2260052517770605], [37.026352594297194, -1.2256574920617305], [37.02651907561269, -1.2252839266971516], [37.026551500264894, -1.2252326703092775], [37.02671301752645, -1.225017673647072], [37.027163161718775, -1.2247557951231722], [37.02798333853857, -1.2245122718298809], [37.02855312424324, -1.224408203038453], [37.02862422070372, -1.224395218187415], [37.02884122513994, -1.2242851780434714], [37.02892547187362, -1.2242800774774272], [37.02920716153866, -1.2238292610434365], [37.029296866257155, -1.223404124352913], [37.029342909143956, -1.223201598601587], [37.029925057931635, -1.2225335756614928], [37.03015854668851, -1.2223610471473603], [37.03037498209786, -1.2222011185021737], [37.03060266176557, -1.2221291949177187], [37.03121704336142, -1.2219362171302854], [37.03165223527808, -1.221781808919899], [37.03183145692255, -1.2216272817992138], [37.03221557265428, -1.2210347871092069], [37.032394850237395, -1.2206741125778033], [37.03246972274993, -1.2205766383444872], [37.03269458531463, -1.2203565321232763], [37.03311420985607, -1.2200222991334169], [37.033203342665665, -1.219935778907944], [37.0333469115804, -1.2197964184305412], [37.03337611315276, -1.2197003890809086], [37.033495823577866, -1.2195665831099796], [37.03354712551347, -1.2191671961086092], [37.033547212417716, -1.218845091154065], [37.03351055355061, -1.2184750225358312], [37.033734580915514, -1.2176515817194016], [37.03385119518763, -1.2172229513344308], [37.03387785471517, -1.2171514487738664], [37.034056525286196, -1.2167914341824597], [37.034128592726624, -1.2166462212546212], [37.03439521409529, -1.2162401747869571], [37.03471623361327, -1.2159298956670217], [37.035078003958645, -1.2155802300861553], [37.03515586054523, -1.215524293106219], [37.0361622141454, -1.2151057165415353], [37.03689447613594, -1.2148049584370895], [37.037085390044204, -1.214726545449134], [37.037989491479124, -1.2141124345476932], [37.03803126931595, -1.214034222587414], [37.03833523449869, -1.213777382653967], [37.0385656951479, -1.2134553846183556], [37.03866818414606, -1.213081790274552], [37.03870629190427, -1.2129936292124615], [37.039217849392905, -1.212838321060249], [37.03936258335541, -1.2127777554771897], [37.03940494722258, -1.212760027062772], [37.03967935587396, -1.212760154967281], [37.040088908308675, -1.212760344824854], [37.040498461743255, -1.2127605356823357], [37.040920810445286, -1.2127736153736954], [37.04127912687121, -1.2129283923075678], [37.041855019777934, -1.213083270165615], [37.04275093420922, -1.2130192656628342], [37.0427908820285, -1.213008191649147], [37.04312211982234, -1.2129163638281186], [37.04360848481513, -1.2128392846295943], [37.044274057467426, -1.212659215663161], [37.044606829308776, -1.2126207170328542], [37.04502918100655, -1.2126209138858797], [37.04545152571189, -1.2126468784153681], [37.04574592673571, -1.212518172930996], [37.04588678055873, -1.2122605541180342], [37.04598926955672, -1.2118869597745472], [37.04606613805438, -1.2116035433072985], [37.046168613067636, -1.2112814863164647], [37.04634786867377, -1.2109981168136001], [37.046527108298946, -1.2107791685017542], [37.04664219363408, -1.2106633979057277], [37.04678314849413, -1.2105216036485438], [37.04696234116873, -1.21047015023335], [37.04734629807552, -1.2104703281001246], [37.047437236943274, -1.2104537265692896], [37.047627878858606, -1.210418922649341], [37.04792226689756, -1.2103417535178906], [37.04801513479662, -1.2102972834995087], [37.04819107039424, -1.210213037042367], [37.04837030602318, -1.210006972568783], [37.048780057240194, -1.2092727636482588], [37.0488659089442, -1.209060202788888], [37.04894022741933, -1.20887619835811], [37.04913859042971, -1.2086287196129029], [37.049343575635355, -1.2085772291933095], [37.04939457868182, -1.2085644183329234], [37.04977852359974, -1.2086032487144613], [37.05003446690111, -1.2087064413314248], [37.0504056105593, -1.2087581505555425], [37.05061511686445, -1.2087281191995924], [37.05076398292345, -1.2087067800783637], [37.050803190724615, -1.208686276915189], [37.05108399146277, -1.2085394340704547], [37.05130198191664, -1.2084233734693615], [37.05151920435492, -1.2083077208316633], [37.051928813727656, -1.2081017642780059], [37.05229133812954, -1.2078918420964153], [37.052351231352404, -1.2078571602054298], [37.0528376522835, -1.2075739335959872], [37.05310646676846, -1.207406563605971], [37.05374331178256, -1.2070754862654924], [37.05386168620158, -1.2070139467784633], [37.054348069174196, -1.2068724463895124], [37.054552849387036, -1.2068596574802373], [37.0550519397218, -1.2070531518806302], [37.0552487118139, -1.2071879696640473], [37.05569174802749, -1.2074915121581509], [37.05629312558054, -1.2080586958307487], [37.05641837219855, -1.2081890780357454], [37.05667697460415, -1.208458284681846], [37.05688371992366, -1.2086665668374315], [37.05712480096065, -1.2089094398633484], [37.057432210377314, -1.2091991576447747], [37.05752145424017, -1.2092832660332375], [37.057802768073394, -1.2094193486763074], [37.05784137587394, -1.2094380249804488], [37.0580973401521, -1.2094639115679386], [37.058164078516086, -1.2094303545735827], [37.05839846130663, -1.2093125041289523], [37.05851570070289, -1.2092535544088756], [37.05858375009368, -1.2092193384734857], [37.05903177223718, -1.208948977716125], [37.0596061718903, -1.2083711586447046], [37.0597358835218, -1.2082406743713576], [37.060258860166996, -1.207832394027726], [37.06059356598003, -1.2075710944878773], [37.061079993902524, -1.2072620992026033], [37.06117065174913, -1.2071956951627343], [37.06355186825285, -1.2054515257136118], [37.06358586594605, -1.2054290427306087], [37.06376647476397, -1.2057606607728721], [37.06437716060085, -1.2066403392638643], [37.065016039130285, -1.2078924021660151], [37.06633096097684, -1.2104693603866115], [37.08106213247084, -1.2375175314242122]]]}}, {"type": "Feature", "properties": {"county": "NAIROBI", "subcounty": "Embakasi East Sub County", "ward_count": 5}, "geometry": {"type": "Polygon", "coordinates": [[[36.899567767543545, -1.3232114129368944], [36.8995198885401, -1.3231635392716246], [36.89934323979811, -1.3228655392134776], [36.89911323493498, -1.3225055717630723], [36.899034058261265, -1.322382633879714], [36.89865922533755, -1.3218006355069278], [36.89858220170193, -1.3216586383421352], [36.8984783814974, -1.3214672416425721], [36.89845200893743, -1.321418622037385], [36.89843522058098, -1.3213876728349123], [36.898430676484985, -1.3213808884484144], [36.8983962867587, -1.3213295420918194], [36.89836763215346, -1.3212867579608256], [36.89834324263839, -1.3212503422540893], [36.898332291406916, -1.3212332008039724], [36.89828821747609, -1.3211676927281868], [36.89817285003527, -1.3209820925095042], [36.89817255302918, -1.3209822534950046], [36.898172215022086, -1.3209817095442304], [36.89817180901376, -1.3209819465230066], [36.89816768292647, -1.3209753081231213], [36.8980886182537, -1.3208481106238887], [36.89789732520644, -1.320540362449288], [36.897613036191714, -1.3200830058014867], [36.897612551181425, -1.320082271867883], [36.89736003084667, -1.319700040432377], [36.89735957383704, -1.319699304498945], [36.89697965779906, -1.319087673799219], [36.89692402162188, -1.318998103897664], [36.89669101669229, -1.3186231377998596], [36.89664702576347, -1.3185581436774647], [36.8965570138629, -1.3184251557038646], [36.89636000969923, -1.3181211831896873], [36.896059000335214, -1.3176502277731426], [36.89597440054663, -1.3175178737404045], [36.89576499711951, -1.3171902673620761], [36.89551799189098, -1.3167843040643836], [36.8954499904521, -1.3166743140087396], [36.895377041908944, -1.31655742157732], [36.895321526734605, -1.3164684656200787], [36.89530638841435, -1.316444207813238], [36.895293987151966, -1.3164243366098882], [36.89528086787414, -1.316402492584663], [36.8952347348974, -1.316325675529329], [36.89519314801675, -1.3162564287895138], [36.895178924715644, -1.3162327449306388], [36.89510433213614, -1.3161085411592537], [36.89505698213384, -1.3160303722262248], [36.89482597724323, -1.3156484067580716], [36.89454697133699, -1.3151884483409464], [36.89436708953515, -1.3149102974909788], [36.89432729369404, -1.3148487620549836], [36.894277965651476, -1.314772485951748], [36.89420195704425, -1.3146525747933484], [36.894165974283794, -1.3145969788202694], [36.89414353080927, -1.314561692010727], [36.89399395964674, -1.3143265262731312], [36.8937891473135, -1.3139960171541059], [36.893560950487036, -1.3136325890121425], [36.893516636549734, -1.3135616504256913], [36.89347492266729, -1.3134948734629723], [36.89296693792211, -1.312681674983858], [36.892924334016236, -1.3125989464601742], [36.892914981817306, -1.312580785101474], [36.8929105237225, -1.3125721298837534], [36.89290253555269, -1.3125566172856293], [36.892901665534126, -1.312554929438114], [36.89289915048071, -1.312550044879585], [36.89289793445484, -1.3125476880925577], [36.89289708043669, -1.3125460332421526], [36.892893557361774, -1.31253922685724], [36.892884832176264, -1.3125223703806466], [36.89287936105993, -1.3125117993360031], [36.89287305692592, -1.3124996214365328], [36.892869389848, -1.3124925350769878], [36.89286715180032, -1.3124882104678155], [36.892854176524544, -1.3124631437331542], [36.89284748138219, -1.3124502089021157], [36.89283888019933, -1.3124335914039433], [36.892834341102805, -1.3124248221964325], [36.89283243606233, -1.312421141529029], [36.892828559979954, -1.312413653205777], [36.89281502469213, -1.3123875035690673], [36.892804330464784, -1.3123668404364432], [36.89280136640179, -1.3123611149538452], [36.89278571806904, -1.3123308816861143], [36.89278105196991, -1.3123218685007203], [36.89277993394614, -1.3123197076959985], [36.89277434282649, -1.3123065948806343], [36.89276826769655, -1.3122923481677058], [36.89276726567512, -1.312289997380155], [36.892761185544984, -1.3122757376683982], [36.89275326737563, -1.3122571693458953], [36.8927249327694, -1.312190719349211], [36.892544928963915, -1.3119087448433027], [36.892334199505434, -1.311568228628157], [36.89232092422462, -1.3115467775674643], [36.89231625912581, -1.3115389972707783], [36.892311306020964, -1.31153073601762], [36.8923055798997, -1.3115211848810482], [36.89229553568707, -1.3115044333953225], [36.89228970156341, -1.3114947022750065], [36.892284321449495, -1.3114857290862365], [36.89228108638108, -1.3114803335739864], [36.89227214019163, -1.311465411922817], [36.89226639907003, -1.3114558377884116], [36.8922597639296, -1.311444769788926], [36.89225358279875, -1.3114344607208968], [36.89225046273261, -1.3114292581912168], [36.89224415159898, -1.3114187321426956], [36.89224340058311, -1.311417479255941], [36.892238404477354, -1.3114091450093739], [36.89222704523678, -1.3113902007219596], [36.89221882806282, -1.3113764959608845], [36.89221186691538, -1.311364886010346], [36.89220674080686, -1.3113563347833748], [36.89220060267683, -1.3113460977088425], [36.89219271750993, -1.3113329468976467], [36.89218522235122, -1.3113204450278402], [36.892180225245355, -1.3113121117810937], [36.89217838420649, -1.3113090400588765], [36.89216848399684, -1.3112925285514736], [36.89216216586308, -1.3112819905041229], [36.892157017754094, -1.3112734032804023], [36.89215103162729, -1.3112634201828424], [36.89214837457107, -1.3112589875835348], [36.89213765834408, -1.31124111519913], [36.89212923216577, -1.31122706046966], [36.89212246602248, -1.3112157754898583], [36.89211949795965, -1.3112108259373296], [36.89211304282296, -1.311200058910659], [36.892104514642305, -1.3111858361963602], [36.89209789350209, -1.3111747921947048], [36.892094080421394, -1.3111684327695992], [36.892094919438485, -1.3111678118253702], [36.89208091914216, -1.311144813904487], [36.89195991658684, -1.3109638302693234], [36.891760912383816, -1.3106648573026263], [36.89155290798348, -1.3103298875857872], [36.89153053550994, -1.3102930979116845], [36.89153090751759, -1.3102928909302147], [36.891311902881526, -1.3099309236521466], [36.89118638722636, -1.3097291278954755], [36.891033897000575, -1.3094839640595988], [36.890977099799954, -1.309395299075932], [36.890884721847186, -1.3092510881141535], [36.89087539365003, -1.3092365264306374], [36.89078089165236, -1.3090889997686923], [36.89073289063501, -1.3090060072703744], [36.890534886437884, -1.3086610384515789], [36.89028288109568, -1.3082210782186254], [36.890023875606616, -1.3077731187093604], [36.88981687120506, -1.307370155124149], [36.88962086703625, -1.3069851899118183], [36.889408862518344, -1.306541230025713], [36.88930009618957, -1.3062798196401022], [36.88929934417443, -1.3062809125417734], [36.889299114169496, -1.3062803495925783], [36.889255342231614, -1.306172932295728], [36.88910344799915, -1.3058684758068222], [36.88904933284748, -1.3057600066082065], [36.88902118924448, -1.3056910788345175], [36.88890032665504, -1.3053950725730965], [36.88884432445882, -1.3052690949542296], [36.888810318731174, -1.3051885752280084], [36.88878732223905, -1.3051341191473387], [36.88877386295018, -1.305099461277844], [36.88875432053067, -1.305049134823456], [36.888627328800816, -1.3047099624572862], [36.888544311016226, -1.3044882364834167], [36.888371304293244, -1.3040133213755651], [36.88836830322875, -1.3040053230980095], [36.88836436114389, -1.3039945780684579], [36.88829530065814, -1.3038063590677107], [36.888266299030455, -1.3037153752834914], [36.888150333521246, -1.3033545628651342], [36.8881502945204, -1.30335444087614], [36.88810429252542, -1.303212466696592], [36.88807729094021, -1.303125481551167], [36.88806029057202, -1.3030714914263577], [36.88797935281882, -1.3028137297016862], [36.88790928330104, -1.3025905788517016], [36.88778227853958, -1.302153657301248], [36.88776927725141, -1.3020916688965345], [36.88775383790948, -1.3020193374254456], [36.88773427647631, -1.301927697697287], [36.88756526872913, -1.3011208435259172], [36.887546626335535, -1.3010932070246746], [36.887536267116865, -1.301077851413014], [36.887446263138706, -1.3007019193491496], [36.88742626470115, -1.3006247423164625], [36.8874128984088, -1.3005731599732988], [36.88739626104479, -1.3005089537696317], [36.88732525848028, -1.3002000096574895], [36.88732534148207, -1.300199955662328], [36.88732348744117, -1.3001919433856328], [36.88731581727223, -1.3001588063768768], [36.887262816083634, -1.29986383299862], [36.887197814627605, -1.2995068652157589], [36.88715952568624, -1.299036392661257], [36.887152813521205, -1.298953915102291], [36.88714364426251, -1.2987376926067935], [36.88714081318257, -1.2986709406281918], [36.88707381162656, -1.2981309893491946], [36.88702881065015, -1.2979820028013003], [36.88699846799171, -1.2978813638878945], [36.88698780976044, -1.2978460150795337], [36.886972249430414, -1.297818262587656], [36.88695080897574, -1.2977800210437365], [36.886905602025756, -1.2977265168841028], [36.88690180794607, -1.2977220262903364], [36.88690172994445, -1.2977220262903615], [36.88690123893409, -1.297721456341879], [36.88673223121374, -1.2969955878637323], [36.88673162419551, -1.2969779844516467], [36.8867312311838, -1.2969665924791696], [36.886728457114124, -1.2969277559828352], [36.88672423100793, -1.2968686103185874], [36.88671070869559, -1.2967649606712524], [36.886703229522865, -1.296707639843448], [36.886668228738436, -1.2965136743487067], [36.886632552938316, -1.2963143373385246], [36.88656122333859, -1.2959157823074292], [36.886553223159034, -1.29587079036786], [36.88646821726362, -1.2954297011773392], [36.88643221746095, -1.2952429040361928], [36.88639321659912, -1.2950649360996285], [36.88639279659028, -1.2950642661602194], [36.88640002673949, -1.2950643891467841], [36.88642147018197, -1.2950647521070988], [36.88643524846633, -1.2950649860814425], [36.88645179780793, -1.2950652660508288], [36.886456085896405, -1.2950652660494333], [36.886477192331974, -1.2950652660425634], [36.88650165883679, -1.2950652660346], [36.88651590813074, -1.2950652660299624], [36.88654979983011, -1.295065266018931], [36.88666320716664, -1.2950545679468715], [36.88670880310612, -1.2950502673198996], [36.88696480836947, -1.2949912725572732], [36.8870337127848, -1.2949711773472445], [36.88706931451607, -1.2949607952719497], [36.887180812806236, -1.2949282781683298], [36.88736681662268, -1.294861284149992], [36.887486819081744, -1.2948082888905126], [36.88770156546497, -1.294659432245939], [36.88781282573589, -1.2945823091654252], [36.88791058772719, -1.2945015874138335], [36.888048780541965, -1.2943874826598654], [36.888099831581854, -1.2943453304449966], [36.8888538469579, -1.2937783813323562], [36.88885379995698, -1.2937785553166943], [36.88885084689954, -1.2937893803413638], [36.889143599865406, -1.293556820220467], [36.88917038441122, -1.2935355421308217], [36.88917685354308, -1.2935304035921775], [36.889359857272176, -1.2933844166990736], [36.88947585963885, -1.2933004242365231], [36.8897201066212, -1.2931219942494947], [36.889720864636715, -1.293121440299252], [36.890039942142934, -1.2928803459395768], [36.89007287181437, -1.2928554641729129], [36.89009034517067, -1.2928421893644393], [36.89027687597393, -1.2927004780845726], [36.89082288710356, -1.292275516233881], [36.89092288913807, -1.292185524317644], [36.89118628651091, -1.2919925216387151], [36.891202677845286, -1.2919805107166205], [36.89131589715469, -1.2918975501619019], [36.8914328995422, -1.2918145576089268], [36.89145289995002, -1.291799558955049], [36.89189090888389, -1.291476587941035], [36.89235191828647, -1.2911356185428142], [36.89260592346711, -1.2909476354141993], [36.892636240085096, -1.2909240775290043], [36.892780927034345, -1.290811647621903], [36.89391468014613, -1.2899361462137209], [36.894058619080255, -1.2898249941915358], [36.8940589530871, -1.2898247362147608], [36.89406598623052, -1.2898193446986377], [36.8940889536988, -1.2898017382790359], [36.89457096452462, -1.2894297736693818], [36.89527070278871, -1.2888892101946408], [36.89603099328713, -1.288301872918614], [36.89603688840732, -1.288297253333305], [36.89626991215654, -1.288114624728557], [36.89685901016311, -1.2876529311766125], [36.89710668921117, -1.287459151572753], [36.89778302899589, -1.2869299960766507], [36.89792173582797, -1.2868372024005639], [36.89792203183404, -1.286837004418307], [36.897968032718055, -1.286633022799806], [36.8979735178237, -1.2866094179268717], [36.89799103316106, -1.2865340317199945], [36.89804302316322, -1.2863130966285095], [36.89805898147084, -1.2862452827392095], [36.89805903447187, -1.2862450577595526], [36.89815641045554, -1.2861655678969444], [36.898571044901864, -1.2858270952883706], [36.89912805626435, -1.2854221316303323], [36.899261014976545, -1.2853254083104293], [36.89946206307771, -1.285179153435555], [36.89973506864684, -1.2849811712025736], [36.90050928544035, -1.2844193456210515], [36.901168097879584, -1.2839412645243458], [36.90141710295897, -1.2837602807659936], [36.90228315464102, -1.2831802527964247], [36.902282975637206, -1.283179937824951], [36.902370870431724, -1.2831210781048783], [36.90237148144438, -1.2831210781046813], [36.90237387149371, -1.2831210781039104], [36.90251728942679, -1.2830406853078824], [36.90257490960517, -1.2830083862021835], [36.90261287938174, -1.2829871021094572], [36.90280688834972, -1.2828791207852115], [36.903191631219, -1.2826660048809295], [36.9031917112207, -1.2826661458682003], [36.90357361203188, -1.2824544168397944], [36.90515717942063, -1.2815764765062325], [36.905333183016154, -1.2814654864590882], [36.90541319862894, -1.2813460912009096], [36.90546318563639, -1.2812715039114777], [36.90609319818873, -1.2798716299551407], [36.90682621310408, -1.2792226882432816], [36.907087218410624, -1.2789777102522832], [36.90741414505735, -1.278670909815469], [36.90786816528807, -1.278244841093767], [36.90786823428949, -1.2782447760996012], [36.90795910911765, -1.2780979843085545], [36.90820923231802, -1.2782271215820866], [36.90823620587886, -1.2782410473175467], [36.90834257809052, -1.2782959673304992], [36.90838289492882, -1.2783167814404874], [36.90851680271295, -1.2783859181624024], [36.90853812315623, -1.2783969251629217], [36.908600808460214, -1.2784312740450674], [36.908665985815816, -1.2784664648505526], [36.908836167354636, -1.27855598072292], [36.90897378321631, -1.2786283661506372], [36.909101721876745, -1.278695662040563], [36.90916478418807, -1.2787288330287891], [36.909178150466055, -1.278735863390425], [36.909194023795564, -1.278742443791887], [36.90921236017612, -1.2787500451004818], [36.909231382571086, -1.27875793138318], [36.90928439067152, -1.2787799043845636], [36.9093011550195, -1.2787868547523153], [36.909307161144525, -1.2787905334185763], [36.90931938539909, -1.2787980207394953], [36.909339727822655, -1.2788104816091486], [36.90936302330768, -1.2788247513147843], [36.90936950944283, -1.2788287239544036], [36.90937417453991, -1.278831581695151], [36.909385885783756, -1.2788387550445244], [36.909415667403835, -1.2788569973897788], [36.909426040619884, -1.278863351813368], [36.90944793807578, -1.2788767645966623], [36.90947182557319, -1.2788913962694037], [36.90951339643875, -1.2789168599596794], [36.909560440418275, -1.2789456773456664], [36.90958516693321, -1.2789608229718281], [36.90960384432097, -1.2789688262440047], [36.90963416895064, -1.2789818190625142], [36.909652298329256, -1.278996526730348], [36.90968399499119, -1.279022241401004], [36.90971639366785, -1.2790485250202592], [36.90973892313837, -1.2790668023646876], [36.90976435066939, -1.2790874304961952], [36.90979305126887, -1.2791107153870063], [36.90980707156169, -1.279122089356707], [36.90993118215367, -1.2792227752365657], [36.910520208467716, -1.2797396834299182], [36.91071921462909, -1.279917650315824], [36.911191257454064, -1.2801947011779862], [36.91141424409518, -1.2803255763032435], [36.91141430609646, -1.2803255933016917], [36.91151024908696, -1.2803615670264457], [36.91151030908821, -1.280361587024624], [36.91160397502986, -1.2803917282761637], [36.911659400178756, -1.2804095646496976], [36.91194628712576, -1.2805018832314963], [36.912091272131114, -1.2805485349775199], [36.912095639221555, -1.2805496678738588], [36.91210646944586, -1.2805524746172963], [36.91219331424435, -1.2805749845592458], [36.91254967462433, -1.2806673541140385], [36.91257727119582, -1.280674539457105], [36.91257733219718, -1.2806745554556438], [36.91265196474304, -1.280694891597564], [36.9126519967437, -1.280694865599896], [36.91299930993771, -1.2807894909541393], [36.91302424045552, -1.2808006689380451], [36.91309332589031, -1.2808316431223323], [36.913162382324586, -1.280862605307708], [36.91319334496765, -1.2808765370412802], [36.913676310988414, -1.2810615032042671], [36.913676354989335, -1.2810615202027222], [36.913685159172154, -1.2810652928595991], [36.913725234004346, -1.281082789268772], [36.913905347744446, -1.281161424118946], [36.91398742544867, -1.2811969308902658], [36.914009351903985, -1.2812064160277516], [36.91430506004802, -1.2813466562846014], [36.914490339897576, -1.2814345253002348], [36.91455776929855, -1.2814665043943836], [36.91471137649012, -1.2815394767637045], [36.91490938060404, -1.2816334682231023], [36.91495036745739, -1.2816583839628257], [36.9153353894734, -1.2818924447292768], [36.91542932543062, -1.2819544711050492], [36.91542941143234, -1.2819542801222306], [36.91554758289452, -1.2820321270633395], [36.91568742180807, -1.2821242487099858], [36.916202443503124, -1.2823512080748352], [36.91628844328554, -1.282377872642344], [36.916371389004496, -1.2824035892961594], [36.916518457052426, -1.2824491881362852], [36.91652533019491, -1.282451324941353], [36.916888421719996, -1.2825643836276792], [36.917167479494765, -1.2826242631371898], [36.91734039907324, -1.282661507722339], [36.91740290436675, -1.2826749704880325], [36.91751049759335, -1.2826981443632612], [36.917534499088745, -1.2826991442653317], [36.917590094236346, -1.2827020389862962], [36.91759011623695, -1.2827024989448434], [36.918398452922695, -1.2827443669080048], [36.918557456207324, -1.2827603654138027], [36.91856245631084, -1.2827613653220025], [36.918562963320845, -1.282760076438064], [36.91868645876832, -1.282446393688975], [36.91870445911391, -1.282365400987757], [36.91871045922143, -1.2823144055850737], [36.91871245925631, -1.2822944073879834], [36.918728459532, -1.2821234228036582], [36.91873445963633, -1.2820624283027424], [36.91874945990802, -1.281943439029379], [36.91875145993052, -1.2818844443493738], [36.91874545979718, -1.281854447056721], [36.91873045947891, -1.2818264495865959], [36.918707458996614, -1.2818014518484908], [36.918671458245136, -1.281773454385224], [36.91860945695492, -1.2817374576516505], [36.918321450971725, -1.2816024699188215], [36.91820844862422, -1.2815494747347507], [36.91815544752211, -1.2815214772768637], [36.918096446293745, -1.2814854805423965], [36.91798544396811, -1.28137149085865], [36.9178794417369, -1.281230503608112], [36.91778943983327, -1.2810815170738812], [36.91777243946422, -1.2810235223097641], [36.91776843936737, -1.2809785263691331], [36.917774439470556, -1.2809135322288991], [36.917785439679065, -1.2808555374557533], [36.9177974399139, -1.2808155410590365], [36.917825440474616, -1.2807625458294847], [36.91786244121997, -1.2807065508675881], [36.91788144160295, -1.2806785533864784], [36.91791344225164, -1.2806425566226636], [36.9179704434098, -1.2805875615641373], [36.91803444471089, -1.2805275669542828], [36.918089445824414, -1.2804615728884372], [36.918162447299984, -1.2803665814318965], [36.918211448290315, -1.28030258718761], [36.91824544897065, -1.2802365931285227], [36.91826244930731, -1.2801925970908363], [36.91830745019901, -1.2800776074470026], [36.918352451085624, -1.2799466192459434], [36.91836245127638, -1.279897623661429], [36.91835845118239, -1.2798616269091942], [36.918345450901654, -1.2798216305205063], [36.918315450266704, -1.2797706351292326], [36.91827044930176, -1.2796546456045252], [36.918251448887695, -1.279584651923123], [36.918242448684275, -1.2795286569760036], [36.9182184481255, -1.279327675109573], [36.91821544805254, -1.2792926782668161], [36.91819444753537, -1.2790277021708225], [36.918181447233714, -1.2789217117338194], [36.91817444705602, -1.2788167212047834], [36.918179447127834, -1.2787177301307753], [36.91818144716021, -1.2786897326551063], [36.91819044730714, -1.2785677436539455], [36.918203447543696, -1.2784677526675323], [36.918220447872706, -1.2783997587942115], [36.91824344832686, -1.2783357645581352], [36.91827844902721, -1.2782677706789336], [36.91831444975228, -1.2782127756271975], [36.91837345094366, -1.2781317829125756], [36.91840745163224, -1.278091786508725], [36.91846045270582, -1.2780297920828065], [36.91853645424804, -1.277949799272532], [36.91858245518289, -1.2779058032255566], [36.9186614567934, -1.2778458086107338], [36.91889246150537, -1.277679823505978], [36.919187467528566, -1.2774858409056162], [36.9193834715374, -1.277378850491643], [36.91945847307008, -1.2773338545255315], [36.919524474421834, -1.277303857209562], [36.91962847655655, -1.2772708601520226], [36.91976447935086, -1.2772368631743878], [36.91986848149022, -1.277218864764188], [36.91991348241868, -1.277219864659547], [36.919973483661906, -1.2772378630170573], [36.92006248550739, -1.2772688601929536], [36.92012648683317, -1.2772868585492656], [36.92016748768065, -1.2772928579949911], [36.92025448947697, -1.2772988574259372], [36.92045049352271, -1.2773088564612165], [36.92059549651065, -1.2772998572261924], [36.92067849822313, -1.2773018570191574], [36.92076349998105, -1.2773168556392696], [36.92082050115893, -1.2773238549896684], [36.920920503218625, -1.2773148557691034], [36.92098850461856, -1.2773068564686365], [36.92104950587805, -1.2773108560883903], [36.92116650829429, -1.277320855149049], [36.921244509899005, -1.2773078562962878], [36.921290510843015, -1.2772928576341764], [36.921322511496356, -1.2772718595175776], [36.92135451214758, -1.2772438620323545], [36.92139051287675, -1.2772018658082416], [36.921434513764964, -1.2771408712948729], [36.9214595142685, -1.2771028747136461], [36.92147451456648, -1.277066877955175], [36.9214895148557, -1.2770028837217586], [36.921493514922666, -1.2769538881392068], [36.92148751478685, -1.2769158915678458], [36.92147651454833, -1.276878894907906], [36.92146251424809, -1.2768428981588338], [36.92144551388744, -1.27681090104999], [36.92143051357007, -1.2767859033092184], [36.921406513063104, -1.276747906743722], [36.92135851204938, -1.2766729135223636], [36.9213135111007, -1.2766079193983797], [36.92125950996223, -1.2765299264495769], [36.921240509557634, -1.2764899300627426], [36.92120350876545, -1.2763979383709474], [36.92115950782853, -1.276304946771486], [36.92112150702512, -1.2762429523746819], [36.92107150597081, -1.276169958973651], [36.92103550521022, -1.2761129641252826], [36.92099850442691, -1.2760489699085111], [36.92096750376603, -1.2759809760504532], [36.92086350151321, -1.275640006834006], [36.92083950098846, -1.2755460153183338], [36.92076749941304, -1.275260041131916], [36.92063649655599, -1.274769085450333], [36.920566495033015, -1.274518108106909], [36.92052449412, -1.2743701214663758], [36.92048649328316, -1.2742021366280836], [36.92048549326001, -1.2741941373497672], [36.92048049313796, -1.2741341427619035], [36.92048649324716, -1.2740881469079721], [36.92050349358167, -1.2740371515015099], [36.920508493673815, -1.274002154656078], [36.92050749365027, -1.2739931554679427], [36.92050449357957, -1.273965157993804], [36.920496493405054, -1.2739351607016307], [36.92049049326619, -1.2738871650319896], [36.92048949323548, -1.2738551679178451], [36.920496493363714, -1.2738041725145794], [36.92048949320802, -1.27376817576308], [36.92048149303675, -1.2737481775691784], [36.92046449267404, -1.2737101810013327], [36.92044149218109, -1.2736511863290336], [36.92043449202256, -1.2736061903890705], [36.92043549204001, -1.2735961912905611], [36.9204394921124, -1.2735641941748967], [36.92044949230597, -1.2735241977786687], [36.92045349238349, -1.2735081992201953], [36.92047349277513, -1.273442205165291], [36.920510493506136, -1.273340214351275], [36.92054849426083, -1.2732482226352135], [36.920575494797546, -1.273184228397697], [36.920610495497314, -1.2731142346987905], [36.92063549600099, -1.2730762381174763], [36.9206404960966, -1.2730522402799478], [36.920632495918625, -1.273011243979742], [36.920621495672485, -1.2729502494839322], [36.920611495448625, -1.2728942545368964], [36.92060449526825, -1.272780264819016], [36.920604495248064, -1.2727162705902153], [36.92061349541639, -1.272661275546907], [36.920623495611544, -1.2726262786998448], [36.92063149576839, -1.272600281041709], [36.9206634963997, -1.2725092892373513], [36.920722497578126, -1.2723873002197603], [36.92075349820174, -1.2723373047185875], [36.92077549864388, -1.2723003080479507], [36.920805499248765, -1.2722563120060153], [36.920884500852594, -1.2721753192848888], [36.92096750254152, -1.2721023258409512], [36.92105150425389, -1.2720383315852488], [36.92107850480408, -1.272017333470304], [36.921206507415775, -1.2719273415450292], [36.921280508927545, -1.2718813456692837], [36.921376510893325, -1.271836349696409], [36.92138151099588, -1.2718343498751696], [36.92148451310483, -1.271785354260777], [36.92155551455695, -1.2717463577548203], [36.92161951586211, -1.271699361972545], [36.92168351716549, -1.27164636673126], [36.92175551863183, -1.2715873720284967], [36.921833520224254, -1.2715353766926425], [36.921972523063054, -1.271446384673672], [36.922119526069814, -1.271366391840612], [36.922215528034016, -1.2713163963185539], [36.922340530595704, -1.271264400967582], [36.922453532913124, -1.2712224047187382], [36.92253953467649, -1.2711894076669978], [36.92264553685482, -1.2711644098875123], [36.922700537985754, -1.2711534108618159], [36.92277553953009, -1.2711454115591847], [36.92290954229106, -1.2711364123278677], [36.922920542517545, -1.2711354124145298], [36.92315154727686, -1.2711194137835455], [36.923315550651424, -1.2710944159854294], [36.92337155180327, -1.2710844168692348], [36.923403552461345, -1.2710784174000833], [36.92348555414852, -1.2710654185461163], [36.923530555072524, -1.2710524197039803], [36.923581556115515, -1.2710244222125386], [36.92368755827494, -1.2709394298434225], [36.923816067895174, -1.2708434274599922], [36.9238615618227, -1.2708094415104016], [36.92414756765555, -1.2706004602653533], [36.92435657192322, -1.2704644724622247], [36.92448957464234, -1.2703884792728588], [36.9246895787345, -1.2702844885871194], [36.92469257879825, -1.270290488045081], [36.9247125792085, -1.2702834886698604], [36.92480658113245, -1.2702364928780094], [36.924860582222806, -1.2701624995336196], [36.924960584234896, -1.2700025139294588], [36.92504158584005, -1.2697945326597144], [36.92510858716898, -1.269626547787418], [36.92512858753998, -1.2694945596839236], [36.92517158833876, -1.269214584918725], [36.925158588005225, -1.269006603678905], [36.92513858754623, -1.268858617030903], [36.924997584543554, -1.2685576442178883], [36.92485658153837, -1.2682486721262178], [36.92481658067126, -1.2681146842220956], [36.92485058133265, -1.267987695663105], [36.92491058251951, -1.267826710161696], [36.925017584673505, -1.2676587252765326], [36.92509858632527, -1.2675987306609466], [36.925218588804555, -1.2676127293602741], [36.925423592980685, -1.2674477441733216], [36.925529595126946, -1.2673207555913424], [36.92566459786062, -1.2671597700660768], [36.92576459989855, -1.2670817770675475], [36.92585239568763, -1.26701307423518], [36.92587960224207, -1.2669917851463717], [36.926160608006, -1.2668917940739772], [36.926790620912726, -1.2666168186704396], [36.927300631355216, -1.2663758402393848], [36.92755563659099, -1.2663018468308607], [36.92773664031952, -1.2662878480355984], [36.92785664278178, -1.2662478516042186], [36.92827265130652, -1.2660738671615892], [36.92858065765225, -1.2660538688669505], [36.928822662623986, -1.2659928742903683], [36.929026666848934, -1.2660498690855082], [36.929158669617735, -1.266197855698072], [36.92920767064519, -1.2662518508131044], [36.92948967648821, -1.2663388428782794], [36.92975768201305, -1.2663318434241406], [36.92992568545258, -1.2662518505843576], [36.9300126872129, -1.266143860295287], [36.93014668995534, -1.266076866294196], [36.93040869534037, -1.2660188714406395], [36.93055569836909, -1.2660098722054205], [36.93092470599155, -1.2660498684809167], [36.931252712770416, -1.266096864138391], [36.93141271607319, -1.2661068631856336], [36.93153471860301, -1.26615085917917], [36.93180872428094, -1.2662378512468506], [36.932331735138, -1.2664658305208054], [36.9325467396139, -1.2665998183690677], [36.93274474372125, -1.2666768113625948], [36.9329317475905, -1.266717807605901], [36.93316675243454, -1.2667108081622553], [36.933307755310594, -1.266609817224828], [36.933441758006765, -1.266395836479199], [36.933588760947515, -1.2661068624924123], [36.93379076501655, -1.2657988902013853], [36.934031769908714, -1.265550912487523], [36.93417277277841, -1.2654299233535669], [36.934366776774965, -1.2654169244640314], [36.93454077740296, -1.2655439169563256], [36.934540799403415, -1.2655439379544273], [36.93454119341166, -1.2655442249284459], [36.93455627972897, -1.2655639901411393], [36.934594898541135, -1.265614581566456], [36.934595557554864, -1.2656148655405717], [36.93460645878411, -1.2656289862637784], [36.93463882446448, -1.2656704775117065], [36.934675904243726, -1.2657169093126395], [36.934719480159494, -1.2657714743779942], [36.934735784502045, -1.2657918905316459], [36.93476413311468, -1.2658811484731336], [36.93478278551769, -1.2659398771710149], [36.934782785529755, -1.2659783247037426], [36.934782785530274, -1.265979963555995], [36.93478278553109, -1.265982586319421], [36.93478278553546, -1.2659965040642942], [36.934782785542126, -1.2660177331498919], [36.934782785542225, -1.266018076118902], [36.93478278555206, -1.2660494062935148], [36.934782785566014, -1.2660938632842613], [36.934784969614675, -1.2661053772452826], [36.934794373824225, -1.2661549597707822], [36.93480471405452, -1.266209473851387], [36.934815786301115, -1.2662678475835616], [36.934844930909016, -1.2662897495991485], [36.93488462873708, -1.2663195808962402], [36.93493314774898, -1.2663560415926847], [36.934976789659295, -1.2663888366212213], [36.93500628227005, -1.26639720285741], [36.93505421726277, -1.266410799615923], [36.93511779257946, -1.2664288329693618], [36.93518933405387, -1.2664261671870132], [36.93527879589767, -1.266422833459134], [36.93528551103432, -1.2664169349889747], [36.93533057495117, -1.266377350544337], [36.93538075997218, -1.2663332675038308], [36.93538091297536, -1.2663332925015298], [36.93549323326077, -1.2662351003209396], [36.93564460833614, -1.266088001538341], [36.93570724160856, -1.2660271370071954], [36.935745610384025, -1.26597705551144], [36.93577473297265, -1.265939042930166], [36.93577539798637, -1.2659391779178806], [36.9357750959799, -1.2659382050056356], [36.93580911566733, -1.2658933810371213], [36.93581480678236, -1.2658858817116116], [36.93587057889438, -1.265764553635412], [36.93588880825784, -1.2657248962059815], [36.93595746965217, -1.2656562423754276], [36.93598881028864, -1.2656249051915536], [36.93605112956183, -1.2655872705655609], [36.936089812352286, -1.2655639106598944], [36.93613086019876, -1.2655639106468217], [36.93617681414635, -1.2655639106321872], [36.93618976541333, -1.265563910628063], [36.93626599498527, -1.2655639106037866], [36.936273951149374, -1.2655639106012528], [36.93630480278554, -1.2655639105914274], [36.93632030610527, -1.2655639105864904], [36.93634481761071, -1.2655639105786847], [36.93637082414885, -1.2655697950397744], [36.936424718263964, -1.265581987922978], [36.93648182044553, -1.2655949077396633], [36.93654903883894, -1.2656180006357434], [36.936654724029616, -1.2656543093276849], [36.93667682448778, -1.265661901635964], [36.936761387243564, -1.2657003091453511], [36.9368615203227, -1.26574578801212], [36.93689397199644, -1.2657605266725982], [36.93697183061309, -1.2657958894587071], [36.9370460281522, -1.2658248268254395], [36.93712969188764, -1.2658574548563606], [36.93718595305462, -1.2658793968596134], [36.93722595588358, -1.2658922726857003], [36.9372888281837, -1.265903734632068], [36.93737309592615, -1.2659190962198197], [36.937409365675045, -1.2659223179178136], [36.93741494279, -1.2659221169340569], [36.93743246915124, -1.2659214839855903], [36.93749453043027, -1.2659192451677117], [36.93755894775787, -1.2659169213568293], [36.93760323366962, -1.2659122047680378], [36.93772325113545, -1.2658835553134111], [36.93780984791462, -1.2658628831501493], [36.93789891272963, -1.265794183317277], [36.93794985076772, -1.2657548928442963], [36.937965992092636, -1.2657296231180735], [36.938005008877965, -1.2656685406142039], [36.9380490457644, -1.2655995998173823], [36.93810857696276, -1.265506400203369], [36.938138245560225, -1.265460833303195], [36.938180541412436, -1.2653973960106175], [36.93825019081596, -1.265292933409138], [36.93830768297439, -1.2652067051670277], [36.93835285888469, -1.2651389482630753], [36.93837278529113, -1.2651245735530339], [36.93839497374361, -1.2651085689893866], [36.93842708439848, -1.2650854050680758], [36.93846791123111, -1.2650559547109255], [36.93849286173998, -1.2650379573260386], [36.93854558182017, -1.2650158383040218], [36.93860817210251, -1.264989577652287], [36.938676223496834, -1.2649610252055687], [36.93869528288733, -1.2649530289206692], [36.93874786696471, -1.2649309668934723], [36.938833718721625, -1.264888290714689], [36.93892287054607, -1.2648439746828706], [36.939024628634165, -1.2648115275765954], [36.93917687575832, -1.2647629819060475], [36.939205402345785, -1.2647606901037225], [36.93939566826435, -1.2647454024217193], [36.93953769318894, -1.2647325955315554], [36.939603661546435, -1.2647235853230792], [36.93961012567936, -1.2647227024006615], [36.939782394224224, -1.2646991734677178], [36.93990089066261, -1.2646829888895494], [36.939966413007085, -1.2646619307677898], [36.94006889410987, -1.2646289937054374], [36.94018989657985, -1.2645490008808726], [36.94024289764549, -1.2644620087091178], [36.94024289761604, -1.2643680171854825], [36.940235272450195, -1.264340596660692], [36.940235042445174, -1.2643397677355395], [36.94020588381104, -1.2642349122008096], [36.94018589637642, -1.264163035689204], [36.940156846700475, -1.2639175348380272], [36.94013072509273, -1.2636967757547224], [36.9401241099388, -1.2636408697984902], [36.940115025727394, -1.2635640977248208], [36.940097281331816, -1.2634691822900106], [36.94005191232629, -1.2632456964586039], [36.9400117754258, -1.26301316044161], [36.94000660630956, -1.2629822592299673], [36.93999889213614, -1.2629361463909137], [36.93996211035828, -1.262874217987379], [36.93989507294059, -1.2627613471874328], [36.9398661003279, -1.2627125675956619], [36.93985521409767, -1.2626942382520645], [36.939843888858206, -1.2626751699752716], [36.939823284405755, -1.2625870629272598], [36.93980530301094, -1.2625101728669843], [36.93979688782616, -1.2624741881148196], [36.93984650282926, -1.2624106038330876], [36.939867889261755, -1.2623831962979544], [36.93991388920306, -1.2623601983572632], [36.94003852875365, -1.262297885937013], [36.940081893641, -1.262276205878333], [36.94021306133147, -1.2622307349372137], [36.94034010493727, -1.2621866928686682], [36.940413938451684, -1.2621610971534567], [36.9404407040011, -1.2621528688869226], [36.94056314251652, -1.262123548492123], [36.94066367158194, -1.2620994756311381], [36.94085136443806, -1.262054528624865], [36.94096563278477, -1.2620240673355445], [36.941124202039916, -1.2619777314637486], [36.941263693903444, -1.2619369690954105], [36.94143327738507, -1.2618885964038096], [36.94156484108789, -1.2618568082287283], [36.94164937682467, -1.2618363830438284], [36.94170544097638, -1.2618228362476234], [36.941798928897, -1.2618002482550117], [36.94191957236357, -1.261732812298026], [36.94204375690246, -1.2616633975184703], [36.94209385692651, -1.261634746086385], [36.94219737703995, -1.2615671961451975], [36.94233515585279, -1.2614772922089499], [36.94239494107331, -1.2614382807080946], [36.94242902176398, -1.2613998181658528], [36.942457027331564, -1.2613682110072648], [36.94249594312027, -1.2613242909556388], [36.94248894292336, -1.2611563061068134], [36.94240194108972, -1.2610293175862373], [36.942346291924885, -1.2609736746217082], [36.942314704263744, -1.2609420904800415], [36.942267938284786, -1.2608953297117165], [36.94222472038654, -1.2608726507706942], [36.942163166107285, -1.260840348703216], [36.9421269353543, -1.2608213364292633], [36.94205263081343, -1.2607934089713337], [36.94198593243029, -1.260768341253069], [36.94193777241828, -1.2607076107449606], [36.941872005036245, -1.2606246782447184], [36.94183575627455, -1.2605789683783546], [36.941834492247956, -1.2605773745224456], [36.941830987174285, -1.260572954922105], [36.94182892913105, -1.260570359156806], [36.941822679998786, -1.2605593991472275], [36.94181756789059, -1.260550431957475], [36.941814280821006, -1.2605446674784118], [36.941811859769736, -1.260540420862142], [36.94181024373558, -1.2605375871181435], [36.94180928771535, -1.2605359092697044], [36.94180925771459, -1.2605357462844875], [36.94180819269216, -1.2605339894432], [36.94177559300208, -1.260476812609787], [36.94177155491662, -1.2604697312496085], [36.941771084906605, -1.2604688173321874], [36.94176711882265, -1.2604617849676603], [36.94176218971804, -1.2604521338395587], [36.941756812603785, -1.2604416037908757], [36.94175209250363, -1.2604323616257724], [36.94174774741137, -1.2604238543943351], [36.94174447734194, -1.2604174499729222], [36.9417421172918, -1.260412828390416], [36.94174111227048, -1.2604108605682067], [36.94173870721939, -1.2604061509936424], [36.9417342441247, -1.2603974127830522], [36.941731744071596, -1.260392516225453], [36.941729970033876, -1.2603890375397002], [36.941729332020365, -1.2603877936521504], [36.941727188974866, -1.2603835970312869], [36.94172485192523, -1.2603790204447187], [36.941721531854824, -1.2603725190320607], [36.941718821797245, -1.260367214511284], [36.941716511748176, -1.2603626899200229], [36.94169709033583, -1.260324661355538], [36.94167423385052, -1.2602799053988787], [36.94165790150383, -1.2602479242881124], [36.94164792529201, -1.260228390052843], [36.94164808129361, -1.2602231805225979], [36.941648890301785, -1.2601960519687507], [36.941649664309615, -1.2601701273063584], [36.9416504233174, -1.260144699599197], [36.941650949322685, -1.2601270801878979], [36.94165131332642, -1.2601149002862146], [36.941651874332074, -1.2600961069807566], [36.94165274734092, -1.260066853618502], [36.94165363534993, -1.2600371182998422], [36.941653925352895, -1.2600274081753076], [36.94165539738048, -1.260018434984004], [36.94165738041758, -1.2600063530729775], [36.94166204150484, -1.2599779456332163], [36.9416634475312, -1.259969377405536], [36.941666657591185, -1.2599498121687847], [36.94167240169872, -1.2599148033241516], [36.941674925745986, -1.2598994197105136], [36.94170308631678, -1.2598680255327481], [36.94172834882893, -1.259839863064381], [36.94175471636339, -1.2598104677069197], [36.9417606684841, -1.2598038323033907], [36.941792400127305, -1.2597684574833103], [36.941825432796904, -1.2597316317938019], [36.941848929273284, -1.259705437148612], [36.941868086662765, -1.2596877127408614], [36.94188796006676, -1.2596693263926106], [36.94189912429377, -1.2596589983203905], [36.941939758119865, -1.259621403697749], [36.941967952693105, -1.25959531904116], [36.94199956333572, -1.2595660726685227], [36.94202788491148, -1.2595396670408108], [36.9420553564697, -1.259513122425801], [36.94207363084091, -1.2594954650123829], [36.9420846540649, -1.2594848139693946], [36.942100750391944, -1.259469261366765], [36.94214841836049, -1.2594232025051986], [36.942179765997416, -1.2593929132266943], [36.94221097763148, -1.2593627549365216], [36.94222017681845, -1.2593538667351079], [36.94222731996355, -1.259346964355254], [36.94223093703707, -1.2593434696693206], [36.942238700193734, -1.2593327186362853], [36.9422589066017, -1.2593047341534815], [36.94229049823948, -1.2592609820889986], [36.94231334570064, -1.2592293409351636], [36.94232077985071, -1.2592190468610618], [36.9423489344191, -1.2591800553683143], [36.94237549495525, -1.2591432706771586], [36.94239670438339, -1.2591138973192562], [36.94240494054962, -1.2591024913452555], [36.94241974185151, -1.259091666316744], [36.94242554496988, -1.2590874226975928], [36.94247362795032, -1.2590522568535865], [36.94251047970172, -1.2590253052723563], [36.94254092732261, -1.2590030372707408], [36.942567204858385, -1.2589838189955895], [36.94259303738539, -1.2589657236192326], [36.94261480082962, -1.258951130928233], [36.942633545212146, -1.2589385620557634], [36.9426629778129, -1.258918826826099], [36.94269340043385, -1.2588984286559377], [36.942715490884694, -1.2588836159847425], [36.94272645210843, -1.2588762676439464], [36.94274848955826, -1.2588614909695248], [36.942770522007905, -1.2588467172947455], [36.94278707334576, -1.2588356192902734], [36.94283103424291, -1.2588061439344396], [36.94287411512221, -1.2587772565258244], [36.9429087048282, -1.258754064606314], [36.94293967446028, -1.2587332984691328], [36.942960830892154, -1.2587191127416593], [36.94298544039442, -1.2587026112220017], [36.943001060713186, -1.2586921381614316], [36.9430049527926, -1.2586895283955055], [36.94301473299065, -1.2586776684620034], [36.94305409978735, -1.2586299317543164], [36.94308459140457, -1.2585929560791187], [36.94311379799576, -1.2585575392636137], [36.94313837249324, -1.2585277389432876], [36.943192956597976, -1.2584615488948556], [36.9432022827875, -1.2584524507124089], [36.94323588747011, -1.2584196666581315], [36.94326224700564, -1.2583939509687865], [36.943278757341, -1.2583778434161104], [36.94328887254652, -1.2583679753027799], [36.94331512507988, -1.2583423646040095], [36.94336871416852, -1.2582900843016172], [36.94339365467511, -1.2582657524878624], [36.94342328427709, -1.2582368470851277], [36.94344701775924, -1.2582136931656314], [36.94348072344392, -1.2581808101203282], [36.94351301709997, -1.2581493049511536], [36.94352196328174, -1.258140577735315], [36.94354672178644, -1.2581219614062333], [36.943579393452374, -1.2580973946112894], [36.943606629007604, -1.2580769164493437], [36.943632910543386, -1.2580571542231977], [36.94365443898215, -1.2580409676760482], [36.94365946008447, -1.2580371910150743], [36.943690192711, -1.2580140830891289], [36.94374142775538, -1.2579755585469918], [36.94378535865089, -1.2579425265117845], [36.94381825932161, -1.2579177877323517], [36.94384697490695, -1.2578961956703834], [36.94385922215664, -1.2578869864970106], [36.943893988865284, -1.257860845843289], [36.943898482956975, -1.25785767112816], [36.94391483029084, -1.2578475940316844], [36.94396079622983, -1.2578192585724262], [36.94400523713766, -1.2577918630287905], [36.94403357971655, -1.2577743915953357], [36.94405932324241, -1.2577585220182943], [36.94408023566954, -1.2577456301742365], [36.944124555574966, -1.2577183096238835], [36.944177501656426, -1.2576856715504163], [36.94421118034432, -1.2576649104119262], [36.94423180076563, -1.2576521995516543], [36.94425702628086, -1.2576366489460398], [36.944280725764976, -1.2576220392559578], [36.94435377425712, -1.2575770092935576], [36.94441446949697, -1.2575395946483412], [36.944451678257, -1.25751665770503], [36.94446561054158, -1.257508068475181], [36.94455833943568, -1.2574509066005577], [36.94462899987902, -1.2574073485062167], [36.94464506820723, -1.2573974433943351], [36.944672049757564, -1.257378150125628], [36.94469208616612, -1.2573635844327427], [36.94474366221797, -1.2573260887977094], [36.94480217141104, -1.257283552615056], [36.94484128120853, -1.2572551191667085], [36.94487848096709, -1.2572280755936556], [36.94490369548131, -1.2572097442387544], [36.944914590703505, -1.2572018229496886], [36.94495994062831, -1.2571688539083565], [36.944994013323104, -1.257144083131347], [36.94504019826492, -1.2571105071446118], [36.945074921972946, -1.2570852634100078], [36.94511699583103, -1.2570546751551266], [36.945132115135216, -1.2570304183378085], [36.945152969554734, -1.2569969623481878], [36.9451748219944, -1.2569619045026597], [36.945186427227874, -1.2569432851780982], [36.945215911821016, -1.2568959834343354], [36.94522870707852, -1.256875457281282], [36.94524975850202, -1.2568416833202445], [36.945252644559886, -1.2568364907875977], [36.945266359834434, -1.256809805189721], [36.94527487400481, -1.2567932396809196], [36.94529506840893, -1.256753946217877], [36.945315827824324, -1.256713554853747], [36.94533441119624, -1.256677396108523], [36.94534433439485, -1.2566580878465614], [36.94535120153232, -1.2566447270492853], [36.94536311677069, -1.2566215421363147], [36.94538169814258, -1.2565853873907298], [36.94539511441102, -1.2565592827406047], [36.94540075352331, -1.2565464368971437], [36.94541458179543, -1.256504726654116], [36.945417468852305, -1.2564960154387501], [36.94545556560197, -1.2563811047891564], [36.94549820944113, -1.2562524763749936], [36.945519003850386, -1.256189753024615], [36.945601245510765, -1.2560763932212333], [36.94563478518793, -1.2560301623796009], [36.94569600742396, -1.2559457749700262], [36.94574758943702, -1.2557836115771719], [36.9457967754031, -1.2556289805058198], [36.94581399473788, -1.2555642133409548], [36.94585081844368, -1.2553923858241247], [36.94586182665504, -1.2553421343522786], [36.94588201104371, -1.2552538373082365], [36.94588454308121, -1.2552064985762885], [36.94589567924598, -1.254998274349773], [36.945900691320126, -1.2549045617988541], [36.94590473838946, -1.2548589659093081], [36.945914059559385, -1.2547875113498457], [36.945923011722634, -1.2547188855354665], [36.94591989563588, -1.2546464750661368], [36.94591799858299, -1.2546023870424332], [36.945915839522854, -1.2545522085680556], [36.9459104723734, -1.2544274778175053], [36.945901100112444, -1.2542096684618014], [36.94589504894399, -1.2540690411448547], [36.94589039281431, -1.2539608319042275], [36.945893749862236, -1.2538923120820278], [36.94589920894773, -1.2538052149343617], [36.94590516504103, -1.2537101945010785], [36.94591137713821, -1.2536110994350713], [36.94590925907284, -1.2535412747322325], [36.94590508295859, -1.2534506719037792], [36.94589973681849, -1.2533542785978142], [36.94589429968422, -1.2532832260067224], [36.94588801052901, -1.2532010224214085], [36.94588598146681, -1.2531354183379193], [36.945884297414025, -1.2530771685911237], [36.94588366539363, -1.2530533617381898], [36.94588271436281, -1.2530175399686998], [36.9458820103401, -1.2529910413584713], [36.94587033208152, -1.2529340325029388], [36.94584955562521, -1.2528439496327481], [36.94583168823713, -1.2527804593636203], [36.94581857295663, -1.25274809428627], [36.945797758511574, -1.2526967279248171], [36.94577487402461, -1.2526481413133137], [36.945749196479404, -1.2525973249038433], [36.94574300734801, -1.2525850780101224], [36.94571704680572, -1.2525625360510302], [36.94570175048619, -1.2525492542535062], [36.94567758398134, -1.2525282691534976], [36.945656119534085, -1.2525131465239403], [36.94558612007979, -1.2524777517377357], [36.94552978491006, -1.2524512771428709], [36.94549965228509, -1.2524394882154375], [36.94548500198138, -1.2524340917066832], [36.9454650395641, -1.252415946349152], [36.94545828842298, -1.2524098099046586], [36.94545200129166, -1.2524040944220047], [36.94545356031849, -1.2523871469497676], [36.94545606536173, -1.2523599064054454], [36.945458837409475, -1.2523297641226399], [36.94546000142955, -1.2523171022639823], [36.94548470791619, -1.2522437178736723], [36.945511460436855, -1.2521441058477447], [36.94553124481643, -1.2520529350628111], [36.94554249502765, -1.2519860070944382], [36.945546003093526, -1.2519651339756068], [36.945542965016486, -1.2519187071630595], [36.94554037695082, -1.2518791517307812], [36.945539002916036, -1.2518581436255591], [36.945540581939206, -1.2518280253409575], [36.9455424549667, -1.251792310560994], [36.945546132020795, -1.2517221908828091], [36.9455503230824, -1.251642269088348], [36.94555300312176, -1.251591167695573], [36.945553506119694, -1.2515509493220371], [36.945553893118095, -1.2515199881138337], [36.94555426111648, -1.2514905077721339], [36.945554695114694, -1.2514557889027147], [36.94555500311334, -1.2514311821215218], [36.945561036225435, -1.2513913697096661], [36.94556661932905, -1.2513545220306763], [36.94556957738404, -1.25133499979013], [36.9455922608324, -1.2512725654129369], [36.94561524228708, -1.2512109979574566], [36.945623004440705, -1.2511902038300702], [36.94564064178975, -1.2511430180795384], [36.945658133135915, -1.2510962212938315], [36.94566000517294, -1.2510912127449128], [36.94571600630374, -1.2510142196700744], [36.945738519761235, -1.2509926626068633], [36.94578786176395, -1.2509454168516612], [36.94582042242556, -1.2509142396527748], [36.94583045262943, -1.2509046345157544], [36.94583400870172, -1.2509012298216335], [36.94583952781254, -1.2508915926889155], [36.945858212187616, -1.250858968624837], [36.945885375733, -1.2508115388932803], [36.94589487892378, -1.2507949453865481], [36.94589892800505, -1.2507878760227822], [36.94590303708696, -1.2507785638611415], [36.94590879820069, -1.2507624373135187], [36.94592313948397, -1.2507222849297506], [36.945931752654, -1.2506981691016137], [36.94593601073809, -1.2506862491751292], [36.94593095762959, -1.2506722584383143], [36.94591991039239, -1.2506416692000957], [36.945914332272565, -1.2506262225947844], [36.94590692911359, -1.2506057244455018], [36.945901088988116, -1.2505895529055822], [36.94589700990053, -1.2505782589253291], [36.945888286716844, -1.250565955037521], [36.945858274084905, -1.2505236268638182], [36.94582707342794, -1.2504796228417319], [36.945807683019666, -1.2504522743139086], [36.945797543806634, -1.2504393064864487], [36.94578027944471, -1.2504201062232494], [36.94575731496326, -1.2503945675334107], [36.945730448400056, -1.2503646882362038], [36.94571604509816, -1.250348669685193], [36.94570864294299, -1.2503404374297946], [36.94570400584576, -1.250335280896254], [36.94568819150708, -1.2502948245493488], [36.94567907931202, -1.2502715136542661], [36.945674603216176, -1.2502600646880084], [36.94566637604004, -1.2502390165886115], [36.94565659683064, -1.2502140028472373], [36.945646229608606, -1.2501874792422485], [36.94563732041791, -1.2501646902999877], [36.945629633253304, -1.2501450230758382], [36.94562700419706, -1.2501382986830916], [36.94562351210949, -1.2500881502061818], [36.94562003202222, -1.250038163714762], [36.94561676294026, -1.249991215949158], [36.94561600392126, -1.2499803129326321], [36.94561831596053, -1.2499534393551788], [36.94561933497795, -1.2499415894234012], [36.94562369705209, -1.2498908849941877], [36.94563353724208, -1.249849194750447], [36.94566014775853, -1.249744992138343], [36.94567475204286, -1.249690938007944], [36.94568267419744, -1.2496628155414113], [36.94568900532109, -1.249640343565792], [36.94568478822136, -1.2495990222931375], [36.94567919009558, -1.2495656723021604], [36.94567346396802, -1.2495351320579142], [36.945669143873296, -1.2495169197014486], [36.94565909965492, -1.249480293007333], [36.94564617437381, -1.2494331582616818], [36.94563800419608, -1.249403364950821], [36.94563250607488, -1.2493781242286208], [36.94562606793297, -1.2493485728953253], [36.94562154083318, -1.2493277917706977], [36.94561600371121, -1.249302374064453], [36.945603646447616, -1.2492740746201458], [36.94558931814208, -1.2492412635832617], [36.9455806769582, -1.2492228522462543], [36.945566332653655, -1.2491945768004082], [36.945558722492095, -1.2491795751555415], [36.94555208335113, -1.2491664883376852], [36.94555000230696, -1.2491623867082104], [36.9455489272753, -1.2491317384721319], [36.94554841925483, -1.2490993103963974], [36.945550272284635, -1.2490722488360968], [36.945552003312464, -1.2490469841136902], [36.94555300232854, -1.2490323984286409], [36.945554616360475, -1.2490278938343071], [36.94556233451295, -1.2490063477748259], [36.945573454732575, -1.2489753095700427], [36.94557700280268, -1.248965404462164], [36.94560414034918, -1.2489232222572817], [36.94563271292452, -1.248878810253007], [36.945658284439446, -1.2488390628290886], [36.94567884285345, -1.2488071057042989], [36.94568700501778, -1.2487944198456642], [36.945694847171204, -1.2487676282590652], [36.94569900525262, -1.2487534235386113], [36.9457057333842, -1.2487305515988871], [36.94578664805372, -1.2487342472402474], [36.94586432065524, -1.2487345441889914], [36.945923329871995, -1.2487347701500864], [36.94594249326712, -1.248734844137397], [36.9459851961477, -1.2487350071092922], [36.94603183710938, -1.2487351860785076], [36.94609465740476, -1.2487354270370534], [36.946143678415524, -1.248735614004712], [36.946190784386815, -1.2487357949736013], [36.94620887175976, -1.2487358639617003], [36.9462138998634, -1.2487358829584085], [36.946218865965854, -1.248735901955136], [36.94630866981754, -1.248736245895922], [36.94641488500847, -1.248739307586441], [36.94686369326615, -1.2487522432789206], [36.94730771143241, -1.2487892358035766], [36.947715728861375, -1.2488422258970713], [36.948161835082246, -1.2489165610538155], [36.94836375525574, -1.248950206956315], [36.948902777408534, -1.2490771833369758], [36.9489896742072, -1.2490996862804802], [36.94937379715762, -1.2491991611897402], [36.94978581469669, -1.2493421351676803], [36.95044484236198, -1.2495930893308191], [36.95060687672462, -1.2496638339004105], [36.950989864672486, -1.2498310457017605], [36.95150188630617, -1.2500800010911681], [36.95212517725875, -1.2504097191626762], [36.95229191872373, -1.2504979251562036], [36.95241842735352, -1.2505672418656806], [36.952853942406435, -1.2508058692102368], [36.95285403440837, -1.2508059612018307], [36.952854942427344, -1.250806869119748], [36.953126508071925, -1.2509544437265323], [36.95318795634906, -1.2509878366959508], [36.95346096801894, -1.2511208126187228], [36.953578666461155, -1.2511714240177256], [36.95383298373831, -1.251280783076023], [36.953950988186655, -1.251330774530856], [36.95439700643622, -1.2515057426122507], [36.95455901379576, -1.2515687308811978], [36.9552870438854, -1.2518276833002895], [36.95544903323904, -1.2518729611662265], [36.95556605566175, -1.2519056691797819], [36.95566251965892, -1.251932980686542], [36.955792065341, -1.2519696573382375], [36.95625118984634, -1.2520987175552243], [36.95634115270894, -1.2521240052464448], [36.95645878114418, -1.2521570702277158], [36.95657915863638, -1.2521909081383025], [36.95665901628963, -1.2522133560888156], [36.95672399263489, -1.2522316214212068], [36.956782021836275, -1.252247932931995], [36.956863182516514, -1.2522707468491217], [36.95690471537635, -1.2522824217831974], [36.95702441685458, -1.2523160697111915], [36.957122218879384, -1.2523435622011068], [36.95720412357499, -1.2523665850991659], [36.957220125906176, -1.2523704707436867], [36.95730809572637, -1.2523918297898249], [36.957329880177056, -1.2523971193059522], [36.95740286268713, -1.2524148396849075], [36.95748983248672, -1.2524359567532484], [36.957585049456824, -1.2524590756384548], [36.95768122144669, -1.2524824255023714], [36.957694143714065, -1.2524855632154255], [36.957777573440566, -1.2525067362797444], [36.95785531504941, -1.25252646547612], [36.95797200346418, -1.2525560787688108], [36.95809923709724, -1.2525883688168322], [36.95814624206995, -1.2526002977262893], [36.958218273560604, -1.252618578055086], [36.95828367091394, -1.2526351745377693], [36.95836689063607, -1.2526562946070094], [36.95842336680476, -1.2526706272966406], [36.95844069716342, -1.2526750248946144], [36.95853801117731, -1.2526997216368085], [36.958671184933145, -1.252733518547093], [36.95868642224847, -1.2527373221992384], [36.95874619548542, -1.252752241834945], [36.958814199892565, -1.2527692172826568], [36.95890493577019, -1.2527918662115964], [36.95901174298028, -1.2528185267737664], [36.95913324749456, -1.2528488560003226], [36.959258477085974, -1.2528801161418293], [36.95937410247855, -1.2529089775026612], [36.95942486252885, -1.252921648344078], [36.9594322166811, -1.2529234831762692], [36.95949063389019, -1.2529391117484343], [36.95956054733728, -1.2529578150397742], [36.95964185602029, -1.2529795660525747], [36.95971467052732, -1.252999045273], [36.959760951485265, -1.2530114271418622], [36.95979002408701, -1.2530192044312747], [36.95985277938597, -1.2530359928975652], [36.95991859874834, -1.2530536002890174], [36.95999162125969, -1.2530731355043285], [36.96007199992345, -1.253094638539846], [36.96011724085978, -1.2531067414340795], [36.960170931971085, -1.2531211051218674], [36.960244315490016, -1.2531407363284124], [36.96030443273432, -1.2531568188590436], [36.9603665200194, -1.2531734283416647], [36.96043912552216, -1.2531928515671904], [36.96052726234642, -1.2532164304130522], [36.96053436849351, -1.253218189252167], [36.960684571601476, -1.2532553738514542], [36.96070697006493, -1.2532609193443116], [36.96073727069193, -1.2532684206583737], [36.960775413487255, -1.2532975820165997], [36.960890276882445, -1.253385399060955], [36.96093978991936, -1.2534375293442974], [36.96100328224903, -1.253504378295786], [36.9610962851939, -1.2535933622419737], [36.96112268974916, -1.2536283680767906], [36.96114228716125, -1.253654350727515], [36.961205290494846, -1.2537663306093387], [36.96129729446795, -1.2540122863999517], [36.96143430039238, -1.2543342283239243], [36.96152430433207, -1.2546051788611232], [36.96164830899796, -1.254957116084032], [36.96177231465166, -1.2552700588234529], [36.9619023204447, -1.2556329940523796], [36.962031326222146, -1.2560119258390836], [36.96210732885679, -1.2562298861590353], [36.96214733070792, -1.2563148704822742], [36.96216333205023, -1.25635486387056], [36.96229333683055, -1.2566768057960775], [36.96239634203093, -1.2569237604925787], [36.96253634803049, -1.2572876956277235], [36.96263235209192, -1.2575516477934143], [36.96281135891551, -1.2579795701454062], [36.96290545393397, -1.2582320323477703], [36.962909364017904, -1.2582425234003936], [36.96291488913652, -1.2582578980121386], [36.96303836878921, -1.2586014579895983], [36.96312808970349, -1.2588086652744548], [36.963138373922874, -1.2588324161292654], [36.96314262501413, -1.2588440770762777], [36.96317737476028, -1.2589393974688894], [36.96326086854269, -1.25913560474766], [36.96327437883117, -1.2591673558799839], [36.9633653827955, -1.2594503053335417], [36.96343238622893, -1.2596172752541863], [36.9634648749254, -1.259703075506031], [36.96359139263786, -1.2600371993331068], [36.963660275112, -1.2602104766843105], [36.96368439662824, -1.2602711572041503], [36.96372927759108, -1.260391657322636], [36.96384340403953, -1.2606980796516372], [36.96392040668908, -1.2608970436835922], [36.9639744758495, -1.2610437694339618], [36.96400441049197, -1.261125003098327], [36.96411641589504, -1.2614259489216988], [36.96423642046713, -1.2617398915704159], [36.96424576769502, -1.2618527493891676], [36.96424942178419, -1.261896863409543], [36.96425648094343, -1.2619405374685657], [36.964265422145004, -1.2619958454776643], [36.964288630640844, -1.2620513504644773], [36.96431642423459, -1.262117823460774], [36.96442042847337, -1.262420769106152], [36.96454543413952, -1.2627057173678293], [36.96480244564454, -1.2633665986831364], [36.96483622336946, -1.26345815441525], [36.96489244857629, -1.2636105546527743], [36.96498428954316, -1.263845719414617], [36.96503145555339, -1.2639664905075823], [36.965213462458514, -1.2644554023556371], [36.965370471837495, -1.264909319367613], [36.965381470074185, -1.2649413144785904], [36.96538186408264, -1.2649422683923341], [36.96544047233539, -1.2650842885650946], [36.96594949424031, -1.266397051005927], [36.96669352621463, -1.2684236859853455], [36.96677653000116, -1.2686636423168085], [36.96687182105144, -1.2689369386374025], [36.96711154520947, -1.2696244695510137], [36.9671165443169, -1.269638466287023], [36.96711682932306, -1.26963928321323], [36.96854505805741, -1.2737411317946967], [36.96940417335077, -1.2755895957946746], [36.969863512131894, -1.2765779065041358], [36.96987143330184, -1.2765988616114456], [36.970051280159645, -1.2770746536382254], [36.9701745318035, -1.2774007201879607], [36.970253822494406, -1.2775787871011], [36.970434687351215, -1.2779849604066762], [36.97115874888336, -1.2798994044915397], [36.97116071892569, -1.2799046140209906], [36.97202775655781, -1.282297181928822], [36.972052839096534, -1.2823656017491742], [36.97211174236186, -1.282526278236747], [36.972907794461705, -1.2846977491059501], [36.97295058338108, -1.28481516050116], [36.97295079438563, -1.2848157284498185], [36.97295356344511, -1.2848230777859693], [36.973714828781375, -1.2868453611196733], [36.97396984024514, -1.2874952434138291], [36.974312854594885, -1.2883700853860516], [36.97460886793757, -1.2891249491958954], [36.97471589523064, -1.289397152606397], [36.9747797875996, -1.2895596529269011], [36.974779874601474, -1.2895598709071385], [36.974670870390824, -1.289672850750912], [36.97467069038721, -1.2896729027462845], [36.97476961750197, -1.2899097023529162], [36.975173665262375, -1.2912596754425798], [36.97618622296191, -1.2938455728389568], [36.976311266641794, -1.294164911990287], [36.977424996511395, -1.297009186038013], [36.97758479588543, -1.2972590344460484], [36.97768968010004, -1.2974230236176663], [36.977903684672135, -1.2979239783546135], [36.97810068888884, -1.2984089345401182], [36.97825869229914, -1.2988858914598789], [36.97845469649138, -1.299358848727772], [36.97864670060641, -1.2998478045535344], [36.97883970474047, -1.3003317608296507], [36.97887070542458, -1.3004717481904073], [36.97886970543657, -1.3005727390797222], [36.97895170719611, -1.300787719658018], [36.980490740192565, -1.30473536300445], [36.98143476045657, -1.3072271378846647], [36.981975966065285, -1.3086271303960968], [36.98241078139227, -1.309751909771681], [36.982439782010765, -1.3098159039883857], [36.98352680534857, -1.3126876445275255], [36.983606807084975, -1.3129566202324698], [36.98417181925848, -1.3145784737111865], [36.98403681647585, -1.3145774738461236], [36.98399518762093, -1.3145866710301266], [36.983683809226, -1.3146554669259283], [36.98341480376646, -1.3149144436483309], [36.98307779691739, -1.315210417055186], [36.982846792193726, -1.3153244068466698], [36.98258778685728, -1.3153294064814582], [36.982333781623936, -1.315334406114502], [36.98215277792051, -1.3154173986863258], [36.98196577410691, -1.3155413875610849], [36.981716768973286, -1.3155363880947357], [36.981587766287426, -1.3154533956256382], [36.98141076259366, -1.3153134083149922], [36.98115675734156, -1.315261413090494], [36.98097275353415, -1.315215417301535], [36.980812750228026, -1.3151894197002123], [36.98053274447891, -1.3152564137483762], [36.98031474003144, -1.3153964011899555], [36.98003473430776, -1.315541388201049], [36.9797447283766, -1.315682375576362], [36.97945972256022, -1.3158593597021078], [36.979088714999754, -1.3161233360073397], [36.97852870362182, -1.3166262908129784], [36.97805169393765, -1.3170772502823174], [36.977901690874624, -1.3171652423927933], [36.97774568765921, -1.3171652424445541], [36.97764768562236, -1.3171132471685143], [36.97741968088236, -1.3169892584312743], [36.977209676474224, -1.3167452805143127], [36.97696067129292, -1.316595294129812], [36.97665466494489, -1.3164703055085651], [36.97640065968069, -1.316382313532011], [36.97614165433381, -1.316356315963547], [36.97583064792352, -1.3163563160666683], [36.97553464182403, -1.316361315713694], [36.97525763611448, -1.3163613158055405], [36.974910628923176, -1.316242326656537], [36.97462562298963, -1.3160613430804649], [36.9744076184132, -1.31580736606801], [36.974334616805024, -1.3154903946910588], [36.97425161500768, -1.3152254186260963], [36.97412761240112, -1.3150704326507594], [36.97398260939544, -1.3150184373901117], [36.973816605980566, -1.3150394355505053], [36.97355760069421, -1.3151994212016203], [36.97343059811718, -1.3153244099665415], [36.973373596986, -1.3154583978964387], [36.97331659587538, -1.315655380142538], [36.97325459465553, -1.3158333641044262], [36.973129592173606, -1.316123337982877], [36.97308359127965, -1.3162893230220123], [36.97300558972938, -1.316465307169686], [36.972860586786275, -1.3166052945872606], [36.97261658178057, -1.316678288082295], [36.97232157569296, -1.3166572900746432], [36.97197156848343, -1.3166722888375368], [36.9716135610788, -1.3165952959030127], [36.97140055664409, -1.3164603081528914], [36.97125555359083, -1.3162633259737604], [36.97106954969579, -1.3160763429059499], [36.97089254598655, -1.315890359744893], [36.970664541222376, -1.315693377593143], [36.97049853772912, -1.3154743974055136], [36.97028653332871, -1.3153814058658833], [36.97007352893804, -1.3153814059364473], [36.9699815270537, -1.3154184026288849], [36.969866524698155, -1.3154643985170338], [36.96965352038392, -1.31569837747704], [36.96953251798275, -1.3159833518054695], [36.969475516848256, -1.3161073406375812], [36.96934551421093, -1.31623732895255], [36.969304513413114, -1.316382315884759], [36.9692055114554, -1.316636293002534], [36.969127509910194, -1.3168282757067762], [36.96911250964837, -1.3169732626303177], [36.9690605086238, -1.3171182495661191], [36.96895150642434, -1.3172632365208206], [36.96873350196126, -1.3173572281127928], [36.96849049694367, -1.3173312305390346], [36.96823849173887, -1.3173002334193726], [36.967865484008996, -1.317175244820169], [36.96733647309569, -1.3171492473412578], [36.967041467028274, -1.3171912436500295], [36.96680246215053, -1.3173412301969003], [36.96653045662644, -1.317595207372095], [36.966318452290245, -1.3176991980598989], [36.96619844981808, -1.3177041976486057], [36.966105447872216, -1.3176162056185285], [36.96588744333936, -1.3174972164266348], [36.96562343789355, -1.3174862175065838], [36.96530243127987, -1.3174972166207262], [36.96497542455591, -1.3175492120380137], [36.96471341919374, -1.3176682013892012], [36.96460441698036, -1.317771192133091], [36.96448320053551, -1.3179361962858849], [36.96440241290606, -1.3180461673906492], [36.96418440846639, -1.3182121524870463], [36.96400840487544, -1.3183261422608084], [36.96386840200632, -1.3183781376160673], [36.96377039998602, -1.3183781376486017], [36.96363539718928, -1.3183361414824992], [36.96351139463306, -1.3183361415236639], [36.963391392154364, -1.318321142916659], [36.96327738978886, -1.3182741471946893], [36.96317438762136, -1.318139159408092], [36.96309638596591, -1.3179941725153104], [36.96301338421437, -1.3178701837295943], [36.96279537967448, -1.3177301964322086], [36.962552374627684, -1.3176162067974118], [36.962277368960166, -1.3176212064375439], [36.96204436418914, -1.3177201975836166], [36.961898361240095, -1.3179061808518877], [36.961795359247155, -1.3183051448900243], [36.96179035925424, -1.318642114488868], [36.96178435919503, -1.3188390967182197], [36.9617793591633, -1.3190570770527177], [36.96181535995973, -1.3192230620647873], [36.96178435937139, -1.3193780480915445], [36.961639356438106, -1.3195490327126893], [36.961510353817964, -1.319669021929522], [36.960877340891386, -1.3200449882183825], [36.959723317225524, -1.3204259542293642], [36.958838299108606, -1.320817919158548], [36.95831128836637, -1.3211918855927216], [36.95807328352743, -1.3213988669969507], [36.9579562811731, -1.3215748511576562], [36.95787327951139, -1.3217258375625318], [36.9576612752459, -1.3220468086733197], [36.95754127286047, -1.3223167843544938], [36.95747927165868, -1.3225497633544256], [36.957422270561615, -1.3227877419015424], [36.95738926992722, -1.32292772928206], [36.95739427006276, -1.3230267203487431], [36.95737326968597, -1.3231977049284704], [36.95728026782148, -1.3233586904343244], [36.95717126562182, -1.3235036773890003], [36.9569632613966, -1.32369566013638], [36.95675125714476, -1.3240576275479714], [36.956673255591106, -1.3242236125977394], [36.9564612512818, -1.3244105957974552], [36.95630024797956, -1.3244625911598056], [36.95616524520484, -1.3244885888590656], [36.95607224325497, -1.324389597821795], [36.955890239458206, -1.3242546100620043], [36.95570923572327, -1.3242446110245063], [36.95555923264255, -1.324280607826611], [36.955470230831615, -1.324353601270339], [36.95538822914591, -1.3243685999444004], [36.95507522280741, -1.3247175685625197], [36.95463721401892, -1.325453502307655], [36.954153204205504, -1.3259564570889435], [36.95387319847241, -1.3260774462658649], [36.95367919450059, -1.326162438662013], [36.953428189323276, -1.3261554393773005], [36.95326918603816, -1.326134441325024], [36.95308918234081, -1.3261764375959273], [36.952768175785984, -1.3263694202907945], [36.95240516841552, -1.326715389196196], [36.952231164889525, -1.326902372383317], [36.95218216390889, -1.3269923642799253], [36.952106162358966, -1.3270443596139432], [36.951985159867505, -1.327054358752111], [36.95188515779229, -1.3270133624844949], [36.95173315460926, -1.326864375977962], [36.95158515147915, -1.3266253975897946], [36.95142614817126, -1.3265354057626144], [36.95127414503502, -1.3265284064448584], [36.95107714096998, -1.3265184074128031], [36.95090213737519, -1.3265594037722874], [36.95074713423304, -1.326722389118455], [36.950539130004984, -1.3269063725875938], [36.950294124991956, -1.3270233621138143], [36.950017119298735, -1.3270783572443263], [36.949789114601295, -1.3270893563281063], [36.94964811167142, -1.3270203626002834], [36.949509108806375, -1.327023362376041], [36.94941610690698, -1.3270783574450957], [36.94938710633998, -1.327172348974177], [36.94938010622292, -1.3272553414883774], [36.949311104817404, -1.3273073368199981], [36.94927610412178, -1.3273863297044495], [36.94925910382354, -1.3275453153653176], [36.94926210393311, -1.3276903022825506], [36.94919310257865, -1.3278972836302192], [36.94910910090032, -1.3280602689525336], [36.948905096766886, -1.328281249082233], [36.94870809275401, -1.3284302357053819], [36.9485560896381, -1.3284852307941573], [36.94839308629898, -1.3285512248942204], [36.94829308427693, -1.3286722140110727], [36.948172081804806, -1.328741207826326], [36.94808608004639, -1.3287862037952893], [36.94803707903015, -1.3287682054355632], [36.94800307833046, -1.3287722050861215], [36.947985077968134, -1.3287992026562265], [36.947937076985376, -1.328820200777631], [36.94790907640573, -1.3288132014184875], [36.947871075628086, -1.328831199807314], [36.94782607471607, -1.3288791954917996], [36.94777507366783, -1.3288891946066914], [36.947730072726465, -1.3288481983207294], [36.94767307155479, -1.3288591973473134], [36.94751106823757, -1.32892919108624], [36.94740806613852, -1.329004184354215], [36.947311064167096, -1.3290911765375635], [36.9472620631871, -1.3291831682537232], [36.94728906377219, -1.329269160485805], [36.947273063472615, -1.3293611521909134], [36.94723006262521, -1.3294801414691302], [36.94723506275664, -1.3295661337085567], [36.947203062128814, -1.3296631249679625], [36.947127060590454, -1.3297501171442638], [36.947046058923554, -1.3297601162691142], [36.946895055799516, -1.3297281192067112], [36.946814054113155, -1.3296791236546293], [36.94671205190326, -1.3293551529198964], [36.94655504854504, -1.328988186082991], [36.94638804497172, -1.3285942216852995], [36.946253042113334, -1.3283672422101034], [36.94616604032142, -1.3283732416979317], [36.946096038909985, -1.32847023297005], [36.94602003740519, -1.3286592159440895], [36.945941035810215, -1.3287622066779456], [36.94565803001379, -1.3288801961267436], [36.94343998436125, -1.3291301743139396], [36.942494965117326, -1.3298651083192987], [36.94186495242064, -1.3307570280548242], [36.94205693906595, -1.3328357344323942], [36.94217996004305, -1.3341677202067586], [36.93724385926945, -1.3372244460567118], [36.93661384639108, -1.337566415412558], [36.93608883569494, -1.3379593801318512], [36.9346718067519, -1.3387993048217772], [36.92716534521833, -1.3456275162300977], [36.920766524189716, -1.351448168174164], [36.920326415224885, -1.3517846309626051], [36.92032207313393, -1.3517804583406143], [36.92032207314202, -1.3518046051616486], [36.920318643070146, -1.3518013074603807], [36.920291681520936, -1.351821919609602], [36.920284426369, -1.3518149952369483], [36.92028492837894, -1.3518136213607264], [36.920284238364516, -1.3518129634203657], [36.92028341434718, -1.3518121764916788], [36.920276375199784, -1.3518054581002925], [36.920254895749885, -1.351784958957267], [36.920060247672865, -1.3515991907865554], [36.919860278484485, -1.3514083450756342], [36.919776205723515, -1.3513281073445624], [36.919283004393236, -1.3508574059862828], [36.9191158048911, -1.350697833442214], [36.91800295458195, -1.3496357526567777], [36.9179681428469, -1.3495849962486273], [36.917880478996004, -1.3494571798117048], [36.91770762734653, -1.3492051566114636], [36.91770511229364, -1.3492022388756209], [36.9177024602376, -1.3491983722254592], [36.91761864147622, -1.3491011340280332], [36.91752517351205, -1.3489927028439064], [36.9174486218895, -1.348862187646786], [36.91744531982018, -1.3488585829731372], [36.91744345478067, -1.34885540326069], [36.917351864857956, -1.3487554173138419], [36.91727961134133, -1.348676541455557], [36.91726252598269, -1.3486578891444707], [36.91723802246835, -1.3486311395664967], [36.917019612860386, -1.3483232364237097], [36.916991504265006, -1.348276326666084], [36.91688060991579, -1.348091257403018], [36.91676655651199, -1.3479378552836176], [36.91657060338216, -1.3476742951317537], [36.91656618728913, -1.3476685206543517], [36.91656543627332, -1.3476675107457383], [36.91646187409193, -1.3475320979994663], [36.91635195177657, -1.3473883700056577], [36.91629717362276, -1.347316745487005], [36.91600359143252, -1.3469133639844733], [36.915787617867586, -1.3465835508173418], [36.915783586782425, -1.346577394374148], [36.91574258591599, -1.3465153999819133], [36.91573836982715, -1.3465097334946123], [36.91566477327611, -1.3464108184447845], [36.9154345794247, -1.3461014374386828], [36.91527657608795, -1.3458684585141314], [36.91526207778088, -1.3458445916725483], [36.915194574351446, -1.3457334707219957], [36.915058571483044, -1.3455444878201146], [36.91499700118282, -1.3454536820343737], [36.914898568104064, -1.345308509166704], [36.914894045008715, -1.3453026756946427], [36.91489340099524, -1.345301724780672], [36.914762398236704, -1.3451327400725364], [36.91473983976398, -1.345110757063751], [36.91469934091557, -1.3450712926382755], [36.91464439576426, -1.3450177504880014], [36.91452864834749, -1.344929984446334], [36.914509559928966, -1.3448555501689818], [36.91441855799657, -1.344689565176641], [36.91423455398388, -1.3440376240634393], [36.91421844354131, -1.3437065059454496], [36.91421655348941, -1.3436676574513453], [36.914171552521886, -1.3435496681126518], [36.914166386413086, -1.3435428887261571], [36.913838546507435, -1.3431127066517667], [36.91344186314104, -1.3425599236625843], [36.913269533506416, -1.342319779388595], [36.91269652142897, -1.3415448495022388], [36.91175950165697, -1.3402099702603216], [36.91096848498057, -1.339127068232647], [36.910247161770315, -1.3381294844824416], [36.90981746070938, -1.3375352122448507], [36.909097445532765, -1.3365573007175944], [36.90862343553912, -1.335906359606746], [36.90793242096989, -1.3349554456324124], [36.90732040806415, -1.3341065224289144], [36.90662339336611, -1.3331396098982022], [36.90636138784495, -1.3327876417406443], [36.905207922521576, -1.331186339595337], [36.9052076205153, -1.3311863095980532], [36.905205708475016, -1.3311836558381582], [36.90520517546373, -1.3311829149051213], [36.90520536346758, -1.3311827869166841], [36.9050417910168, -1.330950924889674], [36.904975390615974, -1.3308568024034988], [36.90492925264262, -1.3307914033190502], [36.90489791498139, -1.3307469823371736], [36.904879897601305, -1.3307214426472775], [36.90486535629457, -1.3307008305118035], [36.90483931474488, -1.3306630669274622], [36.9047607100858, -1.3305490752378584], [36.90468142141224, -1.3304340936377843], [36.90463275038489, -1.3303635130217248], [36.904594313573526, -1.330307773063329], [36.904572351110005, -1.330275922944065], [36.90449844455005, -1.3301687466380951], [36.90443334617602, -1.330074342176736], [36.90435174945374, -1.3299560138793867], [36.904345013311534, -1.3299462447629764], [36.90430814253333, -1.3298927765990878], [36.904275475843804, -1.329845403883757], [36.90411034035826, -1.3296059295437916], [36.901548286336855, -1.3260592503653958], [36.901182278619544, -1.3255522962218171], [36.90064026719218, -1.3248043638758864], [36.90054926527345, -1.32467837527207], [36.9003662614084, -1.3244053999588792], [36.899974253120114, -1.3237924553846525], [36.89964824622422, -1.3232735023089115], [36.89964658918967, -1.3232723064174257], [36.8996430791154, -1.323266717922723], [36.89957107761291, -1.3232147226373152], [36.899567767543545, -1.3232114129368944]]]}}, {"type": "Feature", "properties": {"county": "NAIROBI", "subcounty": "Makadara  Sub County", "ward_count": 4}, "geometry": {"type": "Polygon", "coordinates": [[[36.88690180794607, -1.2977220262903364], [36.886905602025756, -1.2977265168841028], [36.88695080897574, -1.2977800210437365], [36.886972249430414, -1.297818262587656], [36.88698780976044, -1.2978460150795337], [36.88699846799171, -1.2978813638878945], [36.88702881065015, -1.2979820028013003], [36.88707381162656, -1.2981309893491946], [36.88714081318257, -1.2986709406281918], [36.88714364426251, -1.2987376926067935], [36.887152813521205, -1.298953915102291], [36.88715952568624, -1.299036392661257], [36.887197814627605, -1.2995068652157589], [36.887262816083634, -1.29986383299862], [36.88731581727223, -1.3001588063768768], [36.88732348744117, -1.3001919433856328], [36.88732534148207, -1.300199955662328], [36.88732525848028, -1.3002000096574895], [36.88739626104479, -1.3005089537696317], [36.8874128984088, -1.3005731599732988], [36.88742626470115, -1.3006247423164625], [36.887446263138706, -1.3007019193491496], [36.887536267116865, -1.301077851413014], [36.887546626335535, -1.3010932070246746], [36.88756526872913, -1.3011208435259172], [36.88773427647631, -1.301927697697287], [36.88775383790948, -1.3020193374254456], [36.88776927725141, -1.3020916688965345], [36.88778227853958, -1.302153657301248], [36.88790928330104, -1.3025905788517016], [36.88797935281882, -1.3028137297016862], [36.88806029057202, -1.3030714914263577], [36.88807729094021, -1.303125481551167], [36.88810429252542, -1.303212466696592], [36.8881502945204, -1.30335444087614], [36.888150333521246, -1.3033545628651342], [36.888266299030455, -1.3037153752834914], [36.88829530065814, -1.3038063590677107], [36.88836436114389, -1.3039945780684579], [36.88836830322875, -1.3040053230980095], [36.888371304293244, -1.3040133213755651], [36.888544311016226, -1.3044882364834167], [36.888627328800816, -1.3047099624572862], [36.88875432053067, -1.305049134823456], [36.88877386295018, -1.305099461277844], [36.88878732223905, -1.3051341191473387], [36.888810318731174, -1.3051885752280084], [36.88884432445882, -1.3052690949542296], [36.88890032665504, -1.3053950725730965], [36.88902118924448, -1.3056910788345175], [36.88904933284748, -1.3057600066082065], [36.88910344799915, -1.3058684758068222], [36.889255342231614, -1.306172932295728], [36.889299114169496, -1.3062803495925783], [36.88921485847114, -1.3064042424454343], [36.88918585789218, -1.306464237043571], [36.8891438570563, -1.306559228489391], [36.88909985616459, -1.3066092239943192], [36.88896285338571, -1.306757210691222], [36.88884385097854, -1.3069061972920113], [36.88871984846781, -1.3070541839847216], [36.88868484778086, -1.3071631741654766], [36.888596845991394, -1.3072441668889523], [36.88840284198549, -1.3072351677644574], [36.88815783690374, -1.3071531752404875], [36.88801583396497, -1.3071261777222503], [36.8875158235995, -1.306976191414977], [36.88738282087331, -1.3070321864080663], [36.887259818302596, -1.3069311955576017], [36.887015813308395, -1.3070561843641093], [36.886863810237095, -1.3072571662858834], [36.886860810214934, -1.307380155193598], [36.88685881020929, -1.3074901452733418], [36.886809809275945, -1.307730123643942], [36.8867938089704, -1.30780611679475], [36.88668380674303, -1.3079371050160256], [36.886683733741535, -1.3079371490120846], [36.886572804474056, -1.3080030990999283], [36.88650680312479, -1.3080420956042442], [36.886234797521716, -1.3080710930781547], [36.885960791908694, -1.3081970818043327], [36.88588296630719, -1.3082103676315986], [36.8856327851587, -1.3082530768614626], [36.885482782076835, -1.308294073213011], [36.88519477615027, -1.3083440687982626], [36.88494077094896, -1.3084670577883883], [36.88436675923426, -1.3088670219011438], [36.884181464455295, -1.3090041385943993], [36.88408975358486, -1.3090720035032974], [36.88394375061495, -1.3092039916462295], [36.883849748700584, -1.3092819846423827], [36.88370974583217, -1.3093449790064378], [36.88360974379385, -1.3094229720044763], [36.88358074322989, -1.3095289624539181], [36.8834077397051, -1.309667949974354], [36.88323073608156, -1.3097569420056616], [36.8829847310559, -1.309912928016965], [36.88257572264108, -1.309989921206922], [36.88239471892462, -1.3100469161256674], [36.88226371631125, -1.3103238911860533], [36.88205971213829, -1.3104368810617246], [36.881789706581934, -1.310483876911666], [36.881779483371595, -1.3104856127584283], [36.881736705491235, -1.3104928761174401], [36.881602702729666, -1.3105038751694067], [36.88148970039102, -1.3104828771006582], [36.881444478463585, -1.3105005525212956], [36.88137969813503, -1.3105258732587006], [36.88130554260993, -1.3105416368612415], [36.88128088210276, -1.3105468793964845], [36.881252695523145, -1.3105528708653977], [36.88115169343861, -1.3105518709888566], [36.881117811739244, -1.3105511010694866], [36.88106369162203, -1.3105498711982309], [36.88106361462042, -1.3105498412009593], [36.88064968302602, -1.3103868860355894], [36.88037167728182, -1.3103638882014639], [36.88028167543362, -1.3103918857057857], [36.88020367383183, -1.3104158835668516], [36.880132672394666, -1.3105018758338953], [36.8800946716189, -1.310527873501487], [36.88003467039398, -1.3105688698234685], [36.87994266848545, -1.3105378726496701], [36.879835178249095, -1.310481431775882], [36.87961642169762, -1.3103665672084823], [36.879584661036844, -1.3103498897232584], [36.87936827757663, -1.3103651514179568], [36.87934365606912, -1.3103668882693704], [36.87933769794595, -1.3103663343213396], [36.879171652514515, -1.310350889769049], [36.87900064896107, -1.3102748966797872], [36.878681642356064, -1.3102069029176742], [36.87863264134168, -1.3101969038356736], [36.87847063801353, -1.3102428997402773], [36.87824363334992, -1.3103068940429423], [36.878162631689676, -1.3103418909129443], [36.8778396250702, -1.3104838782124149], [36.8775766196811, -1.3106018676566515], [36.87734761499716, -1.3107308560976336], [36.87733261469151, -1.3107428550203146], [36.8773316146712, -1.3107438549304486], [36.87725561312198, -1.3108028496342916], [36.87713161059448, -1.3108998409267754], [36.87707260940946, -1.3109998319271718], [36.87707160938948, -1.3110018317471095], [36.8770126082047, -1.3111028226574828], [36.87692860651006, -1.311222811862368], [36.87682960448625, -1.3112818065737846], [36.87672660238112, -1.3113448009257365], [36.876585599496636, -1.3114227939373604], [36.87642559622372, -1.311511785963269], [36.876304593763706, -1.3116257757214276], [36.876184456321084, -1.3117386915762514], [36.876154590713895, -1.3117667630541157], [36.87593558626164, -1.3119737444569575], [36.87589958552915, -1.3120057415827262], [36.87588098815068, -1.312022224102196], [36.87585558463379, -1.3120447380798486], [36.87585555963324, -1.3120446470880562], [36.87582980910912, -1.3120673550483428], [36.87575778564352, -1.3121308663434974], [36.87566678277595, -1.3121628614875789], [36.875503775406536, -1.312145864074476], [36.875503600402844, -1.3121459330683158], [36.87539977127357, -1.3121868574111706], [36.87534876923109, -1.3122178516324423], [36.87531585455852, -1.3122383587935949], [36.87528357289886, -1.3122587189677855], [36.875246614143606, -1.3122814989251919], [36.8752105784072, -1.3123037069340133], [36.87506856848631, -1.3123337122743202], [36.87497056647456, -1.3123667093304272], [36.87488256466823, -1.312396706653737], [36.87476756231185, -1.3124487020017255], [36.8745665581934, -1.3125396938607798], [36.87456647219164, -1.3125397898520688], [36.87456654319318, -1.312540008832312], [36.87449379471805, -1.312620742574372], [36.87446673316941, -1.312650773874435], [36.87447473336306, -1.3127387579358702], [36.874458041025854, -1.312761009934259], [36.874441731696315, -1.3127827499786566], [36.87438972962247, -1.312780750176201], [36.87434172763123, -1.3127787513723357], [36.874320727200164, -1.312785749748067], [36.87428272541556, -1.3127847498507972], [36.874266725085384, -1.3127847498560745], [36.8742666690842, -1.312784671863033], [36.87426655208177, -1.3127846718630714], [36.87420762383875, -1.312701782359068], [36.874207550837205, -1.3127016793683732], [36.87412954923206, -1.3127156781314413], [36.874118346003016, -1.3127223995289017], [36.874109548823164, -1.312727677055772], [36.8740882183871, -1.3127400929428785], [36.87401136481556, -1.3127848299330913], [36.873896544467755, -1.3128516659424099], [36.87394954558821, -1.3129336585293687], [36.87386561087551, -1.312993605149959], [36.87386554387414, -1.3129936531456559], [36.87380364557471, -1.3129257722887946], [36.87380354257254, -1.3129256592990106], [36.87376654181834, -1.3129546566957024], [36.87375154150845, -1.3129536567908469], [36.87369954043438, -1.312950657078589], [36.87363257506574, -1.3129917673926281], [36.87342768587832, -1.3131175491149423], [36.87342753487522, -1.3131176421065232], [36.87337553381252, -1.3131496392376645], [36.873340533097306, -1.3131716372649824], [36.87330453235885, -1.3131856360142002], [36.8732475671908, -1.3132086189599206], [36.87324753119007, -1.313208633958581], [36.8731675795277, -1.3131706614100773], [36.873167529526654, -1.3131706374122558], [36.87316243042113, -1.3131696375041344], [36.873149651156595, -1.3131671327342471], [36.87311652847094, -1.3131606383309553], [36.873011412294815, -1.3131396172617382], [36.87299664598913, -1.3131366645328741], [36.87299652598664, -1.3131366405351652], [36.872947096972865, -1.3131560438012513], [36.8728615232178, -1.3131896357995732], [36.87283940576406, -1.3131980910443009], [36.872827522520296, -1.3132026346383292], [36.872710529120816, -1.3132486265285315], [36.872584653508206, -1.3132026797144019], [36.87258451750529, -1.3132026347185015], [36.87237951321767, -1.3130276505693719], [36.87230368062135, -1.3129310913038406], [36.87213454806095, -1.312715729784801], [36.872134508060014, -1.3127156787894092], [36.872126220888084, -1.312712544074894], [36.872060506523816, -1.3126876813391153], [36.871875831689536, -1.3126167258000347], [36.87184450203914, -1.3126046888960483], [36.87174309994676, -1.3126057848306405], [36.87147449440432, -1.3126086886573696], [36.87137492734975, -1.3126094156246062], [36.87133749157719, -1.3126096886123517], [36.87132849139084, -1.312607688795711], [36.87132180025215, -1.3126058639624507], [36.871306490934906, -1.3126016893440493], [36.87123681749058, -1.3125818821536328], [36.87120448882031, -1.3125726919931724], [36.87106548595978, -1.3125976897843032], [36.870965519910015, -1.3126386711208782], [36.870965483909266, -1.3126386861195383], [36.870925483063345, -1.3125756918145888], [36.87094148336422, -1.3124856999263514], [36.87094148134187, -1.3124167151486545], [36.87087448193832, -1.3123527119436003], [36.87084471531901, -1.31233725834725], [36.87082248085633, -1.3123257143958336], [36.870778678944944, -1.3123028294744017], [36.87071147854671, -1.3122677196633863], [36.8707044784009, -1.3122637200264737], [36.870459473299455, -1.312124732643446], [36.87041947246676, -1.3121027346408292], [36.87023846872403, -1.3120807366845995], [36.87019138675054, -1.3120750962089391], [36.87014854086463, -1.312069962686021], [36.87002146423714, -1.3120547391011017], [36.86991755308848, -1.3120419122922062], [36.86985946088724, -1.3120347409582147], [36.86978545936812, -1.3120597387279178], [36.86957645507776, -1.3121307323934341], [36.869559754735654, -1.3121387476760291], [36.869551454565666, -1.3121427313194285], [36.86942433996159, -1.3122023319855087], [36.86919744731355, -1.3123087164647926], [36.86900444332277, -1.312285718602717], [36.868969442601426, -1.3122887183436718], [36.86891513348217, -1.3122934919310547], [36.86887844072593, -1.3122967176522038], [36.868747512027596, -1.3123084416378992], [36.868744437964246, -1.3123087166141338], [36.868544357840435, -1.3123257251459735], [36.868497432873305, -1.3123297148015662], [36.868395430771066, -1.3123387140235319], [36.86839410774385, -1.312339044994143], [36.868391430688774, -1.3123397139346555], [36.86819799870627, -1.3123691123468308], [36.86814142554151, -1.312377710589864], [36.86808242432666, -1.3123867097977429], [36.867992233473835, -1.3124128494697156], [36.86794442149152, -1.3124267062356405], [36.86793802436008, -1.3124284830774544], [36.86792646112253, -1.3124318177805867], [36.86776035571386, -1.3124917554291768], [36.867704188561206, -1.3125120226196576], [36.867580536023674, -1.3125566416359138], [36.86753521209363, -1.3125729961757588], [36.86749144319538, -1.3125887897656403], [36.867383139972866, -1.3126279272713302], [36.86730938945944, -1.3126545778918433], [36.867309408459874, -1.3126546858821055], [36.8673085654425, -1.3126549878551714], [36.867273503722984, -1.3126675457339416], [36.86724240708482, -1.31267868373971], [36.86714040502065, -1.3128046724095561], [36.86714022301714, -1.3128054983350999], [36.86708840402406, -1.313040651142214], [36.86695640132114, -1.3131066452333515], [36.866795171019724, -1.3131872520159935], [36.866748397061926, -1.313210635922254], [36.866729166665436, -1.3132116068411044], [36.866649395020325, -1.3132156355040276], [36.86649447182524, -1.3132229348967388], [36.86645863108613, -1.313224623756284], [36.86645839108115, -1.313224634755372], [36.86645639103924, -1.313222634936421], [36.866273387244334, -1.313167639957133], [36.86603738238971, -1.3132176355255238], [36.865814377866776, -1.3134626265017697], [36.86545736558163, -1.3137185885326932], [36.86552436601155, -1.3138635694337752], [36.865524369029814, -1.3139195563838522], [36.86551016274037, -1.313931211337288], [36.865279365038575, -1.3141205543353522], [36.86502236171956, -1.3140755584786872], [36.86498336091101, -1.3140645594836144], [36.86493220685036, -1.3140494478635134], [36.864895359086276, -1.3140385618575472], [36.86479689504488, -1.314010302439018], [36.864787356847145, -1.3140075646890532], [36.86478732984657, -1.314007538691405], [36.86467435448459, -1.3139145731139197], [36.864630353515004, -1.313725590174055], [36.86453835158269, -1.3136225994938169], [36.86446335000742, -1.3135386070943555], [36.86446331800676, -1.313538619093285], [36.8642933455181, -1.3135985997393242], [36.86429331351745, -1.3135986137380737], [36.864291859487665, -1.313599405667101], [36.864256345761, -1.3136185999475554], [36.864128343141836, -1.313688593676722], [36.86411695690902, -1.3136952350813766], [36.86411634289641, -1.3136955930493215], [36.863969339906895, -1.3138325807420044], [36.86389174432851, -1.313903834340827], [36.86387133791341, -1.313922572657383], [36.8638483544461, -1.313944070725922], [36.863840337283015, -1.313951570052154], [36.86354633127926, -1.314149552291934], [36.86347232976817, -1.3141995478069028], [36.863440329114525, -1.3142205459235587], [36.86340103830907, -1.314237338421872], [36.862937318802516, -1.3144355266991246], [36.862933716728904, -1.3144379004861364], [36.862845428925574, -1.3144960842673272], [36.862789479803276, -1.3145959672766958], [36.8627158263259, -1.314727456441175], [36.86271224725459, -1.3147354057253047], [36.862653244123315, -1.3150013577567454], [36.86259324196078, -1.315234315764462], [36.86241423532072, -1.3154022856732537], [36.86237523354541, -1.315493269479641], [36.862323231547236, -1.3157242276650503], [36.86224622797158, -1.315766220902834], [36.86213422367477, -1.315812211791584], [36.86198821770191, -1.315937189567219], [36.861863212151704, -1.3160291733118206], [36.86176511913793, -1.3160623553513058], [36.86173229446396, -1.316073379367754], [36.861635292472315, -1.3161053765138346], [36.861375287135715, -1.3161973683023458], [36.86085427644226, -1.316382351789609], [36.86059027100288, -1.3164123491712136], [36.86037926664404, -1.3164013502330356], [36.86012426136112, -1.3163413557286991], [36.859896256649755, -1.3163253572471103], [36.859673252055636, -1.316352354885747], [36.8594352471431, -1.3163523549644323], [36.859217242653756, -1.316384352150445], [36.85905223927373, -1.3164633450800425], [36.85888423584311, -1.316577334854077], [36.8586232305248, -1.3167893158202872], [36.8584552270923, -1.3168973061354923], [36.858254222961286, -1.316952301241597], [36.85808621949358, -1.316952301297163], [36.85793921645017, -1.316924303871065], [36.85773921228667, -1.3168163136775497], [36.857527207857615, -1.3166533284484254], [36.85727220251091, -1.316398351530841], [36.8570381975962, -1.3161383750571203], [36.856854193725496, -1.3159153952297988], [36.85685413272421, -1.3159153532336925], [36.85662618896812, -1.315758409464702], [36.85646318558196, -1.3156924154709975], [36.85631718256663, -1.3156874159701175], [36.85598617575017, -1.3157364116603507], [36.85575517099815, -1.3157864072272638], [36.855697169800905, -1.3157864072464291], [36.85561216803884, -1.31576340934888], [36.85555016675776, -1.315759409730052], [36.855475165201476, -1.3157344120094951], [36.8554301642726, -1.3157344120243641], [36.85534216245999, -1.315746410971207], [36.855247160512626, -1.315788407214737], [36.85516815889268, -1.3158214042646323], [36.855015155758814, -1.3158963975512092], [36.854841152179105, -1.3159333942717264], [36.85469514917878, -1.3159743906223074], [36.85458314687236, -1.3159913891261201], [36.85447737269188, -1.3160001943669026], [36.85446490243484, -1.3160012332773163], [36.85446490543481, -1.3160011832818206], [36.854464781432235, -1.3160011962806901], [36.85446243838393, -1.316001438259659], [36.85448014467198, -1.3157634097229192], [36.854480776683005, -1.3157570302980217], [36.85455117490489, -1.3150465543562435], [36.85455514597381, -1.315006477969676], [36.85461814716885, -1.3146825071693595], [36.854812151131554, -1.3145535187393584], [36.85482109631302, -1.3145439545989583], [36.8549131531813, -1.3144455284461032], [36.85506215621242, -1.3143085407524941], [36.85508515667478, -1.3142705441719498], [36.854979154426914, -1.3140865608011743], [36.85495457787471, -1.313948401270512], [36.85493415341578, -1.3138335836331414], [36.85492836227393, -1.3137650658149727], [36.854928150268826, -1.3137625900384045], [36.85491715300151, -1.3136386012250436], [36.85491618196379, -1.3135842031317748], [36.85491415288501, -1.3134706163772987], [36.85493299225548, -1.313414105467966], [36.854971154005966, -1.3132996317802321], [36.85497686511925, -1.3132853560659035], [36.85497915416465, -1.3132796335812513], [36.85503715532746, -1.3131736431218242], [36.85504553449114, -1.3131451576883093], [36.85504715552277, -1.313139646184866], [36.85504733252632, -1.3131392852173347], [36.85523707531519, -1.3127458366412685], [36.85523715331676, -1.312745678655568], [36.85540816273208, -1.3123927134343447], [36.85561416685145, -1.3119837502521505], [36.855745319473804, -1.3117223037895314], [36.855772170010674, -1.3116687786082897], [36.85613917733839, -1.3109048473884615], [36.85633150618466, -1.3105234507241894], [36.85637818211815, -1.3104308900571489], [36.85643118317805, -1.3103258995089606], [36.85647528705984, -1.3102377024491125], [36.856494184437615, -1.3101999108514681], [36.85670018855725, -1.3097909476687974], [36.85670032456004, -1.30979085567713], [36.85670050056357, -1.309790505708608], [36.85674985154692, -1.3096815475194665], [36.85675162255753, -1.3096012887575843], [36.85673954628107, -1.3095174033273134], [36.85671819280964, -1.3094229798506372], [36.8567181518088, -1.3094227538710124], [36.856696188303005, -1.309260995467415], [36.85665718740564, -1.3089760211825117], [36.8565391896914, -1.3081150978688065], [36.8565391806911, -1.308115039874035], [36.856482183380656, -1.3077011362229816], [36.85647718326551, -1.3076641395613247], [36.85645118266679, -1.3074721568848482], [36.85630017918836, -1.3063542577575762], [36.85626917846122, -1.3060842821166192], [36.856260178250196, -1.3060062891536353], [36.85621053808315, -1.3055652339483461], [36.85618117639279, -1.3053043524865446], [36.85615017566509, -1.305032377025752], [36.85610643865844, -1.304710635057489], [36.85595417115403, -1.303590507129238], [36.85593217064762, -1.3034285217454868], [36.85592717053286, -1.3033925249936154], [36.85586020199454, -1.3029087936419057], [36.855860170993815, -1.302908568662187], [36.85575016647027, -1.302123639488301], [36.85573055701949, -1.3019808593715279], [36.85571116557374, -1.3018396651115998], [36.855690711103456, -1.301690418578251], [36.855674164723, -1.301569689471787], [36.855644276034674, -1.3013479594785167], [36.855553258938635, -1.300672745402835], [36.85555316193664, -1.3006727704005256], [36.85553116143205, -1.3005157845655924], [36.855501388746774, -1.3002961813803011], [36.8554871044181, -1.300190820886893], [36.85548691541419, -1.3001908428848843], [36.85550093873684, -1.3002940135758618], [36.85544038649075, -1.3003059375202832], [36.85543493537857, -1.3003070114253024], [36.85523933534836, -1.3003296734453251], [36.85489991335488, -1.3003690000094739], [36.85467190465995, -1.3004049938378826], [36.85446296536231, -1.300452204648415], [36.854348891015974, -1.3004779813610023], [36.853754866777024, -1.3005489681530933], [36.852749825075385, -1.3006869440380093], [36.8524161141998, -1.3007274084978044], [36.852312807071314, -1.3007399354017866], [36.85229016960505, -1.3007428551458402], [36.852250803794014, -1.3007479337007566], [36.85154669829035, -1.3008434383177216], [36.85113775786674, -1.3008989074488317], [36.85070473994642, -1.3009558974506947], [36.850672893290444, -1.3009602250708185], [36.85060173582465, -1.30096989422206], [36.84988886614104, -1.301069405480583], [36.849541691990005, -1.3011178682234528], [36.849269267378276, -1.3011548569767035], [36.84897466830967, -1.301194855465667], [36.8486429934756, -1.3012344350045855], [36.848019991638786, -1.30130873550746], [36.84794860616782, -1.3013171807692359], [36.84753401762516, -1.301366227481372], [36.84742002927637, -1.3013797133024676], [36.84724166459761, -1.301390085425325], [36.84722694529406, -1.3013909413530151], [36.846955984705495, -1.3014067030200842], [36.84695595070479, -1.3014067030200953], [36.84642398271727, -1.3013887108165496], [36.84604397185341, -1.3013297202606988], [36.845779960384206, -1.3012707196678368], [36.84549195441447, -1.3011957265250707], [36.84533542516511, -1.3011398856121166], [36.845093946152296, -1.3010537394599033], [36.844967289519886, -1.3009987374614986], [36.844819940457384, -1.3009347502802124], [36.84457993546058, -1.30080376217147], [36.84425592871059, -1.3006137794104196], [36.8440009243861, -1.3004267953563353], [36.84400090338558, -1.3004267773579639], [36.8436949409757, -1.3001358466945998], [36.843694916975195, -1.3001358226967694], [36.8435899147657, -1.3000058344536278], [36.843409910986225, -1.2998088522766267], [36.84321901696362, -1.2995546522630101], [36.84319592347702, -1.2995238980440367], [36.84319590847662, -1.2995238770459334], [36.843188906328244, -1.299511879130192], [36.843174258018585, -1.2994892071795499], [36.843042903241454, -1.2992858995570107], [36.843030902988, -1.2992679011840624], [36.842874904684564, -1.2990099214998168], [36.842874887684204, -1.2990098955021647], [36.84279089790754, -1.298876936519939], [36.84278389775952, -1.2988659375141003], [36.84256789318616, -1.2985109695958355], [36.842540975621475, -1.298483058121684], [36.842540900619895, -1.2984829631302672], [36.84252521028775, -1.2984575284291253], [36.84216988476714, -1.2978810265339684], [36.8421457722571, -1.2978430079703938], [36.84214388421719, -1.2978400302395614], [36.84169795378055, -1.2971219101447122], [36.84163286540322, -1.2970170976178705], [36.84161887310634, -1.2969921068760508], [36.84126786566966, -1.2963991604617437], [36.84096786233157, -1.2959482062257177], [36.84085085685542, -1.2957592183064026], [36.84067185306761, -1.2954712443336611], [36.840502879480525, -1.2951634901411866], [36.84039907927701, -1.2949744152253582], [36.840338411989094, -1.2948639422072807], [36.840290812978715, -1.2947772820374885], [36.8399888735858, -1.2942797690000378], [36.83990183874303, -1.2941363639601022], [36.839901813742514, -1.2941363279633535], [36.83948680400496, -1.2936064258830229], [36.83912881042538, -1.2930164691993706], [36.838864805840835, -1.2925975060653712], [36.83886396082296, -1.2925961101914927], [36.83857342666941, -1.292110042117172], [36.838546817105744, -1.2920655231403584], [36.83853299681296, -1.2920418812767482], [36.83852328660717, -1.2920252697778003], [36.83852325560652, -1.2920252167825852], [36.83861380947811, -1.2920315551817276], [36.83869177308979, -1.2920381515615338], [36.83874482818651, -1.2920426061426458], [36.83876305656481, -1.2920484226122684], [36.8388382791254, -1.2920724274231723], [36.83892781596635, -1.2920485535469424], [36.839063246736075, -1.291966431908401], [36.83942725718015, -1.2917438978574682], [36.83948984346007, -1.2917056362873602], [36.83957607820697, -1.2916007937136231], [36.83960382976003, -1.2915385993130175], [36.839604199767635, -1.2915386733061431], [36.83960684582038, -1.2915326518483057], [36.8396188460592, -1.2915046543690818], [36.840676867985636, -1.2917656304924097], [36.84098987446137, -1.2918086265137123], [36.84139734793853, -1.2920115150859204], [36.84244639167211, -1.2922504711975302], [36.843246425242796, -1.2924204396107388], [36.84338613613752, -1.2924531256179288], [36.844293468936584, -1.2926653951816465], [36.84511111687314, -1.2928436338431881], [36.84543551659268, -1.2929143493609256], [36.84583353284058, -1.293012331395864], [36.84611254462218, -1.2930803191743236], [36.84689659786104, -1.2932466319220803], [36.84742759885885, -1.2933592685921733], [36.84855255216007, -1.2936048560800553], [36.84886565964552, -1.293673210814256], [36.84949419666736, -1.2938200773657655], [36.85001951255061, -1.2939428251257261], [36.85017071368321, -1.2939781548906604], [36.85095224987007, -1.2941467424335422], [36.8514777677544, -1.2942601030398717], [36.85180624455643, -1.2943271908831695], [36.851813781708785, -1.29431709279133], [36.85217811025318, -1.294391629951174], [36.85217874626631, -1.2943917599392554], [36.85218118530737, -1.2943626815607487], [36.85220379768785, -1.2940931328613199], [36.85219180538368, -1.293916284813299], [36.85219179738346, -1.2939161648241122], [36.85219913550718, -1.29382945664108], [36.85220279756896, -1.2937861885418604], [36.85220357958258, -1.2937783642471743], [36.85220644663264, -1.29374970183104], [36.85221379776085, -1.2936762084562254], [36.852295801262564, -1.293079315257139], [36.852296011266574, -1.2930782663516625], [36.85229795730362, -1.2930685382283005], [36.85229880131967, -1.293064318608555], [36.85230355140706, -1.2930308796225047], [36.85230677546636, -1.2930081806684208], [36.852322801761076, -1.2928953488383876], [36.85241610949477, -1.2922937110631694], [36.852460807325365, -1.2920055090383193], [36.85246074532048, -1.2919945180295611], [36.852459807248486, -1.2918295409072083], [36.85248046663571, -1.2917069669541128], [36.85253580967325, -1.2913786215458198], [36.85253542066516, -1.291378543552973], [36.85254711288418, -1.2913086678504395], [36.852547642895104, -1.2913084678682851], [36.85257881147946, -1.2911236675231157], [36.8525618110417, -1.2908517170525422], [36.852531809376664, -1.2907087429554338], [36.85246402287586, -1.2903906616612038], [36.85239480334338, -1.290065857973542], [36.85236380167027, -1.289961877360374], [36.85223718992104, -1.2895365577554387], [36.85223708991886, -1.2895362207858299], [36.85224449207118, -1.289534782913155], [36.85233078084706, -1.2895180183969288], [36.85244807026092, -1.2894952314137866], [36.85261531570283, -1.2894626962935185], [36.852719155839836, -1.289442496081503], [36.8528227899727, -1.2894223858614473], [36.85288817831838, -1.289409696984534], [36.85309248352295, -1.2893700524934053], [36.853363663096644, -1.289294960177204], [36.85347337135156, -1.28926458188108], [36.85350966409606, -1.2892500361810575], [36.85373653675015, -1.2891591113068759], [36.853941740939746, -1.2890142243059213], [36.85400144915323, -1.28895475264962], [36.85408904293347, -1.288867504489013], [36.85412514461309, -1.2886619060175921], [36.85417503861652, -1.288578758499379], [36.85417509661769, -1.2885786615080987], [36.85425414720749, -1.2884469253620745], [36.854790158110646, -1.2879419707237916], [36.85531287880316, -1.2876368420701192], [36.855530173248056, -1.2875100094371446], [36.85601618327091, -1.2874820118047097], [36.8566441962195, -1.2874370156592447], [36.856830590064206, -1.2874284793687525], [36.85683080606858, -1.2874284693695837], [36.85690620162375, -1.2874250166565395], [36.857241107466706, -1.2872057873176834], [36.85724118246824, -1.2872057373220744], [36.85757174922253, -1.2869893487284243], [36.857571949226624, -1.2869892177401614], [36.85760031180618, -1.2869706524051239], [36.85771002704785, -1.2868988318461951], [36.857710291053266, -1.2868986588617828], [36.85849023398929, -1.2863881096491738], [36.85855542832296, -1.2863502320437477], [36.85866233150969, -1.2862881226100207], [36.8587756718281, -1.28622227251158], [36.858932231030714, -1.2861313136632684], [36.85893689412603, -1.28612860490607], [36.85894079220582, -1.2861263401090315], [36.85894359726317, -1.286124710255054], [36.858965243705974, -1.286112134382132], [36.85906872082203, -1.2860501779357314], [36.859118946849215, -1.2860201066312236], [36.85911996987013, -1.286019493686115], [36.859132247121146, -1.2860121433450775], [36.85934217641458, -1.2858878064894246], [36.85957625620207, -1.2857491669157988], [36.859778580324914, -1.2855821359127073], [36.86007526637072, -1.2853372039039], [36.86068254871724, -1.2847464139829408], [36.86105445427834, -1.2843846094889015], [36.86118428891797, -1.2842583008369124], [36.86118430391827, -1.2842582628404193], [36.861191512061296, -1.2842402434629314], [36.86123228987055, -1.2841383116415348], [36.8612672185637, -1.284050691531485], [36.86128929100164, -1.283995324517057], [36.86128950300604, -1.283995374512574], [36.86129110403925, -1.283995752477917], [36.86145029433679, -1.2840333210388126], [36.86228359951696, -1.2839733041821098], [36.86329300632748, -1.283900604412337], [36.86329343433634, -1.2839005734149915], [36.86356760098872, -1.2838808271071744], [36.86357260609188, -1.283880467137991], [36.86358833841619, -1.283879334235073], [36.86359231249769, -1.283877730378465], [36.86359359552401, -1.2838772124247158], [36.86400282691781, -1.2837120621853242], [36.86430204005495, -1.283591310977732], [36.86430212405667, -1.2835912769807678], [36.86430935320493, -1.2835883602413924], [36.864628243719416, -1.283376978200137], [36.86468904796153, -1.283336672815145], [36.86468907796214, -1.2833366528169368], [36.86492564779495, -1.283179838881485], [36.86492567579552, -1.2831798198831876], [36.86493536599348, -1.2831733974592123], [36.86500254542936, -1.283328717431514], [36.86500354445071, -1.2833310252230097], [36.86509678944364, -1.283546609752391], [36.865096905446144, -1.2835468777282106], [36.86511204975698, -1.2835417241880709], [36.86531509392569, -1.283472700346873], [36.86531889300373, -1.2834714084621275], [36.865377015196955, -1.283451642225881], [36.865511297955116, -1.2834097959561193], [36.865527656291135, -1.2834047114092844], [36.86568472351734, -1.283355900760244], [36.86581617921741, -1.2833150484017637], [36.86581622421835, -1.2833150344030104], [36.865848160874386, -1.2833051142872502], [36.865853795990056, -1.28330336444326], [36.865853769989506, -1.2833033114480432], [36.86575838296118, -1.2831154024236695], [36.86576338300848, -1.2829394182915812], [36.86581029795145, -1.2828595704768544], [36.86590438584245, -1.282699439886408], [36.8659560968812, -1.2826095829726758], [36.865956214883575, -1.2826093779911054], [36.86600738791146, -1.2825204559932257], [36.866096350727574, -1.2824575746348736], [36.86612339027959, -1.2824384633495498], [36.866207896014124, -1.2824084550283457], [36.866208148019325, -1.2824083650363722], [36.866230392475885, -1.2824004667414068], [36.866423396450735, -1.282373469113742], [36.866546992002334, -1.28237584485971], [36.866547517013124, -1.2823758558585496], [36.8665793996713, -1.2823764687929684], [36.866674401632686, -1.2823784685820188], [36.86685840541338, -1.282325473301681], [36.866888823042466, -1.2823295049283054], [36.86688887104346, -1.2823295119276599], [36.86712241087315, -1.2823604700608278], [36.867299114502714, -1.2823057319399536], [36.86737741611094, -1.2822814771018745], [36.867522697096334, -1.282240538746709], [36.86752273609714, -1.2822405277476876], [36.86759742063179, -1.2822194826214246], [36.8677734242811, -1.2822724777858796], [36.8678045089209, -1.2822670092688968], [36.86788142650401, -1.282253479464216], [36.86797542843893, -1.2822374808766297], [36.86800174297589, -1.2822180386213653], [36.868001992981014, -1.2822178536379496], [36.868178432581, -1.2820874943364258], [36.86820835918514, -1.2820450281561588], [36.86832977663632, -1.2818727356537034], [36.868329944639726, -1.28187249667518], [36.86834543595242, -1.2818505156523918], [36.86842732458114, -1.281657211057292], [36.868429299620416, -1.2816525504769847], [36.868442437881754, -1.2816215362694878], [36.8685411388523, -1.2814120361294763], [36.868541316855875, -1.2814116581635595], [36.86867044243389, -1.2811375798370788], [36.86871444330037, -1.2810065916348086], [36.868732898678424, -1.2809973204648426], [36.86873302168085, -1.280997259470298], [36.86892544762153, -1.2809006011246424], [36.86901872752157, -1.2808215862197538], [36.86901883252373, -1.2808214972278267], [36.869154452286246, -1.2807066185432987], [36.869229789827365, -1.280663336422089], [36.86922987982921, -1.2806632854266546], [36.86938245695022, -1.280575630281817], [36.869496890306536, -1.280558885754975], [36.86950545948308, -1.2805576318652734], [36.869639270249394, -1.2805727784563872], [36.86963949225401, -1.2805728034540633], [36.86966446277026, -1.2805756301910958], [36.86997246911532, -1.2805396333380663], [36.870159472965554, -1.2805106358927532], [36.87018812457157, -1.2805574206646693], [36.87021695416234, -1.280544182849177], [36.87023135445605, -1.2805331138426677], [36.87023381950637, -1.2805312330115008], [36.8706232684495, -1.2802341806730015], [36.87065946718779, -1.2802066111473838], [36.870600175817756, -1.279744494837738], [36.870581465385484, -1.2795986659938485], [36.870586419472005, -1.2795491294591848], [36.87059646564755, -1.2794486795141204], [36.87061546597759, -1.2792526971805809], [36.87062589818237, -1.27921923119499], [36.870639466448566, -1.2791757041156113], [36.87071455492601, -1.2789476476563766], [36.87071946802274, -1.2789327260003571], [36.870766322980934, -1.278905396449772], [36.87085147072247, -1.2788557329007644], [36.870993473627124, -1.2787737402487318], [36.871170477247745, -1.278671749388812], [36.87142648242791, -1.2783457787007357], [36.87149748387223, -1.278279784628931], [36.87158648568242, -1.2781957921742628], [36.8717314885997, -1.2779578135871053], [36.871819490340776, -1.2777208349281413], [36.87184449083564, -1.2776538409612626], [36.87185349100426, -1.2775998458271978], [36.87189749182916, -1.2773368695266794], [36.87189649180505, -1.2773258705187975], [36.871887491574086, -1.2771828834153065], [36.871872491184256, -1.2769289063221068], [36.871870491136036, -1.2769069083064248], [36.87181748995247, -1.2766229339302257], [36.8718392363696, -1.2765226699643126], [36.87185349064303, -1.2764569488860698], [36.871854785667836, -1.2764507974402834], [36.87185749071956, -1.2764379505978556], [36.871930557185664, -1.2763056695025645], [36.87198949336823, -1.2761989721049185], [36.871990195382175, -1.2761970672764773], [36.87199649350665, -1.2761799738157398], [36.872280499273984, -1.2758830005035895], [36.87230812583307, -1.275848133638815], [36.87250550382772, -1.2755990260382024], [36.872554504800725, -1.2754780369323158], [36.87259850566963, -1.2753540480986234], [36.872599946689846, -1.275323781827324], [36.872601505711735, -1.2752910537780324], [36.872604503731004, -1.275156137942672], [36.872604505731026, -1.2751560659492458], [36.87255850474069, -1.2750260776852929], [36.872557880726816, -1.2750231119528515], [36.872554504652086, -1.2750070793996278], [36.872531504159795, -1.274951084456248], [36.8724766480068, -1.2748847784526958], [36.8723735008388, -1.2747601017280594], [36.87231949970583, -1.274701107065104], [36.872287499034634, -1.2746671101408558], [36.872274498728885, -1.2745481208744995], [36.87230049921524, -1.274389135202161], [36.87230125522978, -1.274385827500172], [36.87230870437398, -1.2743556462192702], [36.87230882937633, -1.2743545923142636], [36.87230913438175, -1.2743520305452194], [36.87230949938935, -1.2743521385352852], [36.87232271264513, -1.2742987403460737], [36.87232851575753, -1.2742752894588312], [36.87233349985401, -1.2742551472735077], [36.87234039699244, -1.2742426553977428], [36.8723405419954, -1.274242526409317], [36.87240851737921, -1.2741822058267325], [36.87251351954614, -1.2741822057931196], [36.872623521817786, -1.2741872053070586], [36.872742524270464, -1.2741772061705694], [36.872825525973305, -1.2741452090293344], [36.872874526968424, -1.2740942136119373], [36.87290652761281, -1.2740432181999812], [36.87290452755673, -1.2739962224383177], [36.872845526309405, -1.2739022309325903], [36.872842330219484, -1.2738261657924337], [36.872841374192674, -1.2738034268432126], [36.87284052616874, -1.2737832416636259], [36.872860526541814, -1.2736572530177461], [36.872872526766386, -1.27358425959581], [36.87293252792142, -1.2733202833796409], [36.8729346869638, -1.2733130980267986], [36.87299652917515, -1.2731073025638981], [36.873122531697575, -1.2728603247937724], [36.87316036644914, -1.272767466154757], [36.87316043345048, -1.2727673031694189], [36.873176482769274, -1.2727279147159964], [36.87317652177005, -1.2727278177247219], [36.873309535412204, -1.2724013661185052], [36.873371066659146, -1.2723286546551937], [36.8733721796817, -1.2723273397734698], [36.87337553674974, -1.272323373130098], [36.87339753719522, -1.2722963755574344], [36.873476538805996, -1.2722343811222645], [36.8735645585773, -1.2720910240206413], [36.87357354075809, -1.2720763953368763], [36.87359229512736, -1.2720201384035499], [36.873592568132764, -1.2720193174775063], [36.87366154249106, -1.2718124191115556], [36.87368792802911, -1.271792052939547], [36.873688055031806, -1.2717919549482457], [36.873775544816006, -1.2717244270093881], [36.87383935912749, -1.271707323531226], [36.87387254680966, -1.271698429322588], [36.87393554810568, -1.2716854304745548], [36.874007584587865, -1.2716714067160557], [36.874007930594914, -1.2716713397219805], [36.87404855043067, -1.2716634324219713], [36.87425955476279, -1.2715924387560482], [36.87427458406825, -1.2715775340952122], [36.87429590450156, -1.2715563899949938], [36.87437608513116, -1.2714768761392328], [36.874376343136426, -1.2714766201622103], [36.87438155724239, -1.2714714496266997], [36.874606440812244, -1.2712458069011459], [36.874606602815554, -1.2712456449155984], [36.87466856307461, -1.271183475501718], [36.87475966190309, -1.2710199302194567], [36.87480056572411, -1.2709464968279243], [36.87480272276615, -1.2709386395356983], [36.874838269459005, -1.2708091621992375], [36.874838430462056, -1.2708085742522408], [36.87486798103807, -1.270700937948317], [36.87487056708851, -1.2706915197967428], [36.87483335828943, -1.2705921497687325], [36.87483330728825, -1.2705920157808195], [36.8747915653918, -1.2704805388460738], [36.8747785080861, -1.2703653372378827], [36.874774564993835, -1.2703305523756365], [36.874782565081624, -1.2700845745527252], [36.87469514524302, -1.269974688489017], [36.874694968239275, -1.269974464509251], [36.874680458934165, -1.269956226158418], [36.874677562873195, -1.2699525864874937], [36.87465369536238, -1.2698942507551598], [36.87464156210265, -1.2698645944332358], [36.874648975243076, -1.2698246490326015], [36.874651619293196, -1.2698104033163453], [36.874659562443604, -1.269767603173069], [36.87475186833593, -1.2697276737439973], [36.874800229327356, -1.2697067536149609], [36.874800565334276, -1.2697066086279152], [36.874820748748334, -1.2696988633198432], [36.874985569129706, -1.2696356149702186], [36.87505557050801, -1.269424633971858], [36.87492356771202, -1.269195654660802], [36.874852566147545, -1.2688796831741032], [36.87480856514816, -1.2685887094247426], [36.8748525659846, -1.2683607299672592], [36.87491756729716, -1.268268738241197], [36.874998568932604, -1.26815374858385], [36.87525357411499, -1.2678987714933063], [36.875341575928196, -1.2678897722766764], [36.87552557976138, -1.26800476184969], [36.875648582327266, -1.2680927538764253], [36.87582458597844, -1.268153748320659], [36.87607959127126, -1.2682507394938147], [36.876247594768586, -1.268347730694677], [36.87636159714032, -1.268408725158638], [36.87644959895632, -1.2684087251305922], [36.87665160310291, -1.2683387313774246], [36.87682760673773, -1.2683477305098363], [36.876941609087446, -1.268338731285004], [36.876985609962176, -1.2682327408280105], [36.877020610618196, -1.2680217598406394], [36.877258615477174, -1.267854774821613], [36.877539621267765, -1.2678287770762413], [36.8776976245421, -1.267872773058852], [36.87778662637588, -1.267863773841996], [36.87785662778716, -1.2677577833766245], [36.87790962883132, -1.2675997976050453], [36.877935629350226, -1.2675438026457198], [36.8780406314465, -1.2673188228983394], [36.878137633368155, -1.2670638458582852], [36.87801963082399, -1.2667158772714275], [36.877913628578604, -1.2665308939846498], [36.87791362854851, -1.2664349026400064], [36.87798362996256, -1.266337911363159], [36.87813363303859, -1.2662759169053321], [36.87834463734886, -1.2661359294604675], [36.878511640764714, -1.2660389381528467], [36.87865264369634, -1.2661089317968557], [36.87876664603497, -1.2660649357276006], [36.878916649056144, -1.2658279570475697], [36.87892464913314, -1.2655469823797647], [36.87908365227926, -1.2651160211877486], [36.879232655307305, -1.2649670345739679], [36.87949166144625, -1.2643100997252745], [36.879491748448295, -1.2643105466849833], [36.879493074477715, -1.2643173480713348], [36.8794981155899, -1.264343204738248], [36.87950107165562, -1.2643583663702482], [36.879508931830365, -1.2643986807327061], [36.87950895383086, -1.264398791722789], [36.87956265902538, -1.2646742498685557], [36.87958552753395, -1.264791541285522], [36.87959966284835, -1.2648640437436707], [36.87962627243703, -1.2649905803257873], [36.87967077542167, -1.2652022132293397], [36.87969699800178, -1.265326910977374], [36.879713081357615, -1.265403390076372], [36.879726665658225, -1.2654679892472465], [36.87984766632298, -1.2660039298843462], [36.87984877034593, -1.2660044328386864], [36.87986334766773, -1.2660715807794303], [36.87987665496158, -1.2661328772482388], [36.879876666961835, -1.2661329292435504], [36.87992478601522, -1.266325815836124], [36.87998565634776, -1.2665698378137062], [36.87998567034807, -1.2665698898090174], [36.87998592535366, -1.2665708517221932], [36.880005655784025, -1.2666448310453253], [36.88005065676497, -1.2668118159742212], [36.88012365836387, -1.267106789353672], [36.88023252273787, -1.2675136506328515], [36.8804706669314, -1.26840367230445], [36.880470679931605, -1.2684037242998505], [36.880567381050234, -1.2687957419208513], [36.88078367378885, -1.2696725577892336], [36.88078368678913, -1.2696726097845457], [36.88078372178991, -1.2696727567712929], [36.88079467302998, -1.2697175537284107], [36.88081956157525, -1.2698186216071372], [36.88089267617731, -1.2701155178125176], [36.880892690177625, -1.2701155698078292], [36.88089346319446, -1.2701184845447335], [36.88100684666882, -1.2705466688987297], [36.88124669890306, -1.2714524491465657], [36.88130868525552, -1.2716853761232894], [36.88130869925582, -1.2716854281186005], [36.88130911026473, -1.2716869529809178], [36.88136568549805, -1.2718963570804425], [36.88143790410287, -1.2722602042485123], [36.881546689520306, -1.2728082747927312], [36.88177469454443, -1.2738211833825357], [36.88186069642336, -1.2741521535102316], [36.881861015430154, -1.2741527074601346], [36.881963123663525, -1.2745533932960265], [36.88198006603408, -1.2746198752956366], [36.88198041504175, -1.274621246171931], [36.881981020054944, -1.2746236219574334], [36.882021901949095, -1.2747838434965064], [36.8820310221486, -1.274819587270441], [36.882263649290365, -1.2759015916264422], [36.88237903784096, -1.2764382951920206], [36.88245104146946, -1.2768902134168865], [36.88260504795435, -1.2778610388220544], [36.88262945852633, -1.2780769243463972], [36.882683051782195, -1.2785509135863649], [36.88268372979614, -1.2785508865885793], [36.882723715733896, -1.2789067244873205], [36.882746716261096, -1.2790727095118044], [36.8828220799865, -1.279610685974071], [36.882940720703004, -1.280457584564192], [36.88303972295259, -1.2811095257411835], [36.88303929094365, -1.2811095487392503], [36.88311472465847, -1.2816084807217232], [36.88312272483969, -1.2816594761204645], [36.88314672539746, -1.2818564583489602], [36.88314672539778, -1.281857458258783], [36.88318822230499, -1.2820177917865632], [36.88341173119105, -1.2828813658375784], [36.883567734600604, -1.283481311683896], [36.88368773722271, -1.2839402702559743], [36.883733738224024, -1.284104255452753], [36.883818346064594, -1.2844023275449117], [36.88384074055177, -1.284481221422969], [36.88393474260851, -1.2848491882087936], [36.883970743399345, -1.2850001745809265], [36.88405874533481, -1.2853761406471826], [36.8840737456647, -1.2854401348711701], [36.884169747775516, -1.285848098049115], [36.88422774904236, -1.286068078192095], [36.884307641795175, -1.2863957486159998], [36.88433575141193, -1.2865110382097131], [36.884388752573436, -1.2867240189853688], [36.88445475401874, -1.286985995338172], [36.88454675602009, -1.2873089661817956], [36.88462913182834, -1.2876493964539157], [36.88482226006787, -1.2884475234130286], [36.88482476212273, -1.2884578624798524], [36.884941764692655, -1.2889458184358351], [36.88502576651788, -1.2892337924377575], [36.88508976792217, -1.2894957687906752], [36.88514276908469, -1.2897117492951773], [36.88522277083671, -1.29002872068316], [36.88527296793439, -1.2902228831562126], [36.88537477416093, -1.2906166676094044], [36.8854237752443, -1.2908426472132568], [36.88545777599463, -1.2909956334050288], [36.88552277741647, -1.291247610659004], [36.88565440429846, -1.2917668987834081], [36.885669780635155, -1.2918275583076806], [36.885712781578086, -1.292001542602614], [36.8857487823679, -1.2921485293347048], [36.885831336178164, -1.2924825321850206], [36.88587111805053, -1.292643486656023], [36.885899785679236, -1.2927594741860846], [36.88600978809299, -1.2932094335695339], [36.886056789125, -1.2934034160593417], [36.88610179013103, -1.2936453942211894], [36.88616479153986, -1.2939853635394054], [36.88629479442409, -1.2946153066833443], [36.88632251003674, -1.2947422752231867], [36.88639279659028, -1.2950642661602194], [36.88639321659912, -1.2950649360996285], [36.88643221746095, -1.2952429040361928], [36.88646821726362, -1.2954297011773392], [36.886553223159034, -1.29587079036786], [36.88656122333859, -1.2959157823074292], [36.886632552938316, -1.2963143373385246], [36.886668228738436, -1.2965136743487067], [36.886703229522865, -1.296707639843448], [36.88671070869559, -1.2967649606712524], [36.88672423100793, -1.2968686103185874], [36.886728457114124, -1.2969277559828352], [36.8867312311838, -1.2969665924791696], [36.88673162419551, -1.2969779844516467], [36.88673223121374, -1.2969955878637323], [36.88690123893409, -1.297721456341879], [36.88690172994445, -1.2977220262903615], [36.88690180794607, -1.2977220262903364]]]}}, {"type": "Feature", "properties": {"county": "NAIROBI", "subcounty": "Kamukunji  Sub County", "ward_count": 5}, "geometry": {"type": "Polygon", "coordinates": [[[36.85223718992104, -1.2895365577554387], [36.85236380167027, -1.289961877360374], [36.85239480334338, -1.290065857973542], [36.85246402287586, -1.2903906616612038], [36.852531809376664, -1.2907087429554338], [36.8525618110417, -1.2908517170525422], [36.85257881147946, -1.2911236675231157], [36.852547642895104, -1.2913084678682851], [36.85254711288418, -1.2913086678504395], [36.85253542066516, -1.291378543552973], [36.85253580967325, -1.2913786215458198], [36.85248046663571, -1.2917069669541128], [36.852459807248486, -1.2918295409072083], [36.85246074532048, -1.2919945180295611], [36.852460807325365, -1.2920055090383193], [36.85241610949477, -1.2922937110631694], [36.852322801761076, -1.2928953488383876], [36.85230677546636, -1.2930081806684208], [36.85230355140706, -1.2930308796225047], [36.85229880131967, -1.293064318608555], [36.85229795730362, -1.2930685382283005], [36.852296011266574, -1.2930782663516625], [36.852295801262564, -1.293079315257139], [36.85221379776085, -1.2936762084562254], [36.85220644663264, -1.29374970183104], [36.85220357958258, -1.2937783642471743], [36.85220279756896, -1.2937861885418604], [36.85219913550718, -1.29382945664108], [36.85219179738346, -1.2939161648241122], [36.85219180538368, -1.293916284813299], [36.85220379768785, -1.2940931328613199], [36.85218118530737, -1.2943626815607487], [36.85217874626631, -1.2943917599392554], [36.85217811025318, -1.294391629951174], [36.851813781708785, -1.29431709279133], [36.85180624455643, -1.2943271908831695], [36.8514777677544, -1.2942601030398717], [36.85095224987007, -1.2941467424335422], [36.85017071368321, -1.2939781548906604], [36.85001951255061, -1.2939428251257261], [36.84949419666736, -1.2938200773657655], [36.84886565964552, -1.293673210814256], [36.84855255216007, -1.2936048560800553], [36.84742759885885, -1.2933592685921733], [36.84689659786104, -1.2932466319220803], [36.84611254462218, -1.2930803191743236], [36.84583353284058, -1.293012331395864], [36.84543551659268, -1.2929143493609256], [36.84511111687314, -1.2928436338431881], [36.844293468936584, -1.2926653951816465], [36.84338613613752, -1.2924531256179288], [36.843246425242796, -1.2924204396107388], [36.84244639167211, -1.2922504711975302], [36.84139734793853, -1.2920115150859204], [36.84098987446137, -1.2918086265137123], [36.84099347252956, -1.2917894752395376], [36.84102046804101, -1.2916458111857874], [36.841107713693845, -1.2911815050264404], [36.841203878515834, -1.2906697291447249], [36.841272879824224, -1.2903057619430318], [36.84127396284289, -1.2902941849866483], [36.84127733990101, -1.2902580732419509], [36.841298880272326, -1.2900277870008907], [36.84123387886079, -1.2898098066782726], [36.84110587615661, -1.2896168241217072], [36.841022590413594, -1.2895427408290667], [36.84099498283582, -1.2895181830524909], [36.84095187293349, -1.2894798365243338], [36.84093120650304, -1.2894677506208354], [36.840737774473546, -1.2893546348836016], [36.840621866058996, -1.289286854033079], [36.840035730864386, -1.2889927627420634], [36.83951184296477, -1.2887299046144665], [36.839088191142125, -1.2884907793141027], [36.838418820202264, -1.288112960599518], [36.838156706743355, -1.287964191099208], [36.837664804498736, -1.2876849994335386], [36.83724979586242, -1.2874710188626757], [36.83711127998362, -1.2874113112914092], [36.83710571687176, -1.2874207674405136], [36.83705393879527, -1.2873970495959157], [36.83658414102851, -1.287185518821773], [36.836310773350085, -1.2870772066767555], [36.83630964532451, -1.2870700603215461], [36.83620477414526, -1.2870260593230516], [36.835805765856676, -1.2868670737878387], [36.83548225414014, -1.286749936454704], [36.835145752153785, -1.2866280955498257], [36.83478799272155, -1.286484315630081], [36.83425935173939, -1.2862718599580678], [36.83400872853277, -1.2861711371210978], [36.83391481459951, -1.2861891185301002], [36.83391472659769, -1.286189135528597], [36.83386953366028, -1.2861755347695087], [36.83330671398605, -1.2860061522244188], [36.8330146989368, -1.2859431759972542], [36.83301442093108, -1.285943319984373], [36.832797060428355, -1.2858963472899714], [36.83249393715288, -1.2858433961624425], [36.832402511274275, -1.285871969615465], [36.832325142678954, -1.2858786610370954], [36.8322711015647, -1.2858833356329746], [36.832245549036145, -1.2858805118958696], [36.83219400197002, -1.2858747734299099], [36.83215506715792, -1.2858487637878173], [36.832155034157225, -1.2858487427897198], [36.832134260723876, -1.2858348650477776], [36.83209720493881, -1.285771927734694], [36.8320885247369, -1.285700610168197], [36.832102570009646, -1.2856463030605298], [36.83213425064376, -1.2855835157117468], [36.83221132621881, -1.2855321543181029], [36.832297029986584, -1.2855263528135303], [36.83236643341953, -1.285526342792038], [36.83238843187369, -1.285526339785211], [36.83242591365144, -1.2855385126755268], [36.83243056674802, -1.2855400235377403], [36.832431285762816, -1.2855399625430028], [36.8329205178508, -1.2854981611543472], [36.83304116933856, -1.2854878520450175], [36.83329635760328, -1.2854749471263034], [36.83380219603912, -1.2854493662696256], [36.833845380930164, -1.2854474144317036], [36.83389145988091, -1.285445450593929], [36.83433611205541, -1.28542650215906], [36.8350096619503, -1.2853902012149938], [36.835773580709414, -1.2853490046831624], [36.8360308450176, -1.285338547543098], [36.83611277270807, -1.2853352178168964], [36.83611920984088, -1.28533495883815], [36.83612209290034, -1.285334842847668], [36.83612210990074, -1.285334962836854], [36.836134760189616, -1.2854221589703152], [36.83613476718986, -1.28542220396626], [36.836141762377125, -1.2855571047999517], [36.83614177237735, -1.2855571917921116], [36.83613877233418, -1.285616186473516], [36.83614005636304, -1.2856235258113862], [36.83615277264859, -1.285696179256077], [36.83617974722086, -1.2857441349231669], [36.83617977422143, -1.2857441739196451], [36.836235757399116, -1.2858131456823931], [36.836235775399494, -1.2858131676804054], [36.83629077555604, -1.2858791627118096], [36.83636373307727, -1.285926135452774], [36.83636377207809, -1.2859261634502392], [36.83638169245287, -1.285941050102106], [36.83644677881373, -1.285995152202629], [36.83657572850593, -1.2860890996897478], [36.83657578150703, -1.2860891436856783], [36.836637782796096, -1.28611714114112], [36.836703784166346, -1.2861411389559438], [36.83678678588311, -1.2861511380275505], [36.83685278724582, -1.286151138006243], [36.83695378933908, -1.2861761357195955], [36.837032790975506, -1.2861931341613106], [36.837136757138595, -1.2862451164404052], [36.83713679313935, -1.2862451294392223], [36.83727879308318, -1.2862831179679464], [36.8373157968503, -1.2862931250535896], [36.837332335193224, -1.2862976726382105], [36.83735579767967, -1.286304124048905], [36.837462799899924, -1.2863391208587098], [36.837615803069575, -1.2863731177437379], [36.837771813310596, -1.2864361030138762], [36.837906809112624, -1.286483107731878], [36.83799681097298, -1.28649010707163], [36.83807015948504, -1.2864828387033598], [36.83820881134324, -1.2864691008973548], [36.8383888190596, -1.286469108838505], [36.8385488283739, -1.2865031007217043], [36.83868681722941, -1.286524097783764], [36.83877682709446, -1.286545101860775], [36.83886782897768, -1.2865591005691028], [36.83893379134495, -1.2865760890159084], [36.838933830345674, -1.286576097015175], [36.83900282477361, -1.2865870910015669], [36.83906883313643, -1.2865870979795297], [36.83915483491286, -1.2865900976813347], [36.83932883850365, -1.286585098075897], [36.83943584071145, -1.2865810984020172], [36.83954684300126, -1.286575098907186], [36.83960984429523, -1.286554100780313], [36.839727846719335, -1.286516104168384], [36.839862856494214, -1.286477102641584], [36.83995785144083, -1.2864311117579943], [36.840003453375374, -1.2864094816936735], [36.840029035899654, -1.2863973477795203], [36.84003585303939, -1.286394115068905], [36.840181856059374, -1.286412113398792], [36.84027885806521, -1.2864221124657704], [36.84035885972223, -1.2864391109072273], [36.84035877572045, -1.2864389979174333], [36.84016285559271, -1.2861781345031964], [36.840155855439555, -1.2861511369398564], [36.84015385539573, -1.2861431376618584], [36.840152855373496, -1.286138138112939], [36.84014585522775, -1.2861341384758773], [36.84012685483551, -1.2861341384820117], [36.840110854505106, -1.286134138487178], [36.84008985406745, -1.2861211396660723], [36.840085853974074, -1.286087142732859], [36.840065853552524, -1.2860601451738027], [36.840062853483296, -1.2860371472484902], [36.84005285327108, -1.2860191488746786], [36.84004685314501, -1.2860121495077126], [36.840044019086434, -1.286011794540695], [36.84003885297958, -1.286011149600465], [36.840024852687904, -1.2860031503262508], [36.840015852487525, -1.2859571544766806], [36.84001985256373, -1.2859371562786872], [36.840007852302605, -1.285895160069495], [36.8399858518424, -1.2858761617896344], [36.83997285156415, -1.2858451645889013], [36.839944850970475, -1.2857961690158763], [36.83991685036728, -1.2857171761478356], [36.8398658492985, -1.2856671806724862], [36.83983584865401, -1.2855881878049926], [36.8396966667114, -1.2853707914527985], [36.83966684508093, -1.2853242116625283], [36.83959684361506, -1.2852592175457294], [36.839432840177686, -1.2850972322049892], [36.83929047320216, -1.2849829025600452], [36.83917883486887, -1.2848932506800548], [36.83913883401696, -1.28481125808623], [36.83915583434259, -1.2847312652937688], [36.83924983628994, -1.2847522633700073], [36.83943084001853, -1.2847262656559224], [36.83967284499007, -1.284648272610477], [36.83972005795709, -1.284624309756052], [36.840198855764775, -1.2843812965142138], [36.84054186279512, -1.2842203109197485], [36.84048786165198, -1.2841313189615096], [36.840454758938144, -1.2840354756144607], [36.84037285917199, -1.2837983490225957], [36.84027485705889, -1.2835153745699892], [36.840264029826685, -1.2834878190580932], [36.84026385682296, -1.2834873770980528], [36.84040790978263, -1.2834422081244163], [36.840550862719695, -1.2833973851201463], [36.84069757473224, -1.2833459997062102], [36.84090486998872, -1.283273396186099], [36.840994871836955, -1.2832423989521278], [36.8412321777175, -1.283183456190542], [36.84130887829489, -1.2831644058835288], [36.84163988512056, -1.2831394080310112], [36.8416515973621, -1.283138619098311], [36.842040893390674, -1.2831124103361953], [36.84210889479362, -1.2831094105847944], [36.842254910805714, -1.2831019672089314], [36.842363900053954, -1.2830964116747487], [36.8424939027359, -1.2830904121737925], [36.84269290684103, -1.2830804130113715], [36.842693333849866, -1.2830803530166388], [36.8427649083243, -1.2830704138897708], [36.84278290869534, -1.2830684140643087], [36.84280818521601, -1.2830648793748638], [36.842901009128134, -1.283051901515169], [36.84301891355697, -1.2830354169636595], [36.843480923088876, -1.2830164185279518], [36.84349580039587, -1.283015762582252], [36.8437079277721, -1.283006419356338], [36.84373392830879, -1.2830064193479631], [36.843994835695035, -1.2830064192639246], [36.84406993524539, -1.2830064192397348], [36.84408262450115, -1.2829866260204592], [36.84409748480056, -1.2829634451058514], [36.84415595197868, -1.2828722473104475], [36.84419446175451, -1.2828121727149915], [36.844194937764144, -1.2828114367812256], [36.84420224091094, -1.2827989719027804], [36.84425293893012, -1.2827124456884897], [36.844285441583686, -1.2826574206397083], [36.8444313755179, -1.2824103638698452], [36.844441942730356, -1.2823924744795596], [36.84453694464057, -1.2822314889650426], [36.84455994510307, -1.2821924924739208], [36.84458496860075, -1.282133067824239], [36.84462447638724, -1.2820413090853546], [36.84465211293099, -1.2819566127135265], [36.844670477292254, -1.2819003347821472], [36.844677478406, -1.2818033525247297], [36.84466347707765, -1.2816793747083195], [36.84464047652968, -1.2814484165411892], [36.844625326155196, -1.2812536741057452], [36.84461247483746, -1.2810884810052303], [36.84457547287189, -1.2804515954445184], [36.84454547111356, -1.280012675031017], [36.844567169561216, -1.2800116891129498], [36.84456747256749, -1.2800116751141133], [36.84456794457719, -1.2800116871128808], [36.84514549650426, -1.2800246727563744], [36.84523119027299, -1.280023687817651], [36.84526370994423, -1.2800233138408892], [36.84571805832207, -1.280018092165708], [36.84575452107458, -1.2800176731917328], [36.84588097168475, -1.2800166832403614], [36.845881526696246, -1.2800166732410843], [36.84605037117851, -1.2800064141119107], [36.84606253442932, -1.2800056751745694], [36.846075757701826, -1.28000411631093], [36.846237992044884, -1.279984984983854], [36.84625754244776, -1.2799826791854687], [36.84634334621523, -1.2799705572508875], [36.84634942234035, -1.2799696993263106], [36.84634954434287, -1.2799696723287033], [36.846349956351375, -1.2799695793369485], [36.8463379810871, -1.2799156971992705], [36.84632533178794, -1.2797957620177716], [36.84630898040138, -1.2796407220027444], [36.84626682547426, -1.2794610312188042], [36.84623297872993, -1.2793167512391441], [36.84616222118248, -1.2790425159892453], [36.846014973962255, -1.2784718274942992], [36.84598197324245, -1.278349838504394], [36.845951461542775, -1.278129172411157], [36.84587897088064, -1.2776049057061114], [36.84579299997199, -1.2771810969472623], [36.84579296897129, -1.2771809439610535], [36.845742284846516, -1.2769325683724884], [36.84569196672991, -1.2766859886218935], [36.84566196605313, -1.2765040050402676], [36.84561085189435, -1.2761760156302522], [36.84558998842145, -1.276042142707755], [36.84555896371817, -1.2758430646677104], [36.84554851148584, -1.2757908113825482], [36.84553896327367, -1.2757430736899606], [36.8454621305676, -1.2753626540153185], [36.84537295958752, -1.2749211478523947], [36.84531095820829, -1.2746061762717231], [36.8452439557191, -1.2742699826059882], [36.845201079766184, -1.2740548480171967], [36.84520095576342, -1.2740542260733512], [36.84512684012631, -1.2737140817659809], [36.84502295183142, -1.273237299787808], [36.844931682802766, -1.2727780412254763], [36.84487288449575, -1.272482173920726], [36.8448689484083, -1.2724623697075585], [36.84485613912257, -1.2723947258106487], [36.84483694769451, -1.272293384953967], [36.84482494742662, -1.2722293907277604], [36.844755945931674, -1.2720054109445438], [36.84470394479962, -1.2718194277299233], [36.84464479648856, -1.2715329595775846], [36.844639943380926, -1.2715094556983155], [36.84452894091772, -1.2709635049579504], [36.84446093941276, -1.2706415340092398], [36.84443476483374, -1.270518574103937], [36.844409068265335, -1.2703978569961745], [36.84434493684679, -1.2700965831800237], [36.844253267820925, -1.2696715245331585], [36.84417393306765, -1.2693036547260406], [36.844111930677215, -1.2689516824799396], [36.844098385371126, -1.2688675170726336], [36.84408393104459, -1.2687777021750395], [36.84401296648933, -1.2684903301071986], [36.843943927976454, -1.2682107533359641], [36.8439078951805, -1.2680448293072104], [36.843905927137044, -1.2680357691246649], [36.843902314057196, -1.2680190696314828], [36.843844925789334, -1.2677537945669333], [36.84382292528912, -1.26760680782624], [36.843797643733026, -1.2674979546484233], [36.843773924211334, -1.2673958268637642], [36.84376792407707, -1.2673628298406947], [36.84376697205565, -1.2673571203557346], [36.84376592403203, -1.2673508309231327], [36.84395692795298, -1.2672798372631926], [36.84397301228368, -1.2672756046396023], [36.84418493264106, -1.267219842599662], [36.84428393467798, -1.2671978445515426], [36.84444572200813, -1.2671666743103616], [36.84468163086395, -1.2671212233331193], [36.84469394311742, -1.2671188515431124], [36.84485694647272, -1.267087854285878], [36.84491294762505, -1.2670758553499548], [36.84517595303663, -1.267018860404922], [36.84518787728187, -1.2670161786428713], [36.845584961451266, -1.266926868568706], [36.845693963693904, -1.2669028706977308], [36.845924968446724, -1.2668518752219444], [36.84606597134753, -1.2668198780619668], [36.84623497482534, -1.2667848811635587], [36.84627950074162, -1.2667755309923427], [36.846434978941, -1.2667428848863092], [36.846662983633024, -1.2666958890509459], [36.84676398571148, -1.2666748909119607], [36.84695716769004, -1.266645038542022], [36.84698399024244, -1.2666408939071834], [36.84772200542606, -1.2664769084573224], [36.847779006598685, -1.2664639096111612], [36.847916009420636, -1.2664439113707562], [36.848527522004986, -1.2663191404256315], [36.8488030276746, -1.266262927406166], [36.84914103462788, -1.2661859342404305], [36.849189032615314, -1.2661749222179923], [36.84974204699119, -1.266047946490296], [36.8497569052969, -1.2660448187675764], [36.84983704894597, -1.2660279482631702], [36.8501370551195, -1.2659659537571664], [36.85027005785905, -1.2659469554278937], [36.85038106014566, -1.265931956744805], [36.85044401544485, -1.2659306118461147], [36.85061506497462, -1.2659269571212137], [36.850678066274774, -1.2659259571913464], [36.850821069226406, -1.265924957236048], [36.85082778536495, -1.265924902238867], [36.85094407176511, -1.2659239572871075], [36.85123507777185, -1.2659229572846746], [36.851329079710645, -1.265917957705586], [36.851334079813924, -1.2659179577039967], [36.851577084825955, -1.265904958798813], [36.851628085879085, -1.2659059586924426], [36.85168108697371, -1.2659079584952777], [36.85174808835713, -1.2659089583838214], [36.85179808938952, -1.2659099582777689], [36.852074607099524, -1.2659165235978507], [36.85217709721585, -1.2659189573458638], [36.852290828564236, -1.2659213360952573], [36.85241610215101, -1.2659239568191838], [36.852577105474026, -1.2659229568580737], [36.853016688547335, -1.2659211698794695], [36.85306911562944, -1.2659209568819887], [36.85308336792354, -1.2659208598861948], [36.85321711868417, -1.2659199569250994], [36.85321711868425, -1.2659202398996097], [36.85321711868479, -1.2659219567447813], [36.85327811994332, -1.2659199569057078], [36.85332112083094, -1.2659199568920383], [36.85391213302944, -1.265916956974638], [36.85402245130645, -1.2659163229967627], [36.854086136620836, -1.265915957009483], [36.85442514361812, -1.265914956991873], [36.85516215883055, -1.2659129609375352], [36.85516515889246, -1.2659129519373924], [36.85579412587327, -1.2659071282625463], [36.85604511705325, -1.2659048043921681], [36.85619218008821, -1.265902957512043], [36.85652618698111, -1.2658989577664093], [36.85698419643668, -1.2659049570799332], [36.857320203371806, -1.265903957063271], [36.85760320921299, -1.2659029570634588], [36.858345224528016, -1.2659009570077877], [36.858425226174866, -1.265886958244507], [36.858484227389226, -1.2658759592174238], [36.858603229832326, -1.2658339629661417], [36.858735232542195, -1.2657869671613533], [36.85876323311701, -1.2657769680540536], [36.85886423517888, -1.2657039746031977], [36.859012238200194, -1.2655969842025814], [36.859071239404855, -1.2655549879702876], [36.859278243569776, -1.265211018917517], [36.85953524874052, -1.2647830574217032], [36.8596622513177, -1.264642070092992], [36.85980025411797, -1.2644880839328574], [36.86010226027855, -1.2642551048426203], [36.860256263433044, -1.2641781117355595], [36.86043026699728, -1.2640911195236566], [36.8604732678791, -1.2640731211327867], [36.86079627450472, -1.2639411329304937], [36.86102127912279, -1.26385814034186], [36.86107128015016, -1.263843141678202], [36.8610922805817, -1.2638371422124934], [36.86130028485514, -1.2637741478261604], [36.86150228900664, -1.2637171529006892], [36.861687292808114, -1.2636631577103161], [36.862372306885234, -1.2634671751629385], [36.862446308406014, -1.263446177032716], [36.862796315599326, -1.2633481857566626], [36.86282431617475, -1.263340186469054], [36.86309432172399, -1.2632651931449033], [36.86323632464235, -1.2632251967059636], [36.86344332889694, -1.2631682017790256], [36.86385733740583, -1.2630532120153204], [36.86406474666782, -1.2629934383388377], [36.86425634560493, -1.2629382222563867], [36.86427802505055, -1.2629320178089323], [36.864553351708324, -1.2628532298252981], [36.865355368186954, -1.262616250937337], [36.86595238045633, -1.2624492658036106], [36.86671039603182, -1.2622292853970636], [36.86727940772779, -1.2620772989200584], [36.86810042460363, -1.261858318403461], [36.868817910343346, -1.2616416557106764], [36.8693454501809, -1.26148235190667], [36.86957345487729, -1.261453354448876], [36.86994646257937, -1.2614663531586785], [36.870087465490826, -1.261471352663194], [36.87032147032884, -1.2614993500647287], [36.870613476368526, -1.2615423460955624], [36.87090248234597, -1.261584342217499], [36.871298490543154, -1.2616633349697508], [36.871846501886, -1.2617703251494752], [36.87187850254825, -1.2617763245984552], [36.872083506791334, -1.2618163209273028], [36.87250051541403, -1.2618703159266815], [36.87292552420174, -1.2619243109235971], [36.87307552730417, -1.2619463088926717], [36.87340653415197, -1.2620003039192835], [36.87383454300772, -1.2620742971121626], [36.873998546398724, -1.2620952951667677], [36.87427255206411, -1.262130291924492], [36.874489556555226, -1.2621712881593166], [36.87463255951466, -1.2621982856797784], [36.874778562534196, -1.262219283740169], [36.87493156570041, -1.2622472811672925], [36.87510656931831, -1.2622682792184805], [36.875446576348175, -1.2623112752339485], [36.87574858260117, -1.2623772691879076], [36.87602558832802, -1.262411266034709], [36.87614859087261, -1.2624312641925373], [36.876649601240466, -1.2625242556491325], [36.87683060498278, -1.2625472535181532], [36.87699760843869, -1.2625782506703118], [36.877353615796785, -1.2626152472216188], [36.87759962087328, -1.262615247143573], [36.877746623903654, -1.2626052479984748], [36.87803162977769, -1.2625822499816248], [36.87812463169242, -1.2625682512143113], [36.8782066333821, -1.2625602519095114], [36.878302635359354, -1.2625482529610101], [36.87892164810706, -1.2624652602476312], [36.87902182516848, -1.262447047857974], [36.87903110135959, -1.262445854962579], [36.87905263483843, -1.2625562000064559], [36.87910563602426, -1.2628511733932686], [36.87917363751191, -1.2631211490292518], [36.879305640401554, -1.2636511012037717], [36.879306640422186, -1.2636511012034541], [36.87935964158245, -1.2638640819830238], [36.879484887299384, -1.264287213791031], [36.87949166144625, -1.2643100997252745], [36.879232655307305, -1.2649670345739679], [36.87908365227926, -1.2651160211877486], [36.87892464913314, -1.2655469823797647], [36.878916649056144, -1.2658279570475697], [36.87876664603497, -1.2660649357276006], [36.87865264369634, -1.2661089317968557], [36.878511640764714, -1.2660389381528467], [36.87834463734886, -1.2661359294604675], [36.87813363303859, -1.2662759169053321], [36.87798362996256, -1.266337911363159], [36.87791362854851, -1.2664349026400064], [36.877913628578604, -1.2665308939846498], [36.87801963082399, -1.2667158772714275], [36.878137633368155, -1.2670638458582852], [36.8780406314465, -1.2673188228983394], [36.877935629350226, -1.2675438026457198], [36.87790962883132, -1.2675997976050453], [36.87785662778716, -1.2677577833766245], [36.87778662637588, -1.267863773841996], [36.8776976245421, -1.267872773058852], [36.877539621267765, -1.2678287770762413], [36.877258615477174, -1.267854774821613], [36.877020610618196, -1.2680217598406394], [36.876985609962176, -1.2682327408280105], [36.876941609087446, -1.268338731285004], [36.87682760673773, -1.2683477305098363], [36.87665160310291, -1.2683387313774246], [36.87644959895632, -1.2684087251305922], [36.87636159714032, -1.268408725158638], [36.876247594768586, -1.268347730694677], [36.87607959127126, -1.2682507394938147], [36.87582458597844, -1.268153748320659], [36.875648582327266, -1.2680927538764253], [36.87552557976138, -1.26800476184969], [36.875341575928196, -1.2678897722766764], [36.87525357411499, -1.2678987714933063], [36.874998568932604, -1.26815374858385], [36.87491756729716, -1.268268738241197], [36.8748525659846, -1.2683607299672592], [36.87480856514816, -1.2685887094247426], [36.874852566147545, -1.2688796831741032], [36.87492356771202, -1.269195654660802], [36.87505557050801, -1.269424633971858], [36.874985569129706, -1.2696356149702186], [36.874820748748334, -1.2696988633198432], [36.874800565334276, -1.2697066086279152], [36.874800229327356, -1.2697067536149609], [36.87475186833593, -1.2697276737439973], [36.874659562443604, -1.269767603173069], [36.874651619293196, -1.2698104033163453], [36.874648975243076, -1.2698246490326015], [36.87464156210265, -1.2698645944332358], [36.87465369536238, -1.2698942507551598], [36.874677562873195, -1.2699525864874937], [36.874680458934165, -1.269956226158418], [36.874694968239275, -1.269974464509251], [36.87469514524302, -1.269974688489017], [36.874782565081624, -1.2700845745527252], [36.874774564993835, -1.2703305523756365], [36.8747785080861, -1.2703653372378827], [36.8747915653918, -1.2704805388460738], [36.87483330728825, -1.2705920157808195], [36.87483335828943, -1.2705921497687325], [36.87487056708851, -1.2706915197967428], [36.87486798103807, -1.270700937948317], [36.874838430462056, -1.2708085742522408], [36.874838269459005, -1.2708091621992375], [36.87480272276615, -1.2709386395356983], [36.87480056572411, -1.2709464968279243], [36.87475966190309, -1.2710199302194567], [36.87466856307461, -1.271183475501718], [36.874606602815554, -1.2712456449155984], [36.874606440812244, -1.2712458069011459], [36.87438155724239, -1.2714714496266997], [36.874376343136426, -1.2714766201622103], [36.87437608513116, -1.2714768761392328], [36.87429590450156, -1.2715563899949938], [36.87427458406825, -1.2715775340952122], [36.87425955476279, -1.2715924387560482], [36.87404855043067, -1.2716634324219713], [36.874007930594914, -1.2716713397219805], [36.874007584587865, -1.2716714067160557], [36.87393554810568, -1.2716854304745548], [36.87387254680966, -1.271698429322588], [36.87383935912749, -1.271707323531226], [36.873775544816006, -1.2717244270093881], [36.873688055031806, -1.2717919549482457], [36.87368792802911, -1.271792052939547], [36.87366154249106, -1.2718124191115556], [36.873592568132764, -1.2720193174775063], [36.87359229512736, -1.2720201384035499], [36.87357354075809, -1.2720763953368763], [36.8735645585773, -1.2720910240206413], [36.873476538805996, -1.2722343811222645], [36.87339753719522, -1.2722963755574344], [36.87337553674974, -1.272323373130098], [36.8733721796817, -1.2723273397734698], [36.873371066659146, -1.2723286546551937], [36.873309535412204, -1.2724013661185052], [36.87317652177005, -1.2727278177247219], [36.873176482769274, -1.2727279147159964], [36.87316043345048, -1.2727673031694189], [36.87316036644914, -1.272767466154757], [36.873122531697575, -1.2728603247937724], [36.87299652917515, -1.2731073025638981], [36.8729346869638, -1.2733130980267986], [36.87293252792142, -1.2733202833796409], [36.872872526766386, -1.27358425959581], [36.872860526541814, -1.2736572530177461], [36.87284052616874, -1.2737832416636259], [36.872841374192674, -1.2738034268432126], [36.872842330219484, -1.2738261657924337], [36.872845526309405, -1.2739022309325903], [36.87290452755673, -1.2739962224383177], [36.87290652761281, -1.2740432181999812], [36.872874526968424, -1.2740942136119373], [36.872825525973305, -1.2741452090293344], [36.872742524270464, -1.2741772061705694], [36.872623521817786, -1.2741872053070586], [36.87251351954614, -1.2741822057931196], [36.87240851737921, -1.2741822058267325], [36.8723405419954, -1.274242526409317], [36.87234039699244, -1.2742426553977428], [36.87233349985401, -1.2742551472735077], [36.87232851575753, -1.2742752894588312], [36.87232271264513, -1.2742987403460737], [36.87230949938935, -1.2743521385352852], [36.87230913438175, -1.2743520305452194], [36.87230882937633, -1.2743545923142636], [36.87230870437398, -1.2743556462192702], [36.87230125522978, -1.274385827500172], [36.87230049921524, -1.274389135202161], [36.872274498728885, -1.2745481208744995], [36.872287499034634, -1.2746671101408558], [36.87231949970583, -1.274701107065104], [36.8723735008388, -1.2747601017280594], [36.8724766480068, -1.2748847784526958], [36.872531504159795, -1.274951084456248], [36.872554504652086, -1.2750070793996278], [36.872557880726816, -1.2750231119528515], [36.87255850474069, -1.2750260776852929], [36.872604505731026, -1.2751560659492458], [36.872604503731004, -1.275156137942672], [36.872601505711735, -1.2752910537780324], [36.872599946689846, -1.275323781827324], [36.87259850566963, -1.2753540480986234], [36.872554504800725, -1.2754780369323158], [36.87250550382772, -1.2755990260382024], [36.87230812583307, -1.275848133638815], [36.872280499273984, -1.2758830005035895], [36.87199649350665, -1.2761799738157398], [36.871990195382175, -1.2761970672764773], [36.87198949336823, -1.2761989721049185], [36.871930557185664, -1.2763056695025645], [36.87185749071956, -1.2764379505978556], [36.871854785667836, -1.2764507974402834], [36.87185349064303, -1.2764569488860698], [36.8718392363696, -1.2765226699643126], [36.87181748995247, -1.2766229339302257], [36.871870491136036, -1.2769069083064248], [36.871872491184256, -1.2769289063221068], [36.871887491574086, -1.2771828834153065], [36.87189649180505, -1.2773258705187975], [36.87189749182916, -1.2773368695266794], [36.87185349100426, -1.2775998458271978], [36.87184449083564, -1.2776538409612626], [36.871819490340776, -1.2777208349281413], [36.8717314885997, -1.2779578135871053], [36.87158648568242, -1.2781957921742628], [36.87149748387223, -1.278279784628931], [36.87142648242791, -1.2783457787007357], [36.871170477247745, -1.278671749388812], [36.870993473627124, -1.2787737402487318], [36.87085147072247, -1.2788557329007644], [36.870766322980934, -1.278905396449772], [36.87071946802274, -1.2789327260003571], [36.87071455492601, -1.2789476476563766], [36.870639466448566, -1.2791757041156113], [36.87062589818237, -1.27921923119499], [36.87061546597759, -1.2792526971805809], [36.87059646564755, -1.2794486795141204], [36.870586419472005, -1.2795491294591848], [36.870581465385484, -1.2795986659938485], [36.870600175817756, -1.279744494837738], [36.87065946718779, -1.2802066111473838], [36.8706232684495, -1.2802341806730015], [36.87023381950637, -1.2805312330115008], [36.87023135445605, -1.2805331138426677], [36.87021695416234, -1.280544182849177], [36.87018812457157, -1.2805574206646693], [36.870159472965554, -1.2805106358927532], [36.86997246911532, -1.2805396333380663], [36.86966446277026, -1.2805756301910958], [36.86963949225401, -1.2805728034540633], [36.869639270249394, -1.2805727784563872], [36.86950545948308, -1.2805576318652734], [36.869496890306536, -1.280558885754975], [36.86938245695022, -1.280575630281817], [36.86922987982921, -1.2806632854266546], [36.869229789827365, -1.280663336422089], [36.869154452286246, -1.2807066185432987], [36.86901883252373, -1.2808214972278267], [36.86901872752157, -1.2808215862197538], [36.86892544762153, -1.2809006011246424], [36.86873302168085, -1.280997259470298], [36.868732898678424, -1.2809973204648426], [36.86871444330037, -1.2810065916348086], [36.86867044243389, -1.2811375798370788], [36.868541316855875, -1.2814116581635595], [36.8685411388523, -1.2814120361294763], [36.868442437881754, -1.2816215362694878], [36.868429299620416, -1.2816525504769847], [36.86842732458114, -1.281657211057292], [36.86834543595242, -1.2818505156523918], [36.868329944639726, -1.28187249667518], [36.86832977663632, -1.2818727356537034], [36.86820835918514, -1.2820450281561588], [36.868178432581, -1.2820874943364258], [36.868001992981014, -1.2822178536379496], [36.86800174297589, -1.2822180386213653], [36.86797542843893, -1.2822374808766297], [36.86788142650401, -1.282253479464216], [36.8678045089209, -1.2822670092688968], [36.8677734242811, -1.2822724777858796], [36.86759742063179, -1.2822194826214246], [36.86752273609714, -1.2822405277476876], [36.867522697096334, -1.282240538746709], [36.86737741611094, -1.2822814771018745], [36.867299114502714, -1.2823057319399536], [36.86712241087315, -1.2823604700608278], [36.86688887104346, -1.2823295119276599], [36.866888823042466, -1.2823295049283054], [36.86685840541338, -1.282325473301681], [36.866674401632686, -1.2823784685820188], [36.8665793996713, -1.2823764687929684], [36.866547517013124, -1.2823758558585496], [36.866546992002334, -1.28237584485971], [36.866423396450735, -1.282373469113742], [36.866230392475885, -1.2824004667414068], [36.866208148019325, -1.2824083650363722], [36.866207896014124, -1.2824084550283457], [36.86612339027959, -1.2824384633495498], [36.866096350727574, -1.2824575746348736], [36.86600738791146, -1.2825204559932257], [36.865956214883575, -1.2826093779911054], [36.8659560968812, -1.2826095829726758], [36.86590438584245, -1.282699439886408], [36.86581029795145, -1.2828595704768544], [36.86576338300848, -1.2829394182915812], [36.86575838296118, -1.2831154024236695], [36.865853769989506, -1.2833033114480432], [36.865853795990056, -1.28330336444326], [36.865848160874386, -1.2833051142872502], [36.86581622421835, -1.2833150344030104], [36.86581617921741, -1.2833150484017637], [36.86568472351734, -1.283355900760244], [36.865527656291135, -1.2834047114092844], [36.865511297955116, -1.2834097959561193], [36.865377015196955, -1.283451642225881], [36.86531889300373, -1.2834714084621275], [36.86531509392569, -1.283472700346873], [36.86511204975698, -1.2835417241880709], [36.865096905446144, -1.2835468777282106], [36.86509678944364, -1.283546609752391], [36.86500354445071, -1.2833310252230097], [36.86500254542936, -1.283328717431514], [36.86493536599348, -1.2831733974592123], [36.86492567579552, -1.2831798198831876], [36.86492564779495, -1.283179838881485], [36.86468907796214, -1.2833366528169368], [36.86468904796153, -1.283336672815145], [36.864628243719416, -1.283376978200137], [36.86430935320493, -1.2835883602413924], [36.86430212405667, -1.2835912769807678], [36.86430204005495, -1.283591310977732], [36.86400282691781, -1.2837120621853242], [36.86359359552401, -1.2838772124247158], [36.86359231249769, -1.283877730378465], [36.86358833841619, -1.283879334235073], [36.86357260609188, -1.283880467137991], [36.86356760098872, -1.2838808271071744], [36.86329343433634, -1.2839005734149915], [36.86329300632748, -1.283900604412337], [36.86228359951696, -1.2839733041821098], [36.86145029433679, -1.2840333210388126], [36.86129110403925, -1.283995752477917], [36.86128950300604, -1.283995374512574], [36.86128929100164, -1.283995324517057], [36.8612672185637, -1.284050691531485], [36.86123228987055, -1.2841383116415348], [36.861191512061296, -1.2842402434629314], [36.86118430391827, -1.2842582628404193], [36.86118428891797, -1.2842583008369124], [36.86105445427834, -1.2843846094889015], [36.86068254871724, -1.2847464139829408], [36.86007526637072, -1.2853372039039], [36.859778580324914, -1.2855821359127073], [36.85957625620207, -1.2857491669157988], [36.85934217641458, -1.2858878064894246], [36.859132247121146, -1.2860121433450775], [36.85911996987013, -1.286019493686115], [36.859118946849215, -1.2860201066312236], [36.85906872082203, -1.2860501779357314], [36.858965243705974, -1.286112134382132], [36.85894359726317, -1.286124710255054], [36.85894079220582, -1.2861263401090315], [36.85893689412603, -1.28612860490607], [36.858932231030714, -1.2861313136632684], [36.8587756718281, -1.28622227251158], [36.85866233150969, -1.2862881226100207], [36.85855542832296, -1.2863502320437477], [36.85849023398929, -1.2863881096491738], [36.857710291053266, -1.2868986588617828], [36.85771002704785, -1.2868988318461951], [36.85760031180618, -1.2869706524051239], [36.857571949226624, -1.2869892177401614], [36.85757174922253, -1.2869893487284243], [36.85724118246824, -1.2872057373220744], [36.857241107466706, -1.2872057873176834], [36.85690620162375, -1.2874250166565395], [36.85683080606858, -1.2874284693695837], [36.856830590064206, -1.2874284793687525], [36.8566441962195, -1.2874370156592447], [36.85601618327091, -1.2874820118047097], [36.855530173248056, -1.2875100094371446], [36.85531287880316, -1.2876368420701192], [36.854790158110646, -1.2879419707237916], [36.85425414720749, -1.2884469253620745], [36.85417509661769, -1.2885786615080987], [36.85417503861652, -1.288578758499379], [36.85412514461309, -1.2886619060175921], [36.85408904293347, -1.288867504489013], [36.85400144915323, -1.28895475264962], [36.853941740939746, -1.2890142243059213], [36.85373653675015, -1.2891591113068759], [36.85350966409606, -1.2892500361810575], [36.85347337135156, -1.28926458188108], [36.853363663096644, -1.289294960177204], [36.85309248352295, -1.2893700524934053], [36.85288817831838, -1.289409696984534], [36.8528227899727, -1.2894223858614473], [36.852719155839836, -1.289442496081503], [36.85261531570283, -1.2894626962935185], [36.85244807026092, -1.2894952314137866], [36.85233078084706, -1.2895180183969288], [36.85224449207118, -1.289534782913155], [36.85223708991886, -1.2895362207858299], [36.85223718992104, -1.2895365577554387]]]}}, {"type": "Feature", "properties": {"county": "NAIROBI", "subcounty": "Starehe  Sub County", "ward_count": 6}, "geometry": {"type": "Polygon", "coordinates": [[[36.85446490543481, -1.3160011832818206], [36.85446490243484, -1.3160012332773163], [36.85447737269188, -1.3160001943669026], [36.85458314687236, -1.3159913891261201], [36.85469514917878, -1.3159743906223074], [36.854841152179105, -1.3159333942717264], [36.855015155758814, -1.3158963975512092], [36.85516815889268, -1.3158214042646323], [36.855247160512626, -1.315788407214737], [36.85534216245999, -1.315746410971207], [36.8554301642726, -1.3157344120243641], [36.855475165201476, -1.3157344120094951], [36.85555016675776, -1.315759409730052], [36.85561216803884, -1.31576340934888], [36.855697169800905, -1.3157864072464291], [36.85575517099815, -1.3157864072272638], [36.85598617575017, -1.3157364116603507], [36.85631718256663, -1.3156874159701175], [36.85646318558196, -1.3156924154709975], [36.85662618896812, -1.315758409464702], [36.85685413272421, -1.3159153532336925], [36.856854193725496, -1.3159153952297988], [36.8570381975962, -1.3161383750571203], [36.85727220251091, -1.316398351530841], [36.857527207857615, -1.3166533284484254], [36.85773921228667, -1.3168163136775497], [36.85793921645017, -1.316924303871065], [36.85808621949358, -1.316952301297163], [36.858254222961286, -1.316952301241597], [36.8584552270923, -1.3168973061354923], [36.8586232305248, -1.3167893158202872], [36.85888423584311, -1.316577334854077], [36.85905223927373, -1.3164633450800425], [36.859217242653756, -1.316384352150445], [36.8594352471431, -1.3163523549644323], [36.859673252055636, -1.316352354885747], [36.859896256649755, -1.3163253572471103], [36.86012426136112, -1.3163413557286991], [36.86037926664404, -1.3164013502330356], [36.86059027100288, -1.3164123491712136], [36.86085427644226, -1.316382351789609], [36.861375287135715, -1.3161973683023458], [36.861635292472315, -1.3161053765138346], [36.86173229446396, -1.316073379367754], [36.86176511913793, -1.3160623553513058], [36.86173020742114, -1.3160741652976207], [36.86198821783411, -1.3163431169535067], [36.86198921786158, -1.3163641130594261], [36.86203821989608, -1.316435099640409], [36.862132223881964, -1.3165750749838043], [36.86236223378217, -1.317043989612536], [36.86241723595872, -1.3171709671412122], [36.86255924199664, -1.3174989075144672], [36.862634245592616, -1.3176458812328966], [36.862682247614636, -1.3177418645593826], [36.86272924961244, -1.317826848878355], [36.86284925411677, -1.317910833263264], [36.86294725915744, -1.3179658232708862], [36.8631652676972, -1.3180888011061844], [36.86323427113383, -1.3181267946562971], [36.8635182830408, -1.318264769117108], [36.86394629994098, -1.3184677326681653], [36.86405830527003, -1.3185207228513176], [36.864387319101844, -1.318646699379321], [36.86517135141485, -1.3190486268657295], [36.8658153788317, -1.3194305572019722], [36.86603638744533, -1.3195905286991603], [36.86620339493166, -1.3197115067314371], [36.8665714106156, -1.3199824581693262], [36.86674919432967, -1.3201194947494561], [36.867012428828744, -1.3203223963601212], [36.86764045493946, -1.320778313027224], [36.86801645679528, -1.3210711724858577], [36.86825148070567, -1.3212542268959389], [36.86891150848811, -1.3217451383951553], [36.869341526494075, -1.3221460660874043], [36.86957653642178, -1.3223830226349904], [36.86969954200757, -1.3225269966071458], [36.86998655406803, -1.3229459217229944], [36.87009533036216, -1.3230960891411843], [36.87009555836674, -1.3230958941586806], [36.87035156876624, -1.3234498301469515], [36.8704905747231, -1.323718781840073], [36.87057557854631, -1.323928743872166], [36.87061558040455, -1.3240287258399999], [36.870615908411786, -1.3240300667189588], [36.87067858378941, -1.3242866795502295], [36.87074758630781, -1.3245746275528454], [36.870767587779, -1.3247525954924828], [36.87078958827594, -1.3248835716704639], [36.870814589895225, -1.3251985142524487], [36.870834590388654, -1.3254444700591197], [36.870834590476896, -1.325713421797981], [36.87079958981627, -1.3259013878539276], [36.87069858587418, -1.3263353097450314], [36.8704145744245, -1.327589083740511], [36.87041418441654, -1.327589134736046], [36.87036257239701, -1.3277280592212757], [36.870310570403596, -1.327971015322088], [36.87027056871385, -1.328383941086295], [36.87027456985525, -1.3285629089406976], [36.87030357057444, -1.3289298428305711], [36.87032157199264, -1.329071817017329], [36.87038757451537, -1.3295597289814085], [36.87040031180369, -1.329637087998698], [36.87042757642083, -1.329802685051294], [36.87045617604487, -1.3299052267915137], [36.87045657805359, -1.329906666661521], [36.8704563230484, -1.3299066976588125], [36.870466743297726, -1.3300108862564959], [36.870387477664906, -1.3300201184502087], [36.86558237871436, -1.3306880598020865], [36.86393234473272, -1.3309130400586078], [36.86080128022851, -1.3312800080021367], [36.85957875998072, -1.3312365773287371], [36.859056244189496, -1.33121801417795], [36.857984221988495, -1.330995034650652], [36.857014201842325, -1.3306190688893507], [36.85524498000235, -1.3296450043464536], [36.85516716338193, -1.3296021612370188], [36.85317912194369, -1.328382271939831], [36.84954704626386, -1.3262384665268994], [36.846923445597504, -1.3246950346182782], [36.846060973626535, -1.3241876526706007], [36.845250814748816, -1.3237212500087951], [36.84279390556427, -1.3223068234029294], [36.842221893638516, -1.3219498557901392], [36.84129187427081, -1.3214379022750118], [36.8399665236394, -1.3206141960090991], [36.83921483096767, -1.3201470193951335], [36.83802380614401, -1.3194300844531581], [36.83807696520487, -1.319317872556309], [36.83720668607452, -1.3188194028031275], [36.83709300670669, -1.3187559045679373], [36.83688578239063, -1.3186401560761618], [36.83626876953348, -1.3182781889271509], [36.835379751007636, -1.3177542364777943], [36.83523074790061, -1.3176602450042973], [36.83489935499019, -1.3174506670161634], [36.83424572736021, -1.3170373015141892], [36.83316870488846, -1.3163173668016381], [36.8331307040947, -1.3162893693392876], [36.83243768961766, -1.3157724161923021], [36.83220468473199, -1.3155424370109854], [36.83173967498102, -1.3150824786478323], [36.831476669450886, -1.3147755064202609], [36.83119266346175, -1.314390541233531], [36.83106866084675, -1.3142225564246939], [36.83076365439182, -1.3137386001724578], [36.83038464633462, -1.3130256645954306], [36.830369544012314, -1.3129934225082363], [36.83021351168251, -1.31266030960226], [36.8300146384384, -1.3122357359587427], [36.82974963276517, -1.3116147920467658], [36.82974803273105, -1.3116115923358647], [36.82972976734206, -1.311575065636172], [36.82972963233926, -1.3115747956605424], [36.82970863189263, -1.3115347992745574], [36.82966763101846, -1.3114498069531753], [36.82936162450401, -1.3108448616114858], [36.829261622371405, -1.3106358804914162], [36.82900661693266, -1.310100928820131], [36.82892161511954, -1.309921944989677], [36.82883359124229, -1.3097372596744354], [36.82879961251764, -1.309665968115071], [36.82800620063486, -1.3081203847628255], [36.82733827042252, -1.306819242322986], [36.827325364147896, -1.3067941005945245], [36.82730372368451, -1.3067429442149687], [36.827195336369144, -1.306503566838204], [36.82716757777618, -1.3064422593761358], [36.82702259566196, -1.306069033081902], [36.82686611930627, -1.305682832961394], [36.826819524318104, -1.3056022642424678], [36.82645618560793, -1.3049584754191825], [36.82647956308576, -1.30494339477151], [36.82646727682361, -1.3049170381523498], [36.82644100728583, -1.304931581849437], [36.82634283218725, -1.3047104258256235], [36.826249334172566, -1.3044495053862086], [36.82621366640395, -1.30434996637439], [36.82602655841252, -1.3039534571929254], [36.825983947503566, -1.3038631583500206], [36.825822956073466, -1.3035348320111648], [36.82538798280602, -1.302647745150498], [36.82506841799431, -1.3019863349001468], [36.82470228118652, -1.301217512350822], [36.82444936778379, -1.300656843993177], [36.82442846833628, -1.3006073454636427], [36.82422967608008, -1.3001365139868628], [36.82414322721512, -1.2998881634106385], [36.82414277420494, -1.2998857336298733], [36.82409006602572, -1.2996027861624053], [36.82397706656943, -1.299220108707752], [36.82375755280275, -1.29849163247052], [36.823742957491355, -1.2984606302709367], [36.823694337454214, -1.2983573635989172], [36.82344458215469, -1.2979141026516001], [36.82287763412542, -1.2969098913909722], [36.82285448563502, -1.2968711238943376], [36.82278858523716, -1.296755683325531], [36.82271038957857, -1.296618704702974], [36.82245233011365, -1.296194209065423], [36.822041718420195, -1.2955246275776084], [36.82187782895036, -1.29525737273014], [36.82186365064942, -1.2952319270292945], [36.821738405998296, -1.2950292903423948], [36.82172301667247, -1.2950040216259038], [36.82169246602551, -1.2949538611589735], [36.82156445831476, -1.2947433161859951], [36.82156170325658, -1.294739162561446], [36.821207877764174, -1.2941582170616786], [36.82044080252136, -1.2928987588781857], [36.820375433132405, -1.2927764939242647], [36.82037184105807, -1.2927760449658758], [36.8197534198349, -1.291358621976165], [36.819687418427236, -1.2912186346201664], [36.819208408249416, -1.2903217156501923], [36.817840379140875, -1.2876289588932606], [36.81735236873037, -1.286583053356616], [36.817308369793544, -1.2864943493688552], [36.8171605306458, -1.2861962982906567], [36.81526332425227, -1.2823714337681047], [36.8149993186162, -1.2817904862327758], [36.8147933142327, -1.2813825230818228], [36.814657912343925, -1.2810903404690457], [36.81457830964562, -1.2809185649821848], [36.814423306305585, -1.280479604609274], [36.81422530205869, -1.2799806496590886], [36.81411429966506, -1.279660678543634], [36.81407129869143, -1.279389702988686], [36.81402829769179, -1.279036734826204], [36.813972296415805, -1.2786587689215665], [36.81394770285572, -1.2784935678239624], [36.81393329552757, -1.2783967925537998], [36.81389529463955, -1.2780698220455373], [36.8138562937621, -1.2778418426124858], [36.81378329215125, -1.277514872115304], [36.81371029055138, -1.2772228984627287], [36.81364128905985, -1.2770119175065633], [36.813499286017105, -1.2766629490146122], [36.81333128243655, -1.2763109808011681], [36.81317627914186, -1.2760140076253244], [36.813009275612785, -1.2757600305768129], [36.81283227187444, -1.2754970543427453], [36.812684268755184, -1.275298072329754], [36.81260694612762, -1.275200657137194], [36.81260079597519, -1.2751199364166919], [36.812598753932356, -1.2751178026097243], [36.81262719042311, -1.2748115992069824], [36.81263114450547, -1.2748136320225245], [36.8125951427112, -1.2746526605466306], [36.81259521071244, -1.2746520845985758], [36.812615689081156, -1.2744799931072024], [36.812614916065314, -1.2744802730822313], [36.81263060734976, -1.2743546334044586], [36.81263151536609, -1.2743470020921712], [36.81263214437747, -1.2743417165685016], [36.81263226837992, -1.2743413306033162], [36.81263228338019, -1.2743412106140302], [36.81271628503275, -1.274080234115979], [36.81276328598828, -1.2740322384281002], [36.81293428946476, -1.2738572541493887], [36.81293444146787, -1.2738570971634806], [36.81303729155857, -1.273751263672114], [36.81337792850567, -1.2734725916873166], [36.81349930098089, -1.273373297600467], [36.81364693999164, -1.2732516085243717], [36.813647303999105, -1.2732513085512753], [36.81367430455043, -1.2732313103456425], [36.81373030569397, -1.273190314023804], [36.81387730869522, -1.2730803238930823], [36.814050312214555, -1.2729103391630252], [36.8142963172197, -1.2726713606297353], [36.8143163176177, -1.2726233649504652], [36.8144303198906, -1.2723643882623688], [36.81445918045, -1.27224796074971], [36.81445932045272, -1.2722473988002811], [36.814514321520605, -1.2720314182546362], [36.814535801938035, -1.2719481467551077], [36.81457932278382, -1.2717794409510248], [36.814702325171346, -1.2712934847231758], [36.814852328079084, -1.2706885392141263], [36.81495333013791, -1.270602546934517], [36.815006331216395, -1.2705515515150467], [36.81509893510098, -1.270462911476868], [36.815287336935135, -1.2702825756749], [36.815416339560215, -1.270158586811976], [36.81580134740277, -1.2698136177897148], [36.81588534911713, -1.2697486236224045], [36.81615235455984, -1.2695216440005619], [36.81634335846724, -1.2694036545769658], [36.81654236256121, -1.269353659020839], [36.81683036850466, -1.269340660101011], [36.81700037201321, -1.2693336606779377], [36.81782038893617, -1.2692986635718644], [36.81837240032768, -1.2692736656497976], [36.81895041225722, -1.2692526673587556], [36.819530424210505, -1.2691756741153666], [36.8196374264135, -1.2691546759744121], [36.81982143020187, -1.269118679161052], [36.82004843986552, -1.269041675031077], [36.82011644026036, -1.26901167871374], [36.820175453471144, -1.268986676948952], [36.82031171226303, -1.2689172611637594], [36.820824734826196, -1.2688193668260428], [36.82083070794923, -1.268818224927083], [36.82121745892446, -1.2687827130055145], [36.82121749692524, -1.2687827120055923], [36.82246748475505, -1.2688407013795737], [36.82246754875638, -1.2688407043792829], [36.823107497985376, -1.2688866990288388], [36.82351531941564, -1.2689155682963342], [36.82412451900864, -1.268958692214403], [36.8241246180106, -1.2689586832152708], [36.82457552831361, -1.26893369232473], [36.824575635315824, -1.2689336783259568], [36.824771644350704, -1.268893690868621], [36.82576468479641, -1.2687047245888503], [36.827535758262165, -1.2683727829516418], [36.8280858135793, -1.268243573425564], [36.830127865592736, -1.2677638910221152], [36.831105905721174, -1.2675549275502844], [36.831591926719796, -1.2674389488519004], [36.832668970871765, -1.2671649972079253], [36.83374101493237, -1.2669300390499518], [36.83392902280534, -1.2669020435141443], [36.83409198317892, -1.2669308528650354], [36.834093029200574, -1.2669310388478614], [36.83467505415347, -1.266727075051606], [36.83472105506438, -1.266603097214385], [36.83482205910123, -1.2664481251540192], [36.835030068336344, -1.2662581592146864], [36.835235076498265, -1.2660321995212391], [36.83528407849336, -1.2659792092830497], [36.83572409644756, -1.2655622837318086], [36.835959106230135, -1.2653403236681813], [36.836288119947305, -1.2650983673775977], [36.836414124521845, -1.2650123830895863], [36.83687214388047, -1.264700438067844], [36.83719815654152, -1.2644774780655574], [36.83771917818619, -1.264118543260339], [36.83791918627269, -1.2639815675459762], [36.838130195587176, -1.263847591557751], [36.83844220796725, -1.263650626216364], [36.83854721211477, -1.2635856380420603], [36.83875722141088, -1.2634586614231706], [36.83891155057237, -1.2633797024927649], [36.838920117757176, -1.26340511219919], [36.838943228255765, -1.2634736580120531], [36.83894844436566, -1.2634807563704957], [36.83906223376318, -1.263635629371729], [36.83911456286276, -1.2636969658252102], [36.83920253771124, -1.263800086500363], [36.839206858801944, -1.2638051520422777], [36.839207239809994, -1.2638055980019882], [36.83923324134681, -1.2638055979937388], [36.83939424765738, -1.2637626058186553], [36.83953925364576, -1.2637456093050037], [36.83968325961348, -1.263728611791759], [36.83978626374001, -1.2637286117590834], [36.839822265485104, -1.263734610206828], [36.83988726783057, -1.2637456081946916], [36.840194281200745, -1.2638475899029997], [36.840415289776885, -1.263890581956873], [36.8404971014689, -1.2639001820653981], [36.84062829918221, -1.2639155776357887], [36.840891309617334, -1.263932574019983], [36.841223323471716, -1.2639325739146379], [36.84161433956008, -1.263983564193399], [36.841675342820075, -1.2639855639937325], [36.84177689591788, -1.2639897695824251], [36.841844349311295, -1.263992563309111], [36.841963354768104, -1.263992563271349], [36.84201905991918, -1.2639960439398865], [36.8420913594132, -1.2640005615096719], [36.84221836504053, -1.2640175579370068], [36.84234637068306, -1.2640175578963877], [36.84247437532567, -1.2640175578557689], [36.84254659381821, -1.2640226743715401], [36.842601898960986, -1.264026131042365], [36.84267790052998, -1.2640261310182475], [36.842728901588224, -1.2640431294695176], [36.84286890447478, -1.2640311305068614], [36.84299190698404, -1.2639351391220899], [36.843046908205075, -1.2642091144038266], [36.84305160930536, -1.2642193394805168], [36.84305239932201, -1.2642205213737183], [36.84305675941516, -1.2642305424688014], [36.84319561437619, -1.264532579193915], [36.84321791185166, -1.2645810808140663], [36.84322023990367, -1.2645936916763396], [36.84322991211973, -1.2646460749505029], [36.843230728137996, -1.2646506585370227], [36.84323140715263, -1.2646524433759487], [36.84323104114503, -1.2646524153784986], [36.84324291241095, -1.2647190683654626], [36.843272820075136, -1.2648685888755662], [36.843312913965576, -1.2650690367908608], [36.84334791474599, -1.2652540201020528], [36.8433571739527, -1.2653038726044572], [36.84338691561686, -1.2654640011581324], [36.84338912966633, -1.2654759970759146], [36.84341791630942, -1.265631986003106], [36.84344791697821, -1.2657899717498506], [36.84348021469835, -1.2659604823665924], [36.84352291865051, -1.2661859360264254], [36.84352396967402, -1.266191717504786], [36.84352491869523, -1.266196935034155], [36.84354046203931, -1.2662711453384283], [36.84367592203836, -1.266917869987332], [36.84373972045164, -1.2672247782963673], [36.84375635982018, -1.2673048220743266], [36.84376442499958, -1.267345839373677], [36.84376452700185, -1.2673463563269904], [36.84376498701204, -1.2673486981157256], [36.84376543102194, -1.267350956911941], [36.84376592403203, -1.2673508309231327], [36.84376697205565, -1.2673571203557346], [36.84376792407707, -1.2673628298406947], [36.843773924211334, -1.2673958268637642], [36.843797643733026, -1.2674979546484233], [36.84382292528912, -1.26760680782624], [36.843844925789334, -1.2677537945669333], [36.843902314057196, -1.2680190696314828], [36.843905927137044, -1.2680357691246649], [36.8439078951805, -1.2680448293072104], [36.843943927976454, -1.2682107533359641], [36.84401296648933, -1.2684903301071986], [36.84408393104459, -1.2687777021750395], [36.844098385371126, -1.2688675170726336], [36.844111930677215, -1.2689516824799396], [36.84417393306765, -1.2693036547260406], [36.844253267820925, -1.2696715245331585], [36.84434493684679, -1.2700965831800237], [36.844409068265335, -1.2703978569961745], [36.84443476483374, -1.270518574103937], [36.84446093941276, -1.2706415340092398], [36.84452894091772, -1.2709635049579504], [36.844639943380926, -1.2715094556983155], [36.84464479648856, -1.2715329595775846], [36.84470394479962, -1.2718194277299233], [36.844755945931674, -1.2720054109445438], [36.84482494742662, -1.2722293907277604], [36.84483694769451, -1.272293384953967], [36.84485613912257, -1.2723947258106487], [36.8448689484083, -1.2724623697075585], [36.84487288449575, -1.272482173920726], [36.844931682802766, -1.2727780412254763], [36.84502295183142, -1.273237299787808], [36.84512684012631, -1.2737140817659809], [36.84520095576342, -1.2740542260733512], [36.845201079766184, -1.2740548480171967], [36.8452439557191, -1.2742699826059882], [36.84531095820829, -1.2746061762717231], [36.84537295958752, -1.2749211478523947], [36.8454621305676, -1.2753626540153185], [36.84553896327367, -1.2757430736899606], [36.84554851148584, -1.2757908113825482], [36.84555896371817, -1.2758430646677104], [36.84558998842145, -1.276042142707755], [36.84561085189435, -1.2761760156302522], [36.84566196605313, -1.2765040050402676], [36.84569196672991, -1.2766859886218935], [36.845742284846516, -1.2769325683724884], [36.84579296897129, -1.2771809439610535], [36.84579299997199, -1.2771810969472623], [36.84587897088064, -1.2776049057061114], [36.845951461542775, -1.278129172411157], [36.84598197324245, -1.278349838504394], [36.846014973962255, -1.2784718274942992], [36.84616222118248, -1.2790425159892453], [36.84623297872993, -1.2793167512391441], [36.84626682547426, -1.2794610312188042], [36.84630898040138, -1.2796407220027444], [36.84632533178794, -1.2797957620177716], [36.8463379810871, -1.2799156971992705], [36.846349956351375, -1.2799695793369485], [36.84634954434287, -1.2799696723287033], [36.84634942234035, -1.2799696993263106], [36.84634334621523, -1.2799705572508875], [36.84625754244776, -1.2799826791854687], [36.846237992044884, -1.279984984983854], [36.846075757701826, -1.28000411631093], [36.84606253442932, -1.2800056751745694], [36.84605037117851, -1.2800064141119107], [36.845881526696246, -1.2800166732410843], [36.84588097168475, -1.2800166832403614], [36.84575452107458, -1.2800176731917328], [36.84571805832207, -1.280018092165708], [36.84526370994423, -1.2800233138408892], [36.84523119027299, -1.280023687817651], [36.84514549650426, -1.2800246727563744], [36.84456794457719, -1.2800116871128808], [36.84456747256749, -1.2800116751141133], [36.844567169561216, -1.2800116891129498], [36.84454547111356, -1.280012675031017], [36.84457547287189, -1.2804515954445184], [36.84461247483746, -1.2810884810052303], [36.844625326155196, -1.2812536741057452], [36.84464047652968, -1.2814484165411892], [36.84466347707765, -1.2816793747083195], [36.844677478406, -1.2818033525247297], [36.844670477292254, -1.2819003347821472], [36.84465211293099, -1.2819566127135265], [36.84462447638724, -1.2820413090853546], [36.84458496860075, -1.282133067824239], [36.84455994510307, -1.2821924924739208], [36.84453694464057, -1.2822314889650426], [36.844441942730356, -1.2823924744795596], [36.8444313755179, -1.2824103638698452], [36.844285441583686, -1.2826574206397083], [36.84425293893012, -1.2827124456884897], [36.84420224091094, -1.2827989719027804], [36.844194937764144, -1.2828114367812256], [36.84419446175451, -1.2828121727149915], [36.84415595197868, -1.2828722473104475], [36.84409748480056, -1.2829634451058514], [36.84408262450115, -1.2829866260204592], [36.84406993524539, -1.2830064192397348], [36.843994835695035, -1.2830064192639246], [36.84373392830879, -1.2830064193479631], [36.8437079277721, -1.283006419356338], [36.84349580039587, -1.283015762582252], [36.843480923088876, -1.2830164185279518], [36.84301891355697, -1.2830354169636595], [36.842901009128134, -1.283051901515169], [36.84280818521601, -1.2830648793748638], [36.84278290869534, -1.2830684140643087], [36.8427649083243, -1.2830704138897708], [36.842693333849866, -1.2830803530166388], [36.84269290684103, -1.2830804130113715], [36.8424939027359, -1.2830904121737925], [36.842363900053954, -1.2830964116747487], [36.842254910805714, -1.2831019672089314], [36.84210889479362, -1.2831094105847944], [36.842040893390674, -1.2831124103361953], [36.8416515973621, -1.283138619098311], [36.84163988512056, -1.2831394080310112], [36.84130887829489, -1.2831644058835288], [36.8412321777175, -1.283183456190542], [36.840994871836955, -1.2832423989521278], [36.84090486998872, -1.283273396186099], [36.84069757473224, -1.2833459997062102], [36.840550862719695, -1.2833973851201463], [36.84040790978263, -1.2834422081244163], [36.84026385682296, -1.2834873770980528], [36.840264029826685, -1.2834878190580932], [36.84027485705889, -1.2835153745699892], [36.84037285917199, -1.2837983490225957], [36.840454758938144, -1.2840354756144607], [36.84048786165198, -1.2841313189615096], [36.84054186279512, -1.2842203109197485], [36.840198855764775, -1.2843812965142138], [36.83972005795709, -1.284624309756052], [36.83967284499007, -1.284648272610477], [36.83943084001853, -1.2847262656559224], [36.83924983628994, -1.2847522633700073], [36.83915583434259, -1.2847312652937688], [36.83913883401696, -1.28481125808623], [36.83917883486887, -1.2848932506800548], [36.83929047320216, -1.2849829025600452], [36.839432840177686, -1.2850972322049892], [36.83959684361506, -1.2852592175457294], [36.83966684508093, -1.2853242116625283], [36.8396966667114, -1.2853707914527985], [36.83983584865401, -1.2855881878049926], [36.8398658492985, -1.2856671806724862], [36.83991685036728, -1.2857171761478356], [36.839944850970475, -1.2857961690158763], [36.83997285156415, -1.2858451645889013], [36.8399858518424, -1.2858761617896344], [36.840007852302605, -1.285895160069495], [36.84001985256373, -1.2859371562786872], [36.840015852487525, -1.2859571544766806], [36.840024852687904, -1.2860031503262508], [36.84003885297958, -1.286011149600465], [36.840044019086434, -1.286011794540695], [36.84004685314501, -1.2860121495077126], [36.84005285327108, -1.2860191488746786], [36.840062853483296, -1.2860371472484902], [36.840065853552524, -1.2860601451738027], [36.840085853974074, -1.286087142732859], [36.84008985406745, -1.2861211396660723], [36.840110854505106, -1.286134138487178], [36.84012685483551, -1.2861341384820117], [36.84014585522775, -1.2861341384758773], [36.840152855373496, -1.286138138112939], [36.84015385539573, -1.2861431376618584], [36.840155855439555, -1.2861511369398564], [36.84016285559271, -1.2861781345031964], [36.84035877572045, -1.2864389979174333], [36.84035885972223, -1.2864391109072273], [36.84027885806521, -1.2864221124657704], [36.840181856059374, -1.286412113398792], [36.84003585303939, -1.286394115068905], [36.840029035899654, -1.2863973477795203], [36.840003453375374, -1.2864094816936735], [36.83995785144083, -1.2864311117579943], [36.839862856494214, -1.286477102641584], [36.839727846719335, -1.286516104168384], [36.83960984429523, -1.286554100780313], [36.83954684300126, -1.286575098907186], [36.83943584071145, -1.2865810984020172], [36.83932883850365, -1.286585098075897], [36.83915483491286, -1.2865900976813347], [36.83906883313643, -1.2865870979795297], [36.83900282477361, -1.2865870910015669], [36.838933830345674, -1.286576097015175], [36.83893379134495, -1.2865760890159084], [36.83886782897768, -1.2865591005691028], [36.83877682709446, -1.286545101860775], [36.83868681722941, -1.286524097783764], [36.8385488283739, -1.2865031007217043], [36.8383888190596, -1.286469108838505], [36.83820881134324, -1.2864691008973548], [36.83807015948504, -1.2864828387033598], [36.83799681097298, -1.28649010707163], [36.837906809112624, -1.286483107731878], [36.837771813310596, -1.2864361030138762], [36.837615803069575, -1.2863731177437379], [36.837462799899924, -1.2863391208587098], [36.83735579767967, -1.286304124048905], [36.837332335193224, -1.2862976726382105], [36.8373157968503, -1.2862931250535896], [36.83727879308318, -1.2862831179679464], [36.83713679313935, -1.2862451294392223], [36.837136757138595, -1.2862451164404052], [36.837032790975506, -1.2861931341613106], [36.83695378933908, -1.2861761357195955], [36.83685278724582, -1.286151138006243], [36.83678678588311, -1.2861511380275505], [36.836703784166346, -1.2861411389559438], [36.836637782796096, -1.28611714114112], [36.83657578150703, -1.2860891436856783], [36.83657572850593, -1.2860890996897478], [36.83644677881373, -1.285995152202629], [36.83638169245287, -1.285941050102106], [36.83636377207809, -1.2859261634502392], [36.83636373307727, -1.285926135452774], [36.83629077555604, -1.2858791627118096], [36.836235775399494, -1.2858131676804054], [36.836235757399116, -1.2858131456823931], [36.83617977422143, -1.2857441739196451], [36.83617974722086, -1.2857441349231669], [36.83615277264859, -1.285696179256077], [36.83614005636304, -1.2856235258113862], [36.83613877233418, -1.285616186473516], [36.83614177237735, -1.2855571917921116], [36.836141762377125, -1.2855571047999517], [36.83613476718986, -1.28542220396626], [36.836134760189616, -1.2854221589703152], [36.83612210990074, -1.285334962836854], [36.83612209290034, -1.285334842847668], [36.83611920984088, -1.28533495883815], [36.83611277270807, -1.2853352178168964], [36.8360308450176, -1.285338547543098], [36.835773580709414, -1.2853490046831624], [36.8350096619503, -1.2853902012149938], [36.83433611205541, -1.28542650215906], [36.83389145988091, -1.285445450593929], [36.833845380930164, -1.2854474144317036], [36.83380219603912, -1.2854493662696256], [36.83329635760328, -1.2854749471263034], [36.83304116933856, -1.2854878520450175], [36.8329205178508, -1.2854981611543472], [36.832431285762816, -1.2855399625430028], [36.83243056674802, -1.2855400235377403], [36.83242591365144, -1.2855385126755268], [36.83238843187369, -1.285526339785211], [36.83236643341953, -1.285526342792038], [36.832297029986584, -1.2855263528135303], [36.83221132621881, -1.2855321543181029], [36.83213425064376, -1.2855835157117468], [36.832102570009646, -1.2856463030605298], [36.8320885247369, -1.285700610168197], [36.83209720493881, -1.285771927734694], [36.832134260723876, -1.2858348650477776], [36.832155034157225, -1.2858487427897198], [36.83215506715792, -1.2858487637878173], [36.83219400197002, -1.2858747734299099], [36.832245549036145, -1.2858805118958696], [36.8322711015647, -1.2858833356329746], [36.832325142678954, -1.2858786610370954], [36.832402511274275, -1.285871969615465], [36.83249393715288, -1.2858433961624425], [36.832797060428355, -1.2858963472899714], [36.83301442093108, -1.285943319984373], [36.8330146989368, -1.2859431759972542], [36.83330671398605, -1.2860061522244188], [36.83386953366028, -1.2861755347695087], [36.83391472659769, -1.286189135528597], [36.83391481459951, -1.2861891185301002], [36.83400872853277, -1.2861711371210978], [36.83425935173939, -1.2862718599580678], [36.83478799272155, -1.286484315630081], [36.835145752153785, -1.2866280955498257], [36.83548225414014, -1.286749936454704], [36.835805765856676, -1.2868670737878387], [36.83620477414526, -1.2870260593230516], [36.83630964532451, -1.2870700603215461], [36.836310773350085, -1.2870772066767555], [36.83658414102851, -1.287185518821773], [36.83705393879527, -1.2873970495959157], [36.83710571687176, -1.2874207674405136], [36.83711127998362, -1.2874113112914092], [36.83724979586242, -1.2874710188626757], [36.837664804498736, -1.2876849994335386], [36.838156706743355, -1.287964191099208], [36.838418820202264, -1.288112960599518], [36.839088191142125, -1.2884907793141027], [36.83951184296477, -1.2887299046144665], [36.840035730864386, -1.2889927627420634], [36.840621866058996, -1.289286854033079], [36.840737774473546, -1.2893546348836016], [36.84093120650304, -1.2894677506208354], [36.84095187293349, -1.2894798365243338], [36.84099498283582, -1.2895181830524909], [36.841022590413594, -1.2895427408290667], [36.84110587615661, -1.2896168241217072], [36.84123387886079, -1.2898098066782726], [36.841298880272326, -1.2900277870008907], [36.84127733990101, -1.2902580732419509], [36.84127396284289, -1.2902941849866483], [36.841272879824224, -1.2903057619430318], [36.841203878515834, -1.2906697291447249], [36.841107713693845, -1.2911815050264404], [36.84102046804101, -1.2916458111857874], [36.84099347252956, -1.2917894752395376], [36.84098987446137, -1.2918086265137123], [36.840676867985636, -1.2917656304924097], [36.8396188460592, -1.2915046543690818], [36.83960684582038, -1.2915326518483057], [36.839604199767635, -1.2915386733061431], [36.83960382976003, -1.2915385993130175], [36.83957607820697, -1.2916007937136231], [36.83948984346007, -1.2917056362873602], [36.83942725718015, -1.2917438978574682], [36.839063246736075, -1.291966431908401], [36.83892781596635, -1.2920485535469424], [36.8388382791254, -1.2920724274231723], [36.83876305656481, -1.2920484226122684], [36.83874482818651, -1.2920426061426458], [36.83869177308979, -1.2920381515615338], [36.83861380947811, -1.2920315551817276], [36.83852325560652, -1.2920252167825852], [36.83852328660717, -1.2920252697778003], [36.83853299681296, -1.2920418812767482], [36.838546817105744, -1.2920655231403584], [36.83857342666941, -1.292110042117172], [36.83886396082296, -1.2925961101914927], [36.838864805840835, -1.2925975060653712], [36.83912881042538, -1.2930164691993706], [36.83948680400496, -1.2936064258830229], [36.839901813742514, -1.2941363279633535], [36.83990183874303, -1.2941363639601022], [36.8399888735858, -1.2942797690000378], [36.840290812978715, -1.2947772820374885], [36.840338411989094, -1.2948639422072807], [36.84039907927701, -1.2949744152253582], [36.840502879480525, -1.2951634901411866], [36.84067185306761, -1.2954712443336611], [36.84085085685542, -1.2957592183064026], [36.84096786233157, -1.2959482062257177], [36.84126786566966, -1.2963991604617437], [36.84161887310634, -1.2969921068760508], [36.84163286540322, -1.2970170976178705], [36.84169795378055, -1.2971219101447122], [36.84214388421719, -1.2978400302395614], [36.8421457722571, -1.2978430079703938], [36.84216988476714, -1.2978810265339684], [36.84252521028775, -1.2984575284291253], [36.842540900619895, -1.2984829631302672], [36.842540975621475, -1.298483058121684], [36.84256789318616, -1.2985109695958355], [36.84278389775952, -1.2988659375141003], [36.84279089790754, -1.298876936519939], [36.842874887684204, -1.2990098955021647], [36.842874904684564, -1.2990099214998168], [36.843030902988, -1.2992679011840624], [36.843042903241454, -1.2992858995570107], [36.843174258018585, -1.2994892071795499], [36.843188906328244, -1.299511879130192], [36.84319590847662, -1.2995238770459334], [36.84319592347702, -1.2995238980440367], [36.84321901696362, -1.2995546522630101], [36.843409910986225, -1.2998088522766267], [36.8435899147657, -1.3000058344536278], [36.843694916975195, -1.3001358226967694], [36.8436949409757, -1.3001358466945998], [36.84400090338558, -1.3004267773579639], [36.8440009243861, -1.3004267953563353], [36.84425592871059, -1.3006137794104196], [36.84457993546058, -1.30080376217147], [36.844819940457384, -1.3009347502802124], [36.844967289519886, -1.3009987374614986], [36.845093946152296, -1.3010537394599033], [36.84533542516511, -1.3011398856121166], [36.84549195441447, -1.3011957265250707], [36.845779960384206, -1.3012707196678368], [36.84604397185341, -1.3013297202606988], [36.84642398271727, -1.3013887108165496], [36.84695595070479, -1.3014067030200953], [36.846955984705495, -1.3014067030200842], [36.84722694529406, -1.3013909413530151], [36.84724166459761, -1.301390085425325], [36.84742002927637, -1.3013797133024676], [36.84753401762516, -1.301366227481372], [36.84794860616782, -1.3013171807692359], [36.848019991638786, -1.30130873550746], [36.8486429934756, -1.3012344350045855], [36.84897466830967, -1.301194855465667], [36.849269267378276, -1.3011548569767035], [36.849541691990005, -1.3011178682234528], [36.84988886614104, -1.301069405480583], [36.85060173582465, -1.30096989422206], [36.850672893290444, -1.3009602250708185], [36.85070473994642, -1.3009558974506947], [36.85113775786674, -1.3008989074488317], [36.85154669829035, -1.3008434383177216], [36.852250803794014, -1.3007479337007566], [36.85229016960505, -1.3007428551458402], [36.852312807071314, -1.3007399354017866], [36.8524161141998, -1.3007274084978044], [36.852749825075385, -1.3006869440380093], [36.853754866777024, -1.3005489681530933], [36.854348891015974, -1.3004779813610023], [36.85446296536231, -1.300452204648415], [36.85467190465995, -1.3004049938378826], [36.85489991335488, -1.3003690000094739], [36.85523933534836, -1.3003296734453251], [36.85543493537857, -1.3003070114253024], [36.85544038649075, -1.3003059375202832], [36.85550093873684, -1.3002940135758618], [36.85548691541419, -1.3001908428848843], [36.8554871044181, -1.300190820886893], [36.855501388746774, -1.3002961813803011], [36.85553116143205, -1.3005157845655924], [36.85555316193664, -1.3006727704005256], [36.855553258938635, -1.300672745402835], [36.855644276034674, -1.3013479594785167], [36.855674164723, -1.301569689471787], [36.855690711103456, -1.301690418578251], [36.85571116557374, -1.3018396651115998], [36.85573055701949, -1.3019808593715279], [36.85575016647027, -1.302123639488301], [36.855860170993815, -1.302908568662187], [36.85586020199454, -1.3029087936419057], [36.85592717053286, -1.3033925249936154], [36.85593217064762, -1.3034285217454868], [36.85595417115403, -1.303590507129238], [36.85610643865844, -1.304710635057489], [36.85615017566509, -1.305032377025752], [36.85618117639279, -1.3053043524865446], [36.85621053808315, -1.3055652339483461], [36.856260178250196, -1.3060062891536353], [36.85626917846122, -1.3060842821166192], [36.85630017918836, -1.3063542577575762], [36.85645118266679, -1.3074721568848482], [36.85647718326551, -1.3076641395613247], [36.856482183380656, -1.3077011362229816], [36.8565391806911, -1.308115039874035], [36.8565391896914, -1.3081150978688065], [36.85665718740564, -1.3089760211825117], [36.856696188303005, -1.309260995467415], [36.8567181518088, -1.3094227538710124], [36.85671819280964, -1.3094229798506372], [36.85673954628107, -1.3095174033273134], [36.85675162255753, -1.3096012887575843], [36.85674985154692, -1.3096815475194665], [36.85670050056357, -1.309790505708608], [36.85670032456004, -1.30979085567713], [36.85670018855725, -1.3097909476687974], [36.856494184437615, -1.3101999108514681], [36.85647528705984, -1.3102377024491125], [36.85643118317805, -1.3103258995089606], [36.85637818211815, -1.3104308900571489], [36.85633150618466, -1.3105234507241894], [36.85613917733839, -1.3109048473884615], [36.855772170010674, -1.3116687786082897], [36.855745319473804, -1.3117223037895314], [36.85561416685145, -1.3119837502521505], [36.85540816273208, -1.3123927134343447], [36.85523715331676, -1.312745678655568], [36.85523707531519, -1.3127458366412685], [36.85504733252632, -1.3131392852173347], [36.85504715552277, -1.313139646184866], [36.85504553449114, -1.3131451576883093], [36.85503715532746, -1.3131736431218242], [36.85497915416465, -1.3132796335812513], [36.85497686511925, -1.3132853560659035], [36.854971154005966, -1.3132996317802321], [36.85493299225548, -1.313414105467966], [36.85491415288501, -1.3134706163772987], [36.85491618196379, -1.3135842031317748], [36.85491715300151, -1.3136386012250436], [36.854928150268826, -1.3137625900384045], [36.85492836227393, -1.3137650658149727], [36.85493415341578, -1.3138335836331414], [36.85495457787471, -1.313948401270512], [36.854979154426914, -1.3140865608011743], [36.85508515667478, -1.3142705441719498], [36.85506215621242, -1.3143085407524941], [36.8549131531813, -1.3144455284461032], [36.85482109631302, -1.3145439545989583], [36.854812151131554, -1.3145535187393584], [36.85461814716885, -1.3146825071693595], [36.85455514597381, -1.315006477969676], [36.85455117490489, -1.3150465543562435], [36.854480776683005, -1.3157570302980217], [36.85448014467198, -1.3157634097229192], [36.85446243838393, -1.316001438259659], [36.854464781432235, -1.3160011962806901], [36.85446490543481, -1.3160011832818206]]]}}, {"type": "Feature", "properties": {"county": "NAIROBI", "subcounty": "Mathare  Sub County", "ward_count": 6}, "geometry": {"type": "Polygon", "coordinates": [[[36.854086136620836, -1.265915957009483], [36.85402245130645, -1.2659163229967627], [36.85391213302944, -1.265916956974638], [36.85332112083094, -1.2659199568920383], [36.85327811994332, -1.2659199569057078], [36.85321711868479, -1.2659219567447813], [36.85321711868425, -1.2659202398996097], [36.85321711868417, -1.2659199569250994], [36.85308336792354, -1.2659208598861948], [36.85306911562944, -1.2659209568819887], [36.853016688547335, -1.2659211698794695], [36.852577105474026, -1.2659229568580737], [36.85241610215101, -1.2659239568191838], [36.852290828564236, -1.2659213360952573], [36.85217709721585, -1.2659189573458638], [36.852074607099524, -1.2659165235978507], [36.85179808938952, -1.2659099582777689], [36.85174808835713, -1.2659089583838214], [36.85168108697371, -1.2659079584952777], [36.851628085879085, -1.2659059586924426], [36.851577084825955, -1.265904958798813], [36.851334079813924, -1.2659179577039967], [36.851329079710645, -1.265917957705586], [36.85123507777185, -1.2659229572846746], [36.85094407176511, -1.2659239572871075], [36.85082778536495, -1.265924902238867], [36.850821069226406, -1.265924957236048], [36.850678066274774, -1.2659259571913464], [36.85061506497462, -1.2659269571212137], [36.85044401544485, -1.2659306118461147], [36.85038106014566, -1.265931956744805], [36.85027005785905, -1.2659469554278937], [36.8501370551195, -1.2659659537571664], [36.84983704894597, -1.2660279482631702], [36.8497569052969, -1.2660448187675764], [36.84974204699119, -1.266047946490296], [36.849189032615314, -1.2661749222179923], [36.84914103462788, -1.2661859342404305], [36.8488030276746, -1.266262927406166], [36.848527522004986, -1.2663191404256315], [36.847916009420636, -1.2664439113707562], [36.847779006598685, -1.2664639096111612], [36.84772200542606, -1.2664769084573224], [36.84698399024244, -1.2666408939071834], [36.84695716769004, -1.266645038542022], [36.84676398571148, -1.2666748909119607], [36.846662983633024, -1.2666958890509459], [36.846434978941, -1.2667428848863092], [36.84627950074162, -1.2667755309923427], [36.84623497482534, -1.2667848811635587], [36.84606597134753, -1.2668198780619668], [36.845924968446724, -1.2668518752219444], [36.845693963693904, -1.2669028706977308], [36.845584961451266, -1.266926868568706], [36.84518787728187, -1.2670161786428713], [36.84517595303663, -1.267018860404922], [36.84491294762505, -1.2670758553499548], [36.84485694647272, -1.267087854285878], [36.84469394311742, -1.2671188515431124], [36.84468163086395, -1.2671212233331193], [36.84444572200813, -1.2671666743103616], [36.84428393467798, -1.2671978445515426], [36.84418493264106, -1.267219842599662], [36.84397301228368, -1.2672756046396023], [36.84395692795298, -1.2672798372631926], [36.84376592403203, -1.2673508309231327], [36.84376543102194, -1.267350956911941], [36.84376498701204, -1.2673486981157256], [36.84376452700185, -1.2673463563269904], [36.84376442499958, -1.267345839373677], [36.84375635982018, -1.2673048220743266], [36.84373972045164, -1.2672247782963673], [36.84367592203836, -1.266917869987332], [36.84354046203931, -1.2662711453384283], [36.84352491869523, -1.266196935034155], [36.84352396967402, -1.266191717504786], [36.84352291865051, -1.2661859360264254], [36.84348021469835, -1.2659604823665924], [36.84344791697821, -1.2657899717498506], [36.84341791630942, -1.265631986003106], [36.84338912966633, -1.2654759970759146], [36.84338691561686, -1.2654640011581324], [36.8433571739527, -1.2653038726044572], [36.84334791474599, -1.2652540201020528], [36.843312913965576, -1.2650690367908608], [36.843272820075136, -1.2648685888755662], [36.84324291241095, -1.2647190683654626], [36.84323104114503, -1.2646524153784986], [36.84323140715263, -1.2646524433759487], [36.843230728137996, -1.2646506585370227], [36.84322991211973, -1.2646460749505029], [36.84322023990367, -1.2645936916763396], [36.84321791185166, -1.2645810808140663], [36.84319561437619, -1.264532579193915], [36.84305675941516, -1.2642305424688014], [36.84305239932201, -1.2642205213737183], [36.84305160930536, -1.2642193394805168], [36.843046908205075, -1.2642091144038266], [36.84299190698404, -1.2639351391220899], [36.84286890447478, -1.2640311305068614], [36.842728901588224, -1.2640431294695176], [36.84267790052998, -1.2640261310182475], [36.842601898960986, -1.264026131042365], [36.84254659381821, -1.2640226743715401], [36.84247437532567, -1.2640175578557689], [36.84234637068306, -1.2640175578963877], [36.84221836504053, -1.2640175579370068], [36.8420913594132, -1.2640005615096719], [36.84201905991918, -1.2639960439398865], [36.841963354768104, -1.263992563271349], [36.841844349311295, -1.263992563309111], [36.84177689591788, -1.2639897695824251], [36.841675342820075, -1.2639855639937325], [36.84161433956008, -1.263983564193399], [36.841223323471716, -1.2639325739146379], [36.840891309617334, -1.263932574019983], [36.84062829918221, -1.2639155776357887], [36.8404971014689, -1.2639001820653981], [36.840415289776885, -1.263890581956873], [36.840194281200745, -1.2638475899029997], [36.83988726783057, -1.2637456081946916], [36.839822265485104, -1.263734610206828], [36.83978626374001, -1.2637286117590834], [36.83968325961348, -1.263728611791759], [36.83953925364576, -1.2637456093050037], [36.83939424765738, -1.2637626058186553], [36.83923324134681, -1.2638055979937388], [36.839207239809994, -1.2638055980019882], [36.839206858801944, -1.2638051520422777], [36.83920253771124, -1.263800086500363], [36.83911456286276, -1.2636969658252102], [36.83906223376318, -1.263635629371729], [36.83894844436566, -1.2634807563704957], [36.838943228255765, -1.2634736580120531], [36.838920117757176, -1.26340511219919], [36.83891155057237, -1.2633797024927649], [36.83896966076281, -1.2633499721547192], [36.838969823765844, -1.263349193224828], [36.83911082666911, -1.2633241954338637], [36.83932483107701, -1.26329119834089], [36.83949283454199, -1.2632801992792149], [36.84001484530836, -1.263246202178727], [36.84026785051351, -1.263188207326974], [36.840441854088944, -1.2631342121398375], [36.84052085571209, -1.263109214368455], [36.84068385904457, -1.2630042237822983], [36.84068461706028, -1.2630045377536885], [36.84090930965375, -1.2628597677343147], [36.84110431761196, -1.2626428062328934], [36.841356327663554, -1.262158893780429], [36.841381329162154, -1.2621029038202007], [36.84166534082899, -1.2614730165179497], [36.84179234536637, -1.2612020659052292], [36.84185434760185, -1.261059091775388], [36.84194935149484, -1.2608401304857062], [36.84212335896061, -1.2604342040267291], [36.84224808337389, -1.2599156297389367], [36.842249363419235, -1.2599762862701411], [36.84230836666661, -1.2600702687785206], [36.84236936895523, -1.2601642522861685], [36.84248137330274, -1.260277232065224], [36.84252037511408, -1.2602972282501061], [36.842719383279544, -1.2604801946918325], [36.84281214018549, -1.2604516122393512], [36.84286538927971, -1.2604352027018697], [36.843013395322096, -1.2603932104409068], [36.84340341131667, -1.2602102438127385], [36.84395543463287, -1.2599542887135735], [36.84433726045202, -1.2597511039108866], [36.84451345706013, -1.259657342308157], [36.84498847678752, -1.2594043879628374], [36.845682505014906, -1.2590834446779424], [36.845757700554984, -1.2590441471970448], [36.84647453823635, -1.2586695187447519], [36.847018560394865, -1.2584385603947028], [36.84720756828189, -1.2583915685715132], [36.847430577883095, -1.2583835702221817], [36.848084604370236, -1.258338578071774], [36.84812435119064, -1.2583385780592158], [36.84885563628649, -1.2583385768281703], [36.849136583091536, -1.258356383134127], [36.84934465739092, -1.2583695708794644], [36.85094874650831, -1.2583861968736134], [36.85095544464662, -1.2583862668651926], [36.85096315880599, -1.2583863468555496], [36.85146674520267, -1.2583915662258456], [36.85094872350804, -1.2583865668402967], [36.85118073332238, -1.2584675524657352], [36.8512099079723, -1.2586206856507023], [36.85121307504231, -1.2586356143037933], [36.85122638231892, -1.2586416627542536], [36.851312077099955, -1.2586806102158652], [36.85132068427742, -1.2586799132760087], [36.85148508066677, -1.258666611423247], [36.85171208538529, -1.2587716018859947], [36.851839088038034, -1.258871592831103], [36.85207709298277, -1.2589735835607987], [36.85233109826108, -1.2590865732938106], [36.85233144326837, -1.2590872892291263], [36.852359738870746, -1.2591459319331502], [36.85238609943185, -1.259200562999569], [36.85243053236752, -1.259259800644895], [36.85244010056899, -1.25927255649184], [36.85244018657079, -1.2592726114867705], [36.85259010369522, -1.2593685477901335], [36.852540152748745, -1.2596402493103132], [36.85254010274788, -1.2596405232855623], [36.85279010788881, -1.2595775288859496], [36.852823141572514, -1.2595834803388979], [36.85301211248383, -1.2596175252097277], [36.8532508074121, -1.259621569769556], [36.85330711857481, -1.259622524665731], [36.85364291355567, -1.2597814102348042], [36.85364312556009, -1.2597815102258196], [36.85370655989378, -1.2598594721769094], [36.85373912757844, -1.259899499557884], [36.85375053981873, -1.2599144602053722], [36.85382912947307, -1.2600174888917428], [36.8538667012653, -1.260071009054708], [36.853902131012354, -1.2601214794932272], [36.85399513294823, -1.2601734747759963], [36.85420413731193, -1.2603324603761437], [36.85424913825422, -1.260375456485487], [36.85442186687009, -1.2605371798502056], [36.85442195087177, -1.2605372628427034], [36.85442214187579, -1.2605374418265207], [36.8545791451674, -1.260700427082432], [36.85463987744083, -1.260764137319262], [36.85464014644649, -1.260764420293688], [36.85480714994851, -1.260940405374361], [36.85481161804242, -1.2609457238934352], [36.85482062023161, -1.2609564399244473], [36.85489115171364, -1.2610403963327876], [36.854983940663814, -1.2611521092314955], [36.85498915377336, -1.2611583856640483], [36.85504815500704, -1.261209381047666], [36.85512452160393, -1.2612750481030668], [36.85514794009358, -1.2612951872799143], [36.855148156098124, -1.2612953732630932], [36.855154748241645, -1.2613194650888777], [36.85517714272941, -1.2614013127025612], [36.855177157729734, -1.2614013636979633], [36.85517782874376, -1.2614017636617239], [36.85529116010412, -1.261469357531662], [36.8553789849053, -1.261432146858635], [36.85540916052418, -1.2614193620017455], [36.85543089900256, -1.2615143554304413], [36.85546314971224, -1.2616552887139072], [36.855463168712646, -1.2616553377093995], [36.8555156018227, -1.2617441176885655], [36.85555966375541, -1.2618187279477937], [36.85560014361241, -1.2618872717551273], [36.85560016961297, -1.2618873177510646], [36.855727123293875, -1.2620811262372305], [36.85573116937939, -1.2620873016791547], [36.85575638690718, -1.2621107485572898], [36.85576944518052, -1.2621228904583877], [36.85593529265189, -1.262277096502797], [36.85593532765263, -1.2622771284999037], [36.85594517385874, -1.2622862836713176], [36.856094633988896, -1.2624307455993193], [36.85617151059887, -1.2625050518755592], [36.856185178885106, -1.2625182626801745], [36.85634018211297, -1.2626092544272391], [36.856357707474935, -1.2626101253431432], [36.856378187897995, -1.2626111442447805], [36.85637822089877, -1.2626111452446798], [36.856455159488014, -1.2626149708754149], [36.85652118585184, -1.2626182535585173], [36.85662864008563, -1.262668950953518], [36.85675219065405, -1.2627272436587142], [36.85693901850315, -1.262704266671025], [36.85693907450424, -1.262704010694154], [36.856939178506444, -1.2627041936776386], [36.85714318269321, -1.262627200554555], [36.85727418534465, -1.2624592156585186], [36.85737518742231, -1.2624362176999426], [36.857525883522335, -1.2624029386525875], [36.85753819077547, -1.2624002208936702], [36.85774219497626, -1.2623682237139482], [36.85785319727463, -1.2623912216052195], [36.85793719901412, -1.262409219955838], [36.85800820048026, -1.2624112197531006], [36.858217204784204, -1.2623792225716186], [36.85821723178476, -1.2623792305708896], [36.85843020920074, -1.262443216734343], [36.858561211928645, -1.2625202097511812], [36.85866121399555, -1.262529208908051], [36.85868053739895, -1.2625437845878316], [36.858775216375484, -1.2626152011188463], [36.8589152192539, -1.2625792043199644], [36.859011221225444, -1.2625472071744033], [36.8591242235638, -1.2625662054256566], [36.859197225067454, -1.2625562063040001], [36.859267711511976, -1.2625232162560598], [36.85933155882042, -1.262493333930023], [36.85933822795711, -1.262490212209371], [36.85934375707076, -1.2624886573477647], [36.859364581498795, -1.262482800869141], [36.859370228614786, -1.2624812130105587], [36.85950837645359, -1.2624406836209097], [36.85953723204652, -1.2624322173750884], [36.85968341405545, -1.2624056417248224], [36.85972423589561, -1.262398220380907], [36.85993424020645, -1.2623222271659], [36.85995324059297, -1.2623042287826345], [36.859971398962564, -1.262287343299299], [36.860053242627984, -1.2622112371351033], [36.860134920283926, -1.2621154877419674], [36.86016924497981, -1.2620752493589389], [36.86024509051743, -1.2619861843650035], [36.860255246723376, -1.2619742584370166], [36.86040424974258, -1.261794274617156], [36.86041779401714, -1.2617784040437725], [36.860500380691605, -1.261681633742387], [36.860527758246604, -1.2616495536260606], [36.86053225233775, -1.2616442880993841], [36.86071125600612, -1.2615602956153882], [36.860725230292786, -1.2615546401209237], [36.86075325686771, -1.2615432971346743], [36.86082264529097, -1.261514875675119], [36.86091941127585, -1.2614752412179893], [36.8610022619753, -1.261441306251255], [36.861011241159, -1.2614362637029835], [36.86107526346924, -1.2614003099243296], [36.8611923728656, -1.261334082858273], [36.861294845962576, -1.2612761330505526], [36.861309956271796, -1.261267588816116], [36.86131926846232, -1.2612623222880033], [36.86138342476635, -1.2611976101020899], [36.86143327077942, -1.2611473326193197], [36.861502621197126, -1.2611036375369147], [36.861579273764185, -1.2610553408670493], [36.86161627452072, -1.2610323429287786], [36.861617033536284, -1.2610321019502448], [36.86171208648868, -1.2610018946436066], [36.86174527717052, -1.2609913465841192], [36.861796884230365, -1.2609746110766777], [36.8618192786903, -1.2609673487243773], [36.86187876790346, -1.2609202339533103], [36.86202128280967, -1.2608073630846515], [36.862065234672265, -1.260664528948599], [36.862065279673146, -1.2606643819618248], [36.86198930105137, -1.260492442487847], [36.86198927905091, -1.260492392492357], [36.86191628049061, -1.2603204070215515], [36.86186380436931, -1.2601977620957159], [36.861836297781565, -1.2601334749005142], [36.861836278781155, -1.2601334239052024], [36.86183227864033, -1.259946440764682], [36.861832343641204, -1.2599452098756243], [36.86183527868446, -1.2598894459023247], [36.861840170738745, -1.2597397643958632], [36.861840278739955, -1.2597364596937703], [36.86186728426993, -1.259648466618583], [36.8618622791544, -1.2596094711359238], [36.861859290083395, -1.2595795258367999], [36.861859279083156, -1.2595794738414867], [36.86186781024601, -1.2595370786610407], [36.86189227971324, -1.2594154886157667], [36.861917490194266, -1.2592894509711376], [36.861926280362006, -1.2592455039305652], [36.862010282027875, -1.2590275235567754], [36.86204496573123, -1.2589876181436008], [36.86208328350842, -1.258943531106294], [36.86213828464355, -1.2589435310889026], [36.862205286026374, -1.2589435310677162], [36.86233528872865, -1.2590045255274203], [36.862497846075385, -1.2589778798783597], [36.86251481942491, -1.258975097123917], [36.862517871487746, -1.258974597167986], [36.86251814149324, -1.2589745531718637], [36.862518334497246, -1.258974561171082], [36.86252728367997, -1.258968116749271], [36.862567908509305, -1.2589388623739326], [36.862736312947284, -1.2588175942541222], [36.86281672958665, -1.2587521771265189], [36.86285431535287, -1.2587216028712078], [36.86298031793421, -1.2586596084207133], [36.86301531865095, -1.2586416100322857], [36.86309833935355, -1.2586065741648487], [36.86319328430063, -1.2585665077471273], [36.8632386552311, -1.258547360459087], [36.86327832404462, -1.2585306199558792], [36.8633913013668, -1.2585000726742168], [36.86347432807353, -1.2584776246718539], [36.863487036334746, -1.2584742359733425], [36.863504328690134, -1.2584696253835332], [36.86351423089315, -1.2584651957798465], [36.8635807852575, -1.2584354244429674], [36.863618331027176, -1.258418629945207], [36.86396660616086, -1.2582441005704461], [36.86397580935627, -1.2582614650020036], [36.86401043309123, -1.2583268011003583], [36.86401482817953, -1.2583190327994156], [36.864097340837546, -1.2581746517904535], [36.86417434238505, -1.258040663846265], [36.86430034492113, -1.2578336824675427], [36.86436034610542, -1.2576596981346824], [36.86438034649982, -1.2576007034472152], [36.86447234833203, -1.2573867227101958], [36.86454834987354, -1.2572997305292204], [36.86468635269785, -1.2572227374271938], [36.864936357843035, -1.2571757415853027], [36.86495535823399, -1.257171741939926], [36.86521536360477, -1.2571867405055703], [36.86529736530033, -1.2571967395782038], [36.86544036825693, -1.2572137380004815], [36.865579100122645, -1.257221619246049], [36.86570437371039, -1.2572287365648558], [36.86586337699502, -1.257238735613169], [36.86594837875091, -1.2572437351355439], [36.86616938331117, -1.257240735336217], [36.866204384033274, -1.2572397354153193], [36.866356387165055, -1.2572227368997941], [36.86638738780391, -1.2572197371604723], [36.866533390801, -1.2571677418022231], [36.86671639455803, -1.2571037475139888], [36.866827396836754, -1.2570647509947643], [36.86699540028597, -1.257006756170422], [36.86712940303702, -1.256959760365188], [36.86716542277637, -1.2569469375099056], [36.86721285975014, -1.2569300510174075], [36.86732040695784, -1.2568917664350616], [36.86746635595409, -1.2568407899849734], [36.867466409955206, -1.2568407709866678], [36.86773541546806, -1.256715782170473], [36.86773864053416, -1.2567142713057247], [36.86785297487718, -1.2566607210976324], [36.8679254193617, -1.2566267901339532], [36.86798791964731, -1.256612979359301], [36.86802288236643, -1.2566052530448373], [36.86810642308478, -1.2565867936828], [36.86811642329057, -1.2565847938599553], [36.86834342798103, -1.2566027921655738], [36.86840242920034, -1.2566077916961673], [36.86867198574843, -1.2565598559329123], [36.86870043533404, -1.2565547963800285], [36.86873243597735, -1.2564998013282611], [36.86885743849001, -1.2562838207612337], [36.868887439097556, -1.256246824087369], [36.86899066318828, -1.25611938754418], [36.86900296743753, -1.2561041979097538], [36.869083443067474, -1.2560048458417976], [36.869113443674806, -1.2559668492579972], [36.86922044582712, -1.2557868654512578], [36.869268446741295, -1.255540887612958], [36.86942444990961, -1.2553759024384838], [36.86953545214611, -1.255200918179661], [36.86964645436079, -1.2549559402312713], [36.869661454661745, -1.254927942750719], [36.86967456492446, -1.2549028770064197], [36.86974474733113, -1.2547686970817078], [36.869752456485756, -1.254753958408014], [36.86994046031812, -1.2546009721416398], [36.86999346139768, -1.2545549762717254], [36.87019646554465, -1.2544179885582254], [36.87030146768957, -1.2543469949257167], [36.87056847317719, -1.2542740014224714], [36.870723934371576, -1.2542292524079606], [36.87072933048246, -1.2542276985464018], [36.870832478601955, -1.2541980081907314], [36.87095748118356, -1.2542040076104128], [36.871040949907155, -1.2542074002781618], [36.87108048372352, -1.25420900712088], [36.871106484261354, -1.2542130067520656], [36.87127548775619, -1.254236004625417], [36.87142849091504, -1.2542400042165847], [36.8715864941757, -1.2542400041667974], [36.87161549477419, -1.2542400041576598], [36.87171534982648, -1.2542128535740853], [36.871729497117244, -1.254209006916381], [36.87176449783651, -1.2541990078069076], [36.87185797275743, -1.2541727871414057], [36.87198550237814, -1.2541370133264709], [36.87205571782279, -1.2541227605893142], [36.87211850511452, -1.2541100157185874], [36.87218950657513, -1.2540950170484608], [36.872297702782014, -1.2540114195513299], [36.87232150926762, -1.2539930262022057], [36.87245759606197, -1.2539478292340795], [36.87260279404336, -1.253899606535982], [36.87260451507877, -1.253899034587047], [36.87260569610279, -1.253897862692322], [36.87274051784351, -1.2537640467143094], [36.87281651938005, -1.2536610559758488], [36.8729765226088, -1.2534250772006128], [36.87311852551409, -1.25334408445803], [36.873165989488385, -1.253327209964467], [36.87334353013259, -1.2532640915990703], [36.87354253418606, -1.253092107042139], [36.8736495363672, -1.253005114851422], [36.87364925836136, -1.2530045479025769], [36.873737538160626, -1.2529321214045135], [36.87380212946988, -1.2528556592778566], [36.87382453992411, -1.252829130662572], [36.87391954186698, -1.2527721357711539], [36.87410154558876, -1.2526621456302178], [36.87424600057093, -1.2526659212443974], [36.87425454874749, -1.2526661452215324], [36.87436155095933, -1.2526781441059942], [36.87451855419675, -1.252670144777822], [36.87456255510477, -1.2526701447639736], [36.87474355884007, -1.252670144707006], [36.87478712873465, -1.252655623002482], [36.875008700284205, -1.2525817735908222], [36.87502966271352, -1.2525713715220743], [36.87509256600198, -1.2525401563165468], [36.875293570119275, -1.252441165178037], [36.87549257418808, -1.2523191761136396], [36.8757255789654, -1.2522191850552218], [36.87573957925307, -1.252215185411438], [36.875881582169534, -1.2521701894234767], [36.87609558661045, -1.252250182144172], [36.87617558825543, -1.2522311838318618], [36.876525595436, -1.252095195981973], [36.87664359781569, -1.2519162120815717], [36.876792600839266, -1.2517512269093258], [36.87700660521052, -1.2516062399136203], [36.87718660887172, -1.2514342553626137], [36.87720960928507, -1.2512362732049014], [36.87724760999921, -1.2510102935665144], [36.87734461190714, -1.2507073208510995], [36.87741361326358, -1.250489340481756], [36.87757361649696, -1.2502683603541735], [36.8777426199061, -1.2500153831085918], [36.87781862143553, -1.2498893944433402], [36.877957624247884, -1.2497084107165033], [36.87797162452659, -1.2496754136870112], [36.87801162532319, -1.2495824220582348], [36.87811062734368, -1.249509428607853], [36.87810901130808, -1.249502291251866], [36.87810461420659, -1.2494675443858498], [36.87815484623992, -1.2494571593063828], [36.878154907241175, -1.2494571463075348], [36.87816562846838, -1.2494764315654852], [36.878166612489274, -1.249478379389552], [36.878171570594446, -1.2494874515701249], [36.87826660960936, -1.2496613658608648], [36.878266632609865, -1.2496614138565347], [36.8784046155661, -1.2500133320855675], [36.878404632566465, -1.2500133830809683], [36.878540621537226, -1.2505452830840151], [36.87854063053742, -1.2505453350792406], [36.87854080754179, -1.2505475768771679], [36.87856562114815, -1.2508522554004051], [36.87856980425314, -1.2509126169570943], [36.878581627549956, -1.2510832345709875], [36.87858163155005, -1.2510832865663026], [36.878584625626665, -1.2511312302429547], [36.878584629626765, -1.2511312822381813], [36.878608628223176, -1.251458200756598], [36.87860863322339, -1.251458252751913], [36.87862462267691, -1.2518571647819223], [36.87862492168302, -1.2518571547827286], [36.878635469980765, -1.2521156084777811], [36.87865263146523, -1.2525361025615354], [36.8786526344654, -1.2525361555567613], [36.87866145873467, -1.2528172432115103], [36.878665627861785, -1.2529500662351516], [36.87866563086195, -1.2529501242299272], [36.87866773397345, -1.2531699744078812], [36.87867307625777, -1.2537308058423566], [36.87867364028775, -1.2537900425014772], [36.87867463347085, -1.2543139422666947], [36.87867463647094, -1.25431399526192], [36.878710630503996, -1.2552488589635213], [36.87871063350416, -1.2552489149584765], [36.87871137052503, -1.255267248305316], [36.87872764198647, -1.2556718728191538], [36.878741642372134, -1.2559828447773396], [36.878769631128996, -1.2565597407551665], [36.87876964012928, -1.2565597927504801], [36.878794643812526, -1.2570977442401867], [36.87881499044108, -1.2577682557794456], [36.878818644554, -1.2578886729212755], [36.87883063691627, -1.258257587655362], [36.87883064091638, -1.258257639650677], [36.878863960739814, -1.258693550337441], [36.878865645781424, -1.2587155983489644], [36.87887864610671, -1.2588985818466392], [36.878898646625345, -1.259238551187817], [36.87891464708715, -1.2596605131373275], [36.87891864721425, -1.259803500243908], [36.87892464740039, -1.2600034822110027], [36.87893564772963, -1.260331452636524], [36.87893884182178, -1.2604152950759846], [36.87894764807554, -1.2606464242337563], [36.87895963742811, -1.2609833418520413], [36.87895964242823, -1.2609833938474455], [36.878960648453756, -1.2609983924947847], [36.87896322652028, -1.2610412546293375], [36.878984649073494, -1.2613973565148795], [36.878985329087506, -1.2613973575145736], [36.87900175450911, -1.261662009647118], [36.8790036335574, -1.2616922779174153], [36.879009633710545, -1.2617862694408573], [36.87900463377231, -1.2623142218396224], [36.879004646772515, -1.2623142738350233], [36.87902834729831, -1.262431789231681], [36.87902863430471, -1.2624332111034149], [36.87902975932972, -1.2624389745833382], [36.87903110135959, -1.262445854962579], [36.87902182516848, -1.262447047857974], [36.87892164810706, -1.2624652602476312], [36.878302635359354, -1.2625482529610101], [36.8782066333821, -1.2625602519095114], [36.87812463169242, -1.2625682512143113], [36.87803162977769, -1.2625822499816248], [36.877746623903654, -1.2626052479984748], [36.87759962087328, -1.262615247143573], [36.877353615796785, -1.2626152472216188], [36.87699760843869, -1.2625782506703118], [36.87683060498278, -1.2625472535181532], [36.876649601240466, -1.2625242556491325], [36.87614859087261, -1.2624312641925373], [36.87602558832802, -1.262411266034709], [36.87574858260117, -1.2623772691879076], [36.875446576348175, -1.2623112752339485], [36.87510656931831, -1.2622682792184805], [36.87493156570041, -1.2622472811672925], [36.874778562534196, -1.262219283740169], [36.87463255951466, -1.2621982856797784], [36.874489556555226, -1.2621712881593166], [36.87427255206411, -1.262130291924492], [36.873998546398724, -1.2620952951667677], [36.87383454300772, -1.2620742971121626], [36.87340653415197, -1.2620003039192835], [36.87307552730417, -1.2619463088926717], [36.87292552420174, -1.2619243109235971], [36.87250051541403, -1.2618703159266815], [36.872083506791334, -1.2618163209273028], [36.87187850254825, -1.2617763245984552], [36.871846501886, -1.2617703251494752], [36.871298490543154, -1.2616633349697508], [36.87090248234597, -1.261584342217499], [36.870613476368526, -1.2615423460955624], [36.87032147032884, -1.2614993500647287], [36.870087465490826, -1.261471352663194], [36.86994646257937, -1.2614663531586785], [36.86957345487729, -1.261453354448876], [36.8693454501809, -1.26148235190667], [36.868817910343346, -1.2616416557106764], [36.86810042460363, -1.261858318403461], [36.86727940772779, -1.2620772989200584], [36.86671039603182, -1.2622292853970636], [36.86595238045633, -1.2624492658036106], [36.865355368186954, -1.262616250937337], [36.864553351708324, -1.2628532298252981], [36.86427802505055, -1.2629320178089323], [36.86425634560493, -1.2629382222563867], [36.86406474666782, -1.2629934383388377], [36.86385733740583, -1.2630532120153204], [36.86344332889694, -1.2631682017790256], [36.86323632464235, -1.2632251967059636], [36.86309432172399, -1.2632651931449033], [36.86282431617475, -1.263340186469054], [36.862796315599326, -1.2633481857566626], [36.862446308406014, -1.263446177032716], [36.862372306885234, -1.2634671751629385], [36.861687292808114, -1.2636631577103161], [36.86150228900664, -1.2637171529006892], [36.86130028485514, -1.2637741478261604], [36.8610922805817, -1.2638371422124934], [36.86107128015016, -1.263843141678202], [36.86102127912279, -1.26385814034186], [36.86079627450472, -1.2639411329304937], [36.8604732678791, -1.2640731211327867], [36.86043026699728, -1.2640911195236566], [36.860256263433044, -1.2641781117355595], [36.86010226027855, -1.2642551048426203], [36.85980025411797, -1.2644880839328574], [36.8596622513177, -1.264642070092992], [36.85953524874052, -1.2647830574217032], [36.859278243569776, -1.265211018917517], [36.859071239404855, -1.2655549879702876], [36.859012238200194, -1.2655969842025814], [36.85886423517888, -1.2657039746031977], [36.85876323311701, -1.2657769680540536], [36.858735232542195, -1.2657869671613533], [36.858603229832326, -1.2658339629661417], [36.858484227389226, -1.2658759592174238], [36.858425226174866, -1.265886958244507], [36.858345224528016, -1.2659009570077877], [36.85760320921299, -1.2659029570634588], [36.857320203371806, -1.265903957063271], [36.85698419643668, -1.2659049570799332], [36.85652618698111, -1.2658989577664093], [36.85619218008821, -1.265902957512043], [36.85604511705325, -1.2659048043921681], [36.85579412587327, -1.2659071282625463], [36.85516515889246, -1.2659129519373924], [36.85516215883055, -1.2659129609375352], [36.85442514361812, -1.265914956991873], [36.854086136620836, -1.265915957009483]]]}}, {"type": "Feature", "properties": {"county": "NAIROBI", "subcounty": "Dagoretti South Sub County", "ward_count": 5}, "geometry": {"type": "Polygon", "coordinates": [[[36.756202506627275, -1.2964957734079008], [36.75635811192955, -1.296766154980366], [36.756475046410955, -1.2969686996814327], [36.75661183531372, -1.297205632275573], [36.75661187331453, -1.2972056922701565], [36.756613550349954, -1.297208178045438], [36.75661568239502, -1.2972113387597763], [36.7566701185456, -1.2972911075503013], [36.7567191195816, -1.2973641009534167], [36.75677765281931, -1.2974515820471964], [36.75679063409364, -1.2974707793122608], [36.75681484160534, -1.2975065790766847], [36.756821787751036, -1.2975131474822406], [36.7568521223869, -1.2975410849535833], [36.756924409903014, -1.2976103836822648], [36.75694884741544, -1.2976335565850492], [36.75695086145768, -1.2976355144078642], [36.75695818661133, -1.297642634763578], [36.75698512517619, -1.2976680734612775], [36.75724813065982, -1.2978190597631054], [36.75745113488904, -1.2979250501410198], [36.75758713771372, -1.2979690461301643], [36.75775273515341, -1.2980235341637967], [36.75786423946936, -1.298059862852162], [36.75789988720979, -1.2980714767934514], [36.7580228927604, -1.2980984713196595], [36.75802914089001, -1.2981000331768522], [36.7580351470145, -1.298101034084563], [36.75822015085082, -1.2981420303282256], [36.75823727620595, -1.2981458739761673], [36.75826915186704, -1.2981530293206507], [36.75839020837744, -1.298180485805874], [36.75854426157229, -1.2982154256055811], [36.75867916036983, -1.2982460208033066], [36.758762162091216, -1.2982650190634102], [36.75916617047009, -1.2983580105478962], [36.75974418244821, -1.2984620009841095], [36.7600041878367, -1.2985099965722222], [36.76002618829258, -1.2985139962045222], [36.76014619077916, -1.2985349942722573], [36.76029919395227, -1.2985699910672215], [36.76048419778881, -1.2986119872206645], [36.76062420069228, -1.2986439842902353], [36.761063209796134, -1.298742975222361], [36.76128008229534, -1.2987979371963256], [36.76128021429818, -1.2987979701933097], [36.76185122614381, -1.2989409571157218], [36.761852154163265, -1.2989415840588572], [36.761853035181524, -1.298941797039385], [36.76186151635874, -1.2989479094855847], [36.76198275789218, -1.299035273569261], [36.761986228964695, -1.2990379483270171], [36.76199928924834, -1.2990805304834963], [36.762009137462066, -1.2991126405852098], [36.76200666242245, -1.2991484113609215], [36.76200518939881, -1.2991696964423047], [36.76199748924657, -1.2991912195042778], [36.76199113412085, -1.2992086939308614], [36.761989229083184, -1.2992139324591612], [36.761936228002966, -1.2992609282392127], [36.76187222668685, -1.2992809264570464], [36.7617683725333, -1.2992577185832426], [36.761609221232966, -1.299221931861581], [36.761601786078856, -1.2992204909939697], [36.76152321944964, -1.2992029336025017], [36.76137133730209, -1.2991752171508935], [36.76126021399926, -1.2991549380154546], [36.76107021006579, -1.2991329400606064], [36.76091620688335, -1.29913294011073], [36.760760203665924, -1.2991529383585119], [36.760664415695814, -1.2991821687542837], [36.76060620049855, -1.2991999341714535], [36.760380195858545, -1.2992949256804922], [36.76028219384324, -1.2993259229177456], [36.7599601872232, -1.2994329133762297], [36.759828184511775, -1.2994839088213859], [36.75973410857909, -1.2995197076244072], [36.759482903418494, -1.2996152990876253], [36.759024925010095, -1.2997895725241995], [36.75897501498474, -1.2998083298492356], [36.75888265808727, -1.2998430397498777], [36.75879416326898, -1.2998758738183236], [36.758129149605, -1.3001218518574145], [36.757715141097655, -1.3002728383792166], [36.75741900601224, -1.3003805117678242], [36.75709912843908, -1.3004968183858021], [36.75679212213043, -1.3006088083886922], [36.756682119871286, -1.3006528044578247], [36.7559781054105, -1.3009287798051652], [36.755377093060815, -1.3011497600773383], [36.75439307284238, -1.3015167273121453], [36.75402306523915, -1.3016527151721076], [36.75392052513218, -1.3016905817914035], [36.753453244530455, -1.3018631423856026], [36.75338395910667, -1.3018886181113571], [36.75331305064958, -1.3019146917836915], [36.75301504451996, -1.3020056836769835], [36.75290604228322, -1.3020556792048736], [36.752638036776816, -1.3021566701868945], [36.75247803348798, -1.3022126651905606], [36.75199902364642, -1.3023936490291845], [36.75185802074894, -1.3024456443872943], [36.75177801910447, -1.302473641889132], [36.75167756103978, -1.3025093197051976], [36.751412011581934, -1.302603630288733], [36.75121100745402, -1.3026856229617605], [36.750805999128794, -1.3028266103824502], [36.7505669942181, -1.3029166023467091], [36.750282988381414, -1.303019593153688], [36.75007898418898, -1.3030935865489814], [36.74964097518323, -1.3032395735296882], [36.74947097168855, -1.3032985682661833], [36.749469158651316, -1.3032992062093107], [36.74930896835861, -1.3033555631803857], [36.74848095134068, -1.303652536675496], [36.74832394811434, -1.3037105314978323], [36.748323746110025, -1.3037098885559018], [36.74824894657289, -1.3037375290883082], [36.74824878656977, -1.3037381430329689], [36.74764893424275, -1.3039585093604549], [36.74750493128411, -1.3040135044491203], [36.746890918668775, -1.3042474835539943], [36.746845917743826, -1.304263482126246], [36.74599590027389, -1.3045704547272183], [36.745320886394865, -1.3047964345732814], [36.74496487908028, -1.3049324224288612], [36.74405786045025, -1.3052963899098318], [36.74384685610635, -1.3053503851106008], [36.74379885511994, -1.3053683835035277], [36.74360385111512, -1.305448376355128], [36.74320784297946, -1.3056023626010724], [36.743143841662636, -1.305621360909074], [36.742710832754454, -1.3057513493308468], [36.74260583059088, -1.3057723474720297], [36.74214482109187, -1.305865339238574], [36.74161481016243, -1.3059453321997536], [36.74150780795879, -1.3059703299808756], [36.74106979893769, -1.306071321018751], [36.74096179671272, -1.3060943189805203], [36.74074779230402, -1.3061403149035864], [36.74056278849258, -1.3061793114480997], [36.74002677744596, -1.3062813024279898], [36.73960776881171, -1.3063642950823633], [36.739487766338954, -1.3063882929579107], [36.73943976535024, -1.3063992919820508], [36.73895575538161, -1.306511282043298], [36.738754751239924, -1.3065522784128412], [36.73869374998329, -1.3065652772608316], [36.73841674427535, -1.3066212723029615], [36.73824074065634, -1.306680267041488], [36.73806673707856, -1.3067392617795408], [36.737963734952565, -1.306749260911662], [36.73772773007875, -1.3067632597267569], [36.73757872700832, -1.3067932570709504], [36.73707671666355, -1.3068932482200435], [36.73661570717949, -1.3070342356595333], [36.73635070173054, -1.3071242276325867], [36.7361126968365, -1.3072042204983876], [36.736050695561225, -1.3072242187156122], [36.73563068692332, -1.3073612065022624], [36.73541168242037, -1.307436199812558], [36.73507767555335, -1.3075521894643012], [36.73482867043376, -1.3076381817927814], [36.73467366724286, -1.3076791781473245], [36.7344726631084, -1.3077431724433908], [36.73398665311109, -1.3078961588093603], [36.733984653069996, -1.3078971587198578], [36.73383765004611, -1.3079431546210032], [36.73368664694357, -1.308002149351498], [36.73270662679179, -1.308334119742128], [36.73236261971586, -1.3084441099381692], [36.73228261805015, -1.3084071132999422], [36.7321896161073, -1.3083441190098921], [36.73209261406104, -1.3082171304908718], [36.73203961283728, -1.3078201662983877], [36.73201661214357, -1.307143227338017], [36.73197782922504, -1.3067809270152626], [36.731946610485686, -1.3064892863193702], [36.73193461004303, -1.3058853407738336], [36.73192294273047, -1.3056636857616293], [36.731905609266114, -1.305334390455715], [36.73190460724097, -1.305320667693272], [36.731897609052496, -1.3051844039807563], [36.73185505199801, -1.3046416709260062], [36.73184160766087, -1.304457469537385], [36.7318104979428, -1.3042245015511968], [36.73179460657596, -1.3041055012851595], [36.73172460507008, -1.3039225178051388], [36.73161660274284, -1.303628544343996], [36.7314615994576, -1.3033765671118218], [36.73130459610492, -1.3030435971823402], [36.73129384886854, -1.3029993821720693], [36.73113859245384, -1.3023606588071557], [36.73111474593459, -1.3022789081851671], [36.7310967925437, -1.3022173607398146], [36.72965753090543, -1.3025756399084616], [36.72900351743772, -1.3027396253376107], [36.72762648907984, -1.3030805950466129], [36.72687947367695, -1.3032065839318276], [36.72617745917374, -1.303237581366274], [36.72617675615919, -1.3032374813755099], [36.72617449011237, -1.3032375813672425], [36.72541061128519, -1.3031288844159359], [36.725387473805824, -1.303125591720328], [36.7246514585306, -1.3029426084571631], [36.723933443611074, -1.3027086297854165], [36.724143448060985, -1.3030455993378067], [36.72358943656808, -1.3029236105162132], [36.722890422054654, -1.3027316280521917], [36.722406412011026, -1.3026166385766929], [36.72226001897256, -1.3025796059629906], [36.72173839814581, -1.3024476540289363], [36.72138003771063, -1.3023662364858033], [36.72089338061349, -1.3022556716121658], [36.7202483672309, -1.3021096849834595], [36.71946535098282, -1.3019257018250898], [36.718951340313716, -1.3017957137112504], [36.718567332342076, -1.301695722850792], [36.718191324531034, -1.301580733339766], [36.71774531526258, -1.3014347466458678], [36.7174673094841, -1.3013397553000499], [36.71714330274969, -1.3012297653213374], [36.71684829661104, -1.3011077764147643], [36.71636228649269, -1.300890796133929], [36.71603027957961, -1.3007398098535354], [36.715623271106566, -1.300559826211629], [36.715474268004805, -1.300494832119304], [36.715190262091376, -1.3003658438401056], [36.715090801020054, -1.3003198220212582], [36.714626250345894, -1.3001048675505793], [36.714341244410925, -1.2999738794517315], [36.71375223214721, -1.2997089035308298], [36.71361722933402, -1.299640909704291], [36.713197220584824, -1.2994389280492993], [36.712869213757614, -1.2992979408657404], [36.71266420948929, -1.2992059492253372], [36.712370872380575, -1.2990706475179357], [36.7120181960361, -1.2989079762971463], [36.711617187684844, -1.2987219931934708], [36.711104177004806, -1.2984960137317711], [36.71069816855035, -1.2983110305394352], [36.71066719490527, -1.2982965388558414], [36.71027715978195, -1.298114048433652], [36.709468142935634, -1.2977460818673983], [36.708991133002, -1.297527101762594], [36.708986132898005, -1.2975251019445064], [36.70896413247118, -1.2976130940194703], [36.70895713234438, -1.297669088974006], [36.70894613212521, -1.2976950866339976], [36.70891213143689, -1.2977410824986553], [36.7089081313638, -1.2977710797957942], [36.70890815736459, -1.297771887722932], [36.70891013142529, -1.2978340741163907], [36.708914131534215, -1.297916066723764], [36.70892313174233, -1.2979850605013012], [36.70892313174266, -1.2979860604111566], [36.708923131754815, -1.2980240569858341], [36.70892313175513, -1.2980250568956897], [36.70892313176793, -1.2980650532901654], [36.70889513120853, -1.2981260478007821], [36.708891131151034, -1.298205040681172], [36.70887613087542, -1.2983130309510178], [36.70887413085902, -1.2983910239208045], [36.70886813078364, -1.2985430102216848], [36.70885913063462, -1.2986589997684848], [36.70885917263564, -1.2986594487279468], [36.708859696648304, -1.2986649992274297], [36.708864130755046, -1.2987119949894321], [36.70887908207627, -1.2987499915593215], [36.7088881312708, -1.2987729894831292], [36.708888131271124, -1.298773989393073], [36.70888813129289, -1.2988419832635494], [36.708886131292516, -1.2989699717263954], [36.70887513112875, -1.2991689537922695], [36.708850130678044, -1.2993759351415033], [36.708844130587316, -1.2994799257689245], [36.70880512986123, -1.2997309031565192], [36.7087841294645, -1.2998478926169865], [36.708780129395905, -1.299891888652131], [36.70877112921402, -1.299904887483249], [36.70875512889687, -1.299947883612441], [36.70873212847034, -1.300100869828462], [36.70869012769443, -1.3003898437916466], [36.708642126772105, -1.3006088240665414], [36.708554125093464, -1.3010487844333518], [36.70853812478915, -1.3011317769569135], [36.70850512416001, -1.3012977620042607], [36.708420122536076, -1.301714724443213], [36.70838212180586, -1.3018877088611016], [36.70825911943693, -1.3024316598643535], [36.708233118994386, -1.3027276331908884], [36.708220118770505, -1.3028676205753174], [36.70814373731211, -1.3032445156230388], [36.7079282371977, -1.304307878830677], [36.707928113195315, -1.304308490775512], [36.70729910016362, -1.3042314979217715], [36.706440082330325, -1.3040135178530614], [36.70589507098416, -1.3037765393945184], [36.70552206321839, -1.3036135542092926], [36.705164055753876, -1.303422571543078], [36.70488804996862, -1.3031805934472245], [36.70475004707595, -1.3030596043993141], [36.70474904705495, -1.3030586044897878], [36.70474804703396, -1.3030576045801723], [36.70466314725435, -1.302983003333133], [36.70448404150008, -1.302825625579004], [36.70418803528682, -1.3025386515458184], [36.70387439374039, -1.3023497316788795], [36.70360702315966, -1.3021886832842422], [36.703038289304835, -1.3018964318154085], [36.70274600521217, -1.3017457234966905], [36.70274566320517, -1.3017460614663627], [36.702745005191495, -1.3017457234970162], [36.70233199659101, -1.3015597403974308], [36.7017399842704, -1.301316762494066], [36.70125297413511, -1.3011167806803576], [36.70073967147711, -1.3009829689101722], [36.70073934247025, -1.3009828829180237], [36.700109950401824, -1.3008188079136749], [36.69920993174564, -1.3006828204652476], [36.69366973744843, -1.2984340339824312], [36.69349481280806, -1.2983630314397123], [36.69285279947085, -1.2981780483230962], [36.69259679406002, -1.2978150811250473], [36.69241179020185, -1.2977150901985164], [36.6902597456766, -1.2976650954036666], [36.68924872464554, -1.2972881297120227], [36.68885771651168, -1.2971421429983032], [36.68880671544792, -1.2971141455385637], [36.688659712387576, -1.2970521511745123], [36.68770812861228, -1.2967590849003883], [36.6876986924162, -1.2967561781654], [36.68766169168003, -1.296847169975319], [36.68763654217999, -1.296910315291587], [36.68748168810131, -1.2972991292938254], [36.68748168811697, -1.2973481248772856], [36.68747868808658, -1.2974471159551229], [36.68744468741596, -1.2975491067725964], [36.68739068632171, -1.2976201003906886], [36.68725968365913, -1.2977670871835474], [36.687164175728824, -1.297908220492658], [36.68714668137531, -1.2979340721680406], [36.687109680634904, -1.298012065149632], [36.68705967963561, -1.2981210553413869], [36.68703054105512, -1.2981905330880004], [36.68700767859966, -1.2982450441817837], [36.68698806720527, -1.2982802600137269], [36.68695867761432, -1.2983330362658645], [36.68685967562577, -1.2985180196233528], [36.68682363191537, -1.2986276417535494], [36.68681167467968, -1.2986640064794441], [36.686753877519756, -1.2987750014929689], [36.686748673415245, -1.2987849955938013], [36.686668671797996, -1.2989019850740553], [36.686551669476856, -1.2992109572607062], [36.68649066826093, -1.299353944391392], [36.68640126846685, -1.2995259289174108], [36.68631866480888, -1.2996839147029933], [36.68622866300272, -1.299856899139132], [36.686091660270236, -1.3001728707011613], [36.68601665876314, -1.3003108582869511], [36.68583465511518, -1.300674825537149], [36.68580965461705, -1.3007338202274168], [36.685714652709684, -1.300913804034028], [36.685699765410604, -1.3009413735536448], [36.68557264985679, -1.3011767803747436], [36.68553564911587, -1.3012527735365043], [36.68542764694036, -1.3014347571670244], [36.685229642932036, -1.3017067327147283], [36.68512064073456, -1.3018847167061085], [36.68497363769204, -1.3018787172948112], [36.68459562985889, -1.3018337214739537], [36.68423762242373, -1.3017397300632239], [36.68379161315892, -1.3016167412949324], [36.68341360530579, -1.301509751062398], [36.683096598718954, -1.3014167595480157], [36.68284559349181, -1.3013067695445264], [36.68257058775216, -1.3011467840554818], [36.68236658347569, -1.3009698000755954], [36.682231580645755, -1.3008528106651835], [36.682130578518105, -1.3007328215141163], [36.68194770165803, -1.3004912583485344], [36.68194057450753, -1.3004818441993913], [36.68182057193726, -1.3002068690251896], [36.68176057062667, -1.299989888603606], [36.681720569744584, -1.2998189040293504], [36.68171405357254, -1.2997025595188643], [36.68170031720983, -1.299457297631537], [36.68170068821714, -1.2994560687421768], [36.68172243459034, -1.2992168762961445], [36.68173850490714, -1.299167825712409], [36.68176834549522, -1.2990767439128215], [36.681860167314866, -1.2988278873151071], [36.68186465140724, -1.2988266564246795], [36.68186042031898, -1.298824322636319], [36.68187457259947, -1.2987859970865239], [36.68195396918904, -1.2986211469203661], [36.682057576263254, -1.2984060312773875], [36.68216157832153, -1.2981150574720697], [36.68223357975898, -1.2979530720500927], [36.68230058109792, -1.2978060852776572], [36.682432583742674, -1.2975381093901783], [36.68247775364406, -1.2974350216678274], [36.682563586356856, -1.2972391362970812], [36.682783590755804, -1.2967641790381108], [36.6828665924103, -1.2965691965868194], [36.68291259332666, -1.2964592064862894], [36.68298459476138, -1.2962882218754226], [36.68311159728526, -1.2959652509464672], [36.683172598498594, -1.2958132646266138], [36.68326560029363, -1.2954103009191682], [36.68335960207176, -1.2948893478464958], [36.683463604085205, -1.29445738674904], [36.68381161072685, -1.2927105440924422], [36.683876611965616, -1.2923785739941238], [36.684079615850834, -1.2913926627949475], [36.68421461844319, -1.2907637194417123], [36.684314620364795, -1.2903017610483503], [36.68435448516174, -1.290214792874392], [36.68436962146432, -1.290181771845801], [36.684430622679656, -1.290035784984773], [36.684495623989164, -1.2899257948777414], [36.68456062530565, -1.2898378027879556], [36.6847136284183, -1.289673817519452], [36.68486263146635, -1.2895668271149217], [36.68499663421008, -1.2894788350028792], [36.68512672387817, -1.2894077273702835], [36.68519954237178, -1.2893682369062045], [36.68522171582664, -1.2893562119829918], [36.68535713560462, -1.2892836734775315], [36.685435643215094, -1.2892418562214192], [36.68550455862784, -1.2892018848020008], [36.68556297482537, -1.2891680028371542], [36.68562883917555, -1.2891299222482682], [36.685716521973035, -1.2890792267895], [36.685838790476495, -1.2889989969815232], [36.68585996390933, -1.2889827114426657], [36.68586765206642, -1.2889768799657684], [36.685883670393814, -1.288964524074345], [36.6859046328223, -1.2889483555249321], [36.68593813450707, -1.2889225878366992], [36.686090969611186, -1.288743024972274], [36.68611320905791, -1.2887010217510442], [36.68612542830339, -1.2886783327921572], [36.686125657308004, -1.288677906830531], [36.68614780675358, -1.2886381714048427], [36.6861597459938, -1.2886169493139505], [36.68619031359204, -1.2885099759460483], [36.68620511487547, -1.288438445388688], [36.68621365903964, -1.2883989319473892], [36.68623574544148, -1.2882255095716473], [36.686247659658136, -1.28813195600019], [36.68624693162209, -1.2880656729748234], [36.68624571656033, -1.2879502763764472], [36.686268641966656, -1.2877363296529456], [36.68630685069269, -1.2875338438915322], [36.68632595506116, -1.2874497934611508], [36.68636798489787, -1.287346640745166], [36.686411014758235, -1.2872534191337475], [36.686433559209085, -1.2872047415139578], [36.68643666327126, -1.2871980401169592], [36.68648303620413, -1.2871153835522664], [36.686500011545654, -1.2870852092664247], [36.686505537656856, -1.2870753871500253], [36.68655808770463, -1.286951705280992], [36.6866297161326, -1.2867831204530906], [36.68663297419757, -1.2867755181372587], [36.6866646678302, -1.2867030846557899], [36.686708668703844, -1.2865880950060349], [36.68670943371902, -1.2865861051851515], [36.686738669299636, -1.286510102026096], [36.68676891190214, -1.2864377105413036], [36.68682321498432, -1.2863082331939997], [36.686837955278044, -1.2862730873570891], [36.68695390159267, -1.2860094440828322], [36.68705845067983, -1.2857717184760964], [36.687092674363065, -1.285693992470817], [36.68709567642298, -1.2856871760842012], [36.68713767926549, -1.2856042665435508], [36.687288821297294, -1.2853065063329698], [36.68733467222021, -1.2852262765494906], [36.68736682687287, -1.2851871360670388], [36.687422683006666, -1.285119227169869], [36.68746825093292, -1.2850678537856526], [36.68757168603542, -1.284951242262938], [36.68759021341289, -1.284933350869521], [36.6877179170155, -1.2848110958476446], [36.68775114969288, -1.2847792807045753], [36.687821972138124, -1.2847177022320049], [36.687838691479406, -1.2847032645279872], [36.68786729006259, -1.2846770518813704], [36.687886019444576, -1.2846598854226083], [36.68801861214857, -1.2845385903126267], [36.68822303031918, -1.2843571176035113], [36.68828307754593, -1.2843090979123712], [36.68846540127069, -1.2841632929955504], [36.68846565927599, -1.2841631130116746], [36.688507687136024, -1.284133911630144], [36.6886002170295, -1.2840696173954176], [36.68862459552698, -1.2840484212980612], [36.68870532817459, -1.28397822759881], [36.68874747903402, -1.283939092112599], [36.688801298131374, -1.2838891215993051], [36.68896353443694, -1.283731472756443], [36.688985031873976, -1.2837071919380543], [36.68908692494492, -1.283592102278584], [36.68909486410629, -1.2835830300936888], [36.68923088087032, -1.2834276000592537], [36.68923090287077, -1.2834275750614972], [36.68928138889746, -1.2833722510317924], [36.689337951047705, -1.2833102696001624], [36.68936816866222, -1.2832771565749264], [36.68937429478678, -1.2832704431781166], [36.68939878028481, -1.2832436125885485], [36.689399966308926, -1.2832423127053094], [36.68940199335041, -1.283240916830445], [36.68943236197183, -1.2832200017057738], [36.68942503381905, -1.2832158150855706], [36.68942445080684, -1.2832154821157415], [36.68950414842761, -1.2831281469618054], [36.689540500166856, -1.2830883125404762], [36.68958672910762, -1.283039655911118], [36.68958804013431, -1.2830382280394534], [36.68958806713487, -1.2830382480376437], [36.68963180602494, -1.2829922121729098], [36.68974457731978, -1.2828736438234476], [36.68980104946907, -1.2828142681569266], [36.68981651478298, -1.282795647830303], [36.690099185522946, -1.2824588610947492], [36.690272923049044, -1.2822461042150834], [36.69031006980326, -1.282201378234324], [36.69033405128086, -1.2821433104604376], [36.69036686793444, -1.282063850611729], [36.69037452908751, -1.2820464621764962], [36.69039737953768, -1.2819756345529498], [36.69041565989123, -1.2818979525486252], [36.69042707610576, -1.281829445719578], [36.69042708110586, -1.281829408722908], [36.69043622426389, -1.2817311655747785], [36.69042936907879, -1.2815940799326644], [36.69041517976028, -1.281514793083331], [36.690410073645445, -1.2814855077245462], [36.69040107342273, -1.2813695281806674], [36.690394119254236, -1.2812915172141115], [36.690392072204666, -1.2812685462851177], [36.690374482806476, -1.2811596841026267], [36.69037110172986, -1.2811382700337777], [36.690370807720605, -1.2811282709351572], [36.69036915266605, -1.2810637577502004], [36.69036907166328, -1.2810605840363674], [36.69037081869188, -1.2810365672004251], [36.690373386735224, -1.2810057539767514], [36.690385156960176, -1.280946907276879], [36.690387071996824, -1.2809376061146132], [36.69039378313075, -1.280922076512112], [36.690401378282296, -1.2809045040935447], [36.690415182557814, -1.2808728929382103], [36.69042251370413, -1.2808561024492278], [36.69042837182225, -1.2808463403272066], [36.69047107568337, -1.280776635596048], [36.69055424736636, -1.28065863620474], [36.69057607980817, -1.2806276619894759], [36.690610081497184, -1.2805826700336427], [36.690685084026626, -1.2805136822275758], [36.69068502402538, -1.2805136292323676], [36.690685290030814, -1.2805133882539819], [36.6905481901571, -1.2803922962119538], [36.690396607985036, -1.2802751208215057], [36.69027627346688, -1.2801820982441874], [36.690243759784906, -1.2801520269649183], [36.69024358978159, -1.2801524129301287], [36.690185063553834, -1.2800977578749269], [36.69000943887823, -1.2799604743044979], [36.689776998013436, -1.2797788387497142], [36.68941828749663, -1.2794685778281314], [36.689404540208564, -1.2794566879041531], [36.689302575070755, -1.279365002200299], [36.689245731878984, -1.279313889825232], [36.689064486077505, -1.279146507969093], [36.688916689977695, -1.2790100173181917], [36.68867447890046, -1.2787952497523716], [36.68864263523296, -1.2787672342875402], [36.68871401367947, -1.2786725327999988], [36.688761003631654, -1.2786100264185578], [36.688815730743194, -1.2785453632291186], [36.68893682820264, -1.2784019741138688], [36.6889828761381, -1.278348192946257], [36.68921186278998, -1.2780807509771284], [36.68924046836965, -1.2780425194137612], [36.68932857815492, -1.277924760998976], [36.68937017999197, -1.2778508106506963], [36.68941178182847, -1.2777745495106674], [36.68944257944333, -1.2777044068226184], [36.68945303165188, -1.2776801940015712], [36.68948803234657, -1.2775872103708472], [36.68949219042284, -1.277556333152351], [36.689501919601106, -1.2774833687253757], [36.68950199459964, -1.2774737465925776], [36.68950200559941, -1.277472304722496], [36.689502765584244, -1.2773742465600817], [36.68950303357713, -1.2773342561642198], [36.68950138053461, -1.277307631564381], [36.689498005448065, -1.2772544723565318], [36.68949383034103, -1.2771887222837464], [36.68949040226599, -1.2771753214926687], [36.68946803177626, -1.277089300252693], [36.68941700568585, -1.276977993300841], [36.689413471610294, -1.2769703009952433], [36.68941302960081, -1.2769693210837092], [36.68941294259905, -1.2769691780966124], [36.68931102443518, -1.276791354156005], [36.68914801798571, -1.276543398555609], [36.68899807280653, -1.2762955389423383], [36.68899801280525, -1.276295441951091], [36.68899004763663, -1.2762829260816808], [36.68888073532176, -1.276111167596533], [36.688860557894486, -1.2760794634604051], [36.6888235781049, -1.2760008915536178], [36.68877273201256, -1.2758714772335606], [36.68876965294377, -1.2758551967018372], [36.6887650018405, -1.2758325267464758], [36.688754000591565, -1.2757645388774677], [36.688754000563605, -1.275675554897379], [36.688768940856825, -1.2756253134206266], [36.6887740829575, -1.2756073170409563], [36.68877593899382, -1.2756008226256783], [36.68878839024293, -1.2755738480528156], [36.688797002415, -1.2755545767869225], [36.68884700443123, -1.2754975869072547], [36.6888560106155, -1.2754910984891548], [36.68891500782237, -1.2754485953010286], [36.68895144757136, -1.275433714630558], [36.68898601028171, -1.2754196008915397], [36.68902408406691, -1.2754122545415087], [36.689042721451315, -1.2754087608504148], [36.689056735741666, -1.275410317705582], [36.68910701578355, -1.2754166011232297], [36.68910965083827, -1.2754174460463088], [36.68915766283619, -1.2754328436432951], [36.6891601058869, -1.2754336575691385], [36.68928816055557, -1.275497678758257], [36.68940554600915, -1.2755794823481565], [36.68951843536337, -1.275641382733242], [36.68962603760747, -1.275700550366342], [36.68979304408859, -1.2757865345635904], [36.68983184389651, -1.2758038589898273], [36.68989604823342, -1.2758325263856136], [36.68998005198091, -1.2758645204752643], [36.69028421730299, -1.2759639544165797], [36.69029479652296, -1.2759674360994318], [36.69029506452846, -1.2759675050930446], [36.69030063364422, -1.2759690219545938], [36.6904380814987, -1.276006567526856], [36.690661080129956, -1.2760674829655299], [36.69080930420663, -1.276102635749978], [36.69087593858983, -1.2761186752831062], [36.690889690874975, -1.276120972071815], [36.69092509160917, -1.2761274724745688], [36.69112009965209, -1.2761584666188965], [36.69132210783416, -1.2761714643829747], [36.69146082670789, -1.2761864089917714], [36.69155411764049, -1.2761964590562391], [36.691604158675496, -1.2761964590402681], [36.69178712745962, -1.2761964589818713], [36.69191313306383, -1.276190460482318], [36.692013738142975, -1.276185603887873], [36.69205833906472, -1.276183530060552], [36.692251147038576, -1.2761394669703077], [36.69225158004744, -1.276139371978723], [36.69231843242575, -1.2761255302049213], [36.69236832243148, -1.2760423906822154], [36.6923821517102, -1.2760194907416889], [36.69238735880939, -1.2759922181980883], [36.6924031361097, -1.2759095756413363], [36.69242414353292, -1.2758736538722204], [36.69242410753216, -1.2758735958774532], [36.692424153533, -1.275873516884552], [36.69241578435566, -1.2758599401108948], [36.69240725617494, -1.2758461043606077], [36.69226565317372, -1.2756150932261132], [36.69205711376371, -1.2753064891062975], [36.6920253610873, -1.2752436657785458], [36.69192938704277, -1.2750537809228981], [36.69186112958859, -1.2749186891200657], [36.691853061417135, -1.2749039224534418], [36.6917111223998, -1.274643739948115], [36.6917096663687, -1.2746406812241755], [36.69169911114346, -1.2746185112256758], [36.69155244701323, -1.2743097790973579], [36.69143768256208, -1.274062620409363], [36.69139010954589, -1.2739598626856865], [36.69129655053832, -1.2737283795780483], [36.69129110542147, -1.2737149067940672], [36.691278450152254, -1.2736912879267661], [36.691207382640876, -1.273558658902724], [36.69117081886312, -1.2734903090743788], [36.691087403092126, -1.273344347255919], [36.69103005483743, -1.2731254050063445], [36.69099323001573, -1.272933938274015], [36.690978091677884, -1.2728550613876684], [36.69097809157318, -1.272521121483981], [36.69102509345877, -1.272245171339047], [36.69103303761894, -1.2722318775345847], [36.69119375585863, -1.2719629277223934], [36.69121236223376, -1.271931920510994], [36.691442109900635, -1.2716612758296024], [36.69169212002061, -1.2714993053475847], [36.69187098470267, -1.2714444232369948], [36.69208313706997, -1.271379327036226], [36.69244476053025, -1.2713194053216583], [36.692620170149006, -1.2712904578747564], [36.69274556773683, -1.2712725454492586], [36.6930851777454, -1.2712243536844525], [36.693277185707984, -1.2711973590563554], [36.69391321286206, -1.2711973578541462], [36.69442311841, -1.2712052489808614], [36.69455923922588, -1.2712073557477044], [36.69495025531755, -1.2712233531815973], [36.695263268790995, -1.2712233530820762], [36.69545627677612, -1.2712023559131143], [36.69557128111344, -1.2710713796807835], [36.69560228269109, -1.270868415963013], [36.695602265690624, -1.27086836096797], [36.695602288691155, -1.2708682109814682], [36.69558558732885, -1.2708144038362155], [36.696056733876, -1.2701862782960802], [36.69664661582918, -1.269399854984529], [36.696780330592624, -1.2693936814984728], [36.6969587642827, -1.2693936814418196], [36.69704634209391, -1.2693936814140132], [36.69726035048695, -1.2692886998073747], [36.69728622501345, -1.2692614692533473], [36.69737487581787, -1.2691687995770382], [36.69740604144083, -1.2690997977858456], [36.69744835828713, -1.2690077500681505], [36.6975185526463, -1.2687118107170359], [36.697531360894295, -1.2686578135794628], [36.69759536415538, -1.2684578495806385], [36.69759390611557, -1.2684267583831577], [36.69758992000255, -1.2683290971860088], [36.697580128760684, -1.2682031395408384], [36.69757911473573, -1.2681900847176926], [36.69757820471318, -1.2681783767731512], [36.69757819871304, -1.2681783457759441], [36.697494785901725, -1.2679020607022113], [36.69741658319816, -1.2676257756266733], [36.69732274018738, -1.267401620857946], [36.697274352165984, -1.267335050872764], [36.697273879155965, -1.267334396931884], [36.69716460685226, -1.267193812636288], [36.697024454913766, -1.267065354257754], [36.69700955760291, -1.2670567330394398], [36.6967345948668, -1.2668976154666387], [36.69645752610904, -1.2668084265924324], [36.69636191712216, -1.2667776493963807], [36.69623556849395, -1.2667288148375397], [36.69613824246946, -1.266691516229743], [36.69611930107548, -1.2666841698978253], [36.69593129316482, -1.266612182445047], [36.69570828449977, -1.2664422138336577], [36.695665282602334, -1.266416218190036], [36.695542277034995, -1.2663412319869036], [36.69552822174091, -1.2663300220015796], [36.695322386432814, -1.2661658528619744], [36.69527526944658, -1.266128260264798], [36.69527519544502, -1.2661281892712142], [36.69527784049657, -1.2661179861899372], [36.695278888516995, -1.2661139465536844], [36.69527899951917, -1.266113518592183], [36.695250255916974, -1.26608864584284], [36.695201414889624, -1.2660334398336048], [36.69520126288642, -1.2660332878472493], [36.69511753612875, -1.2659495704185855], [36.694905184667896, -1.265727687482131], [36.69454312506691, -1.265364606318045], [36.69450065418023, -1.2653380657233717], [36.69448452884233, -1.2653239160036431], [36.694344575909604, -1.2652011141148949], [36.694173632313436, -1.2650057717733543], [36.69407276620092, -1.2649208404593055], [36.69398907945036, -1.2648572882132054], [36.693988886446306, -1.2648571422263215], [36.69398646339496, -1.2648532495779286], [36.69396469593386, -1.2648182827360754], [36.69392420907637, -1.2647535185854177], [36.69389309341477, -1.2646954888249107], [36.69387209296835, -1.2646564923458945], [36.693866784844026, -1.2646097805572907], [36.69387316496513, -1.2645750086888827], [36.693888019247105, -1.2644940609792514], [36.69393198112966, -1.264408545671932], [36.69394620941522, -1.2643805861872257], [36.69394639041895, -1.2643804501993234], [36.69394839245988, -1.2643789483340915], [36.69400587463489, -1.2643348152931724], [36.69408975335377, -1.264283856858978], [36.69427025207086, -1.2642328973944124], [36.69438567344537, -1.2641927019803736], [36.69456081704858, -1.264131709421657], [36.69467223934074, -1.2640926369076053], [36.69475652505491, -1.2639994992744474], [36.694899874969884, -1.2638400905950675], [36.69506208223993, -1.263568402028304], [36.69510904118658, -1.2634897491017054], [36.69535006007963, -1.2631956745273434], [36.69550485123174, -1.263037980689736], [36.69556248840551, -1.2629792629631629], [36.69563127880626, -1.2629088502870174], [36.69572490670711, -1.262795063511836], [36.69577883080186, -1.2627293214194153], [36.69579834319803, -1.2627055325570742], [36.695837551994074, -1.2626577298525892], [36.69587328871944, -1.2626139027910699], [36.69591129048798, -1.2625579128247388], [36.69594393014863, -1.2625119299584748], [36.695957604425374, -1.2624925227031156], [36.69597750782825, -1.2624642772422614], [36.69600829543592, -1.2623709466434192], [36.69600929442329, -1.2622639652841088], [36.69599831818229, -1.2622186983670598], [36.6959850008901, -1.2621648582232707], [36.6959849918899, -1.2621648212266048], [36.69593296178911, -1.2620850514317736], [36.69584128684961, -1.2619450230798692], [36.69580385406553, -1.2619130319747025], [36.69577901054519, -1.2618919798797679], [36.695778186527825, -1.26189117695232], [36.695756534073546, -1.2618700778606968], [36.695674997362595, -1.2617906250466147], [36.69548727242351, -1.2616080845560544], [36.69535631569596, -1.261546192175055], [36.695322264986785, -1.2615300986361244], [36.69466223722699, -1.2611771626503352], [36.69461105216102, -1.261153543794965], [36.694610233144, -1.2611531708288026], [36.69461001413942, -1.2611530778372442], [36.69455367595754, -1.2610990687222667], [36.694507023978865, -1.2610543457673498], [36.69450067183418, -1.261011700612378], [36.694484230461036, -1.2609052112141341], [36.694491938605765, -1.260857942471541], [36.69449923074277, -1.2608132274987933], [36.694497230693656, -1.2607882327518678], [36.69451352802251, -1.2607618051283578], [36.69456882213816, -1.2606721391914448], [36.69457923334821, -1.2606552567095057], [36.69458410845026, -1.2606590383671326], [36.69460362284857, -1.260642313868188], [36.69460127079955, -1.2606411559732693], [36.694604234860336, -1.2606392591432927], [36.69461733912867, -1.2606305579232846], [36.69471101904669, -1.260568357499103], [36.69473524054268, -1.2605522749407883], [36.694831720530175, -1.2605271121780253], [36.69494224880707, -1.2604982847409585], [36.6950819816933, -1.2604869427190568], [36.69508406273623, -1.260486608748469], [36.69518035772537, -1.26047883741851], [36.69533236586521, -1.2604665694761037], [36.69543900006787, -1.2604579642179676], [36.695718280836644, -1.2604352951727869], [36.69622930241021, -1.2604522914799847], [36.69699314128357, -1.2606991009971285], [36.69718881034978, -1.2607622902409916], [36.69747500529721, -1.260854712821675], [36.697596728826674, -1.2608940222408318], [36.69768529366717, -1.2609226226354395], [36.69787212754964, -1.2609829581391743], [36.69851684798131, -1.2613002343431785], [36.69862640126356, -1.2613541304515627], [36.69862874131229, -1.2613551523587274], [36.6988528009761, -1.2614524595187555], [36.69920154724839, -1.261646055961946], [36.69938933916837, -1.2617632113447015], [36.69939323624976, -1.261765643124344], [36.699702576704865, -1.2619522352110628], [36.699979459482726, -1.2621189890958397], [36.7003294737952, -1.2623579464504253], [36.7003571113715, -1.2623733170564344], [36.70048011293632, -1.26244117290251], [36.700572181858604, -1.2625001405591523], [36.70067563901795, -1.262563947776183], [36.700800946633294, -1.2626412317717324], [36.700801997655226, -1.2626418797129726], [36.70080202165573, -1.2626418947116138], [36.70080249366545, -1.2626418947114653], [36.701080576469565, -1.2628136951408633], [36.701103505948176, -1.2628278608570125], [36.70118794870458, -1.262860331904042], [36.70120751011138, -1.2628678532200357], [36.70125451208645, -1.2628778523040884], [36.701305666143625, -1.2628754915006666], [36.70131951542972, -1.2628748525538205], [36.70134492195348, -1.2628693860385212], [36.701368585441244, -1.2628642944898336], [36.70139851805822, -1.262857855060704], [36.70141728244422, -1.2628514496320409], [36.70143951990178, -1.2628438583091455], [36.70149652207061, -1.2628118631745813], [36.701505422252, -1.2628031719550208], [36.70153952394681, -1.2627698709453594], [36.70154693209682, -1.2627596158672545], [36.701565525473235, -1.262733877180973], [36.70157360863677, -1.2627220652429203], [36.70157885274297, -1.2627148558909125], [36.70160367824322, -1.2626726576860658], [36.70160859634125, -1.2626609777371283], [36.70162122159318, -1.262631313406455], [36.701623527639114, -1.262625896893862], [36.70163170280046, -1.2626010041346163], [36.70164588108045, -1.2625584739630198], [36.7016547742563, -1.2625327852752986], [36.70166852952866, -1.26249392077343], [36.701693530018616, -1.2624069366045971], [36.701736096858845, -1.2622783571788214], [36.701740531946506, -1.262264962384613], [36.70181253537943, -1.2620849945805972], [36.701867804480585, -1.2619507966571097], [36.701882963782836, -1.2619143249391678], [36.70189181295898, -1.261892545899171], [36.70191074633622, -1.2618466570286446], [36.701915539431766, -1.26183503907416], [36.70192653765238, -1.2618130470526594], [36.70193385579931, -1.26179890032524], [36.70194794208225, -1.261772011743994], [36.70198254177749, -1.2617070625862574], [36.70207054554483, -1.2615380927861135], [36.70216215838528, -1.2613641284348691], [36.702219551538285, -1.2612551432384524], [36.70233655589572, -1.2610551792222418], [36.7024755616941, -1.260810223253832], [36.70252456368038, -1.2607232390773577], [36.7025330628514, -1.2607080654421068], [36.70253880996713, -1.2606979383529053], [36.70256395747343, -1.2606536223387792], [36.70257186863273, -1.2606396815926195], [36.70259895917791, -1.2605914989261984], [36.702624324688486, -1.260546366985554], [36.702658628378906, -1.2604853434741592], [36.70284791818861, -1.260148611760476], [36.702880944853405, -1.2600898600447519], [36.702973582717995, -1.2599255188258471], [36.70300094826879, -1.259877016188223], [36.70303458494589, -1.2598174015500827], [36.703034803950274, -1.2598169135939474], [36.70303485695135, -1.259816808603384], [36.70311652458368, -1.2596348349769841], [36.703139589044646, -1.2595834436010676], [36.70317158967719, -1.2594894610605445], [36.703191591063856, -1.2594024768931584], [36.70320659134643, -1.259313492907577], [36.70321102441, -1.2592228820719724], [36.703216087485615, -1.2591292225108375], [36.703233693793194, -1.2589473038995087], [36.70328295077346, -1.2588235230390088], [36.703329601701746, -1.2587062925889285], [36.70334459700015, -1.258668608980185], [36.70390562066548, -1.2588745712424676], [36.70420263284051, -1.2589815515080447], [36.70421140002259, -1.2589842732599608], [36.70436363918544, -1.2590315429521173], [36.70506166868766, -1.2592505029997343], [36.70578069861765, -1.2594484669328212], [36.70601220342127, -1.2595016540666242], [36.70617671483477, -1.2595394496086765], [36.70692774641192, -1.259691421676237], [36.7072372848296, -1.2597460986511737], [36.70749377014719, -1.259791403487465], [36.707694778314206, -1.259825397360537], [36.707806396628186, -1.2598442406272392], [36.70814103756528, -1.25990073543038], [36.70815079676769, -1.2599023832788463], [36.708761822433004, -1.2600013651659254], [36.70908316109446, -1.2600557691616552], [36.70944685163381, -1.2601173434978805], [36.70970686202376, -1.2601613354512058], [36.71000887428446, -1.2602123267606238], [36.71014491810519, -1.2602371774781602], [36.71062189999489, -1.260324305475577], [36.71083413739547, -1.2603630709150553], [36.710933913464224, -1.2603812952411821], [36.71113992173527, -1.260418288842329], [36.71157293971368, -1.260498273497356], [36.71196995594544, -1.2605712607943755], [36.71243497558515, -1.2606502465293827], [36.713110003582564, -1.2607792226928183], [36.71344001742262, -1.2608322128130423], [36.71367302725342, -1.260874204955184], [36.71414104695246, -1.2609451914099408], [36.714264417505376, -1.2609518847678076], [36.71452806296101, -1.2609661873956481], [36.71457906501527, -1.260965188469497], [36.71484307547246, -1.2609601888367952], [36.71538209861045, -1.2609381926490157], [36.71591312056599, -1.2608612054197963], [36.716309136735845, -1.2608032165209735], [36.716425078151794, -1.2608632510739666], [36.716428842229305, -1.2608624211475057], [36.71653123333939, -1.2608399801376604], [36.71653910950163, -1.2608382542907492], [36.71657793432368, -1.2609003656808053], [36.71661638213772, -1.2609618751252647], [36.71665105886647, -1.2609996737078055], [36.71669715283488, -1.2610491712322958], [36.71676915636868, -1.261194145144024], [36.716809504222034, -1.2612557815764314], [36.71693016277407, -1.2614401009267835], [36.71709463622161, -1.2615909762773556], [36.71712417084065, -1.2616180688263654], [36.71757119021079, -1.2620289946508598], [36.71781819938627, -1.2622489567489623], [36.71781876039808, -1.2622494627031393], [36.71787240352207, -1.262297337371475], [36.717980605787346, -1.262387836181148], [36.71800198423492, -1.2624057165629887], [36.718112267543745, -1.2624979562150647], [36.71826786380126, -1.2626280944371462], [36.71834411039842, -1.2626947114092073], [36.718377224092116, -1.2627238687709506], [36.71841787894378, -1.2627592855661633], [36.71846590894981, -1.26280112678004], [36.71854817267299, -1.2628730012763412], [36.718685465548894, -1.262992954422123], [36.71898210576286, -1.263252582929307], [36.71913425595005, -1.2633857488795488], [36.719174256787994, -1.2634207427130226], [36.719312177682106, -1.2635578953084108], [36.71936097570635, -1.2636066878955472], [36.71952423312618, -1.263749725952412], [36.71979668883357, -1.2639884373521362], [36.719984012757685, -1.264152561500962], [36.72000692623579, -1.2641665222354823], [36.72010629630926, -1.2642275966996082], [36.72013900299418, -1.2642557251541593], [36.72026505063403, -1.2643641293441776], [36.72029177119367, -1.2643872242542136], [36.72030582748768, -1.2643980992696482], [36.72036431171108, -1.264443645146282], [36.72038730819205, -1.2644615545248634], [36.72038665017859, -1.2644619064933786], [36.720390386256625, -1.2644646072487429], [36.7204202548843, -1.2644968933294596], [36.72051920595775, -1.264585844281268], [36.720557505755345, -1.2646041076231305], [36.720633508337876, -1.2646403513326108], [36.72070783788578, -1.2646757971144666], [36.72079463968137, -1.2646792677741225], [36.720943028751144, -1.2646852001925266], [36.72086349214468, -1.264806598276468], [36.72086116309753, -1.2648101529567717], [36.72081231011081, -1.2648847192518389], [36.72078619259977, -1.2649775728914348], [36.72081147715305, -1.2650753310727676], [36.72082972255227, -1.265145871709333], [36.72087325247854, -1.2652300211114258], [36.721003844221, -1.2653664007785288], [36.721076394734496, -1.2654099268327055], [36.72128243800703, -1.2654505501061555], [36.7213455223086, -1.2654420258543606], [36.721479098052356, -1.2653848909615513], [36.721482216117906, -1.2653881436674077], [36.721479432060846, -1.2653896045366568], [36.7214959024053, -1.2654024233761045], [36.72151578882288, -1.2654231714997677], [36.72152605303598, -1.2654258882517089], [36.721795113663994, -1.2656352882937374], [36.72179547667155, -1.2656353872846202], [36.721794793657644, -1.2656359632329752], [36.7219773914954, -1.2658369540602605], [36.72205918320816, -1.2659065997573034], [36.72224515610249, -1.2660649564259343], [36.72241540066741, -1.2662099203066344], [36.72250140246823, -1.2662829137005978], [36.7225254029707, -1.2663029118906401], [36.72297841246373, -1.266710874977863], [36.72300041292508, -1.2667318730783135], [36.72308041460244, -1.2668068662938765], [36.72313341571228, -1.266851862221625], [36.723272418623885, -1.2669728512728893], [36.72350642352412, -1.2671728331744858], [36.72367042696595, -1.2673368183426472], [36.723734428303864, -1.2673838140866207], [36.72377742920381, -1.2674188109186952], [36.72397543335636, -1.2676077938229162], [36.72439444212927, -1.2679607618769517], [36.724575445914105, -1.2680977494727528], [36.72485345172408, -1.2682977313600927], [36.72517145836009, -1.268494713504974], [36.72526661534573, -1.2685536531624786], [36.725284460718086, -1.268564707160534], [36.725604467396344, -1.2687646890344015], [36.72617847937485, -1.2691216566781296], [36.726404484087865, -1.269251644890402], [36.72708149821165, -1.2696596079047748], [36.72723750147238, -1.2697735975810902], [36.727462506180025, -1.26995258137735], [36.727669510512996, -1.270123565900333], [36.72784251413116, -1.2702565538587813], [36.72833852451486, -1.270670516389512], [36.72847005226821, -1.2707803014523524], [36.72856852932983, -1.2708624990122654], [36.72865660717407, -1.2709371992513265], [36.728680656677504, -1.2709573794247533], [36.7287997001702, -1.2710583712841568], [36.72964469686324, -1.271775231401955], [36.729685509719495, -1.2718152027861993], [36.72969369889125, -1.271823223060734], [36.72973066766421, -1.2718508685570504], [36.72981670446301, -1.2719152067306738], [36.730301724582716, -1.2722121528111476], [36.73059873778164, -1.272400118774317], [36.730974752599, -1.272541092947882], [36.731465335770146, -1.2726360512324695], [36.7315377762721, -1.2726500729455459], [36.731538248281964, -1.272650269927657], [36.73160885175073, -1.2726797842449282], [36.73170562776391, -1.2727202385677077], [36.731806557863585, -1.2727624307325744], [36.73239860918001, -1.2730093042918487], [36.73257161282855, -1.2732392835073107], [36.73259661335565, -1.273272280525107], [36.73277461711014, -1.2735102590180165], [36.73299362181412, -1.2740732082060182], [36.73301228921382, -1.2741170722463029], [36.73313362481164, -1.2744021785091433], [36.733233626933874, -1.274577162704726], [36.733346629331685, -1.2747741449132497], [36.73363463544374, -1.2752780993962143], [36.7337246373495, -1.2754220863889518], [36.73386964041995, -1.2756540654325226], [36.73408664497624, -1.2758780451742162], [36.734086995983496, -1.2758782091593361], [36.73424177720469, -1.2759468919189623], [36.734242100211425, -1.2759470349058941], [36.734341021293616, -1.2760659291574585], [36.734414651843444, -1.276154020193484], [36.734628618313096, -1.276302183769993], [36.73474965884154, -1.276385999176332], [36.734845583844766, -1.2764507773066143], [36.73484733788146, -1.2764519611993486], [36.73509496105271, -1.2766190050631545], [36.73533530308535, -1.276823737531961], [36.735443673354524, -1.2769159511852635], [36.7354688978848, -1.276944223628779], [36.735547028527506, -1.277031792710366], [36.735659085883434, -1.277157326359032], [36.73566924709937, -1.2771761526588425], [36.73580061689155, -1.277419538678153], [36.73580408596779, -1.2774338653855841], [36.73585028298285, -1.277624644174077], [36.735878378688085, -1.278019517571389], [36.73586472646072, -1.2781933969022894], [36.73585031622067, -1.2783769283632795], [36.73583553697454, -1.278565164400506], [36.735822953764895, -1.2787251169863665], [36.735830120052945, -1.2791687739925568], [36.735831177092, -1.2792233030769133], [36.735831682108305, -1.2792417414147228], [36.73587132097144, -1.27938046289759], [36.73591095383447, -1.2795191633823346], [36.73600793894606, -1.2798577708287897], [36.73617168541518, -1.2801246637182158], [36.73617170641563, -1.280124706714337], [36.73617175941676, -1.280124793706485], [36.73617633551522, -1.2801372165852538], [36.736292692019745, -1.2804516322060486], [36.736347248171974, -1.2805292251941327], [36.736524696919744, -1.2807816023875058], [36.73654740939949, -1.2808140444558518], [36.736559463654004, -1.2808311479102412], [36.73655955765603, -1.2808313978876984], [36.736576118012266, -1.2808752969252324], [36.736578084054536, -1.2808805094547213], [36.736589168292944, -1.2809098008108104], [36.73660438762027, -1.2809500441782646], [36.73670599480544, -1.281218715927049], [36.73678113546383, -1.2815514369106762], [36.73682662246779, -1.2817528497401751], [36.73687556953643, -1.2819328295006598], [36.73688612776687, -1.2819714290177988], [36.73702462779048, -1.282479551169617], [36.737201001641004, -1.283126793768288], [36.737320068246504, -1.28358266063649], [36.737322061290236, -1.2835904349350635], [36.737356164036534, -1.2837211481410606], [36.737537259938115, -1.2842207220491213], [36.73779176732525, -1.2846193220355373], [36.737866544908016, -1.2847364244553046], [36.73793325932019, -1.28484095801061], [36.73816260412261, -1.2850357793746625], [36.73838908686512, -1.2852281689586895], [36.73845029314681, -1.285280279241535], [36.738993116501014, -1.2857023630177897], [36.73939383788075, -1.286007103417608], [36.73982079479694, -1.28629370144433], [36.74038994768262, -1.286675682826596], [36.740514886295614, -1.2867719141114375], [36.740514781293555, -1.2867720610981441], [36.740768090591224, -1.2869669384489324], [36.74093979018219, -1.2870990314856827], [36.74101523875798, -1.2871502298460282], [36.741328798306775, -1.287363007563589], [36.74147525036557, -1.2874628165188269], [36.74152980250502, -1.287499995149636], [36.74186166343713, -1.2877288724098463], [36.7418618104402, -1.2877289724007925], [36.74186827357517, -1.2877332910093966], [36.74195263633689, -1.28778970389664], [36.74214139327843, -1.2879159264570872], [36.7427898088246, -1.2883681994761502], [36.743098856283666, -1.28859231317283], [36.74313685407785, -1.2886198686765284], [36.743171281797395, -1.2886448344147172], [36.74319446728193, -1.2886616478915762], [36.743511866914965, -1.2888898102204671], [36.74359476064719, -1.288949397821978], [36.743709934054095, -1.2890321943207628], [36.74383173259795, -1.2891152697921842], [36.7439501140705, -1.289196015474802], [36.74404732310078, -1.2892623194662078], [36.7440759476987, -1.289281852695981], [36.74424088314353, -1.2893944014964713], [36.74424092914446, -1.2893942995056424], [36.74427685989496, -1.289418821283394], [36.74436449072587, -1.2894810166482789], [36.74443639822846, -1.2895320530240943], [36.74443644822947, -1.2895319850302025], [36.744725136261394, -1.2897363915097575], [36.744872116332424, -1.2898404610802998], [36.74502158145541, -1.2899462894916096], [36.74503800579861, -1.2899579184379353], [36.74510107511605, -1.2900015404850733], [36.745161694382276, -1.2900434676856514], [36.74565188862197, -1.290382733942206], [36.745662848850976, -1.2903904052471027], [36.745671889039876, -1.2903967326737495], [36.74616989944707, -1.2907547002416997], [36.746275904660614, -1.2908256058152128], [36.74654796934171, -1.291007587321335], [36.74660490853069, -1.2910456738694094], [36.746638664235554, -1.2910680918374717], [36.74673891132866, -1.291134665803313], [36.746795636513205, -1.2911727133548727], [36.74682683716473, -1.291193640458215], [36.74689999969246, -1.291242460033344], [36.747238003738985, -1.2914324267981798], [36.74733526976678, -1.2914870928385531], [36.747366714422235, -1.2915046822426075], [36.74738092471849, -1.2915126315213146], [36.74741109234623, -1.291525861318893], [36.74755199427794, -1.2915872817361571], [36.74761506858736, -1.2916051951007979], [36.7477665097311, -1.291648205174451], [36.748114757959016, -1.291743319486981], [36.74811480095995, -1.291743413478501], [36.748232942411974, -1.291775607537906], [36.74826235202235, -1.291783468819618], [36.748434946604156, -1.291829602604788], [36.74863889283687, -1.2918843875997073], [36.74870295216631, -1.2919015960275981], [36.74883637093379, -1.2919330851456299], [36.749096960339315, -1.2919945875167251], [36.74910796057488, -1.2920205851693358], [36.74967032925226, -1.2921910716175597], [36.74967197228634, -1.2921915695720882], [36.74975297396847, -1.2922165672922759], [36.75081599603229, -1.2925105404455057], [36.75159151912786, -1.2927223860957704], [36.75159201213813, -1.2927225210833633], [36.751723014857085, -1.292758517795746], [36.752164024010746, -1.292881506564962], [36.75273003576272, -1.2930514910568511], [36.752957040486166, -1.2931514819687098], [36.75302104181619, -1.293174479874562], [36.753162537766144, -1.29325496257284], [36.75316651984945, -1.2932579493023522], [36.753269904009855, -1.2933326075380314], [36.75353829361848, -1.2935264219777327], [36.75353983265004, -1.2935257950337935], [36.75354805281892, -1.2935224483328402], [36.753666905303774, -1.2936120082201001], [36.75368605570424, -1.2936264389128465], [36.75373704177191, -1.2936702919428285], [36.7540157236076, -1.293909229311037], [36.754152968481435, -1.2940265126928514], [36.754194730356, -1.2940622014617116], [36.7543397363911, -1.294182179597996], [36.754502743806434, -1.2943281533847895], [36.754665979226715, -1.2944745461337448], [36.75487208054483, -1.294658345496328], [36.755097085260346, -1.2948633269430174], [36.755354090662834, -1.295148301167456], [36.7555238492433, -1.2953740707577055], [36.755560788022265, -1.2954229553384067], [36.75559195768309, -1.2954750626305171], [36.75563241754093, -1.2955427025191943], [36.75580510020157, -1.2958302395396821], [36.75580560121214, -1.295831072464406], [36.75587910177023, -1.2959532284273907], [36.756194108449066, -1.296481180726305], [36.756202506627275, -1.2964957734079008]]]}}, {"type": "Feature", "properties": {"county": "NAIROBI", "subcounty": "Langata  Sub County", "ward_count": 5}, "geometry": {"type": "MultiPolygon", "coordinates": [[[[36.89085746594938, -1.4149760799387021], [36.890882270415176, -1.4148447327867313], [36.8908727552672, -1.4149826843370892], [36.89085746594938, -1.4149760799387021]]], [[[36.77535750994311, -1.3135686337556425], [36.77540651095527, -1.3135676338296827], [36.77541951122649, -1.3135756331041166], [36.77543951164391, -1.3135886319252965], [36.775464512175084, -1.3136336278595913], [36.775472512360764, -1.3136966221765607], [36.77547151237644, -1.313808612078322], [36.77543451166315, -1.3139665978441837], [36.77539051079078, -1.314079587669915], [36.77535651012487, -1.3141925774923469], [36.77531950940619, -1.3143335647910186], [36.77522150745494, -1.3145605443555541], [36.77510550511883, -1.3147475275326408], [36.77504250387006, -1.3149105128562175], [36.77503201466947, -1.3149601293855295], [36.77501650337277, -1.315033501774236], [36.775029503680024, -1.3151524910401722], [36.7750485040979, -1.3152304840008597], [36.77507150459167, -1.3152874788537698], [36.77513750600956, -1.315454463774075], [36.77518650707783, -1.3156264482491835], [36.77524350829204, -1.3157384381316806], [36.775389511395346, -1.3160054140087976], [36.77547014812318, -1.3161953928507095], [36.77554951482388, -1.3163823799628094], [36.77561451619448, -1.31646737227702], [36.7756635172125, -1.3164843707280722], [36.7757134912453, -1.3164852756299676], [36.775787171768044, -1.3164866104852164], [36.77599616709148, -1.3165029449433838], [36.776129526850276, -1.316513367959444], [36.776240529139464, -1.3165003690949064], [36.77633472208195, -1.3164888830996164], [36.77633426207789, -1.3165057525786052], [36.77650049850362, -1.3164783239971092], [36.776651318607506, -1.3164404813599186], [36.77685255075063, -1.3163958043222759], [36.7768591148856, -1.3163937275073956], [36.77685913488621, -1.3163943424518973], [36.776859162887085, -1.3163952403709913], [36.77714154769196, -1.3163043864706345], [36.77730755109899, -1.3162343927277154], [36.7774685544125, -1.3161943962813074], [36.77753055569373, -1.3161948682183344], [36.77769555910269, -1.3161943962064238], [36.77780656140483, -1.3162213937352751], [36.777886563068186, -1.3162533908234795], [36.77799756537422, -1.316292387270234], [36.77821356988291, -1.3164333744852421], [36.778236080354176, -1.3164523877632341], [36.77826757101262, -1.3164763705901807], [36.778405908913456, -1.3166076067100994], [36.778471575299605, -1.3166983505053933], [36.778575577508605, -1.3168833337898553], [36.77860857822421, -1.3169873244013763], [36.778619655464404, -1.3170223252414073], [36.77862157851558, -1.317057318085269], [36.778621578559815, -1.3171933058222394], [36.77864123702057, -1.3173613646606062], [36.77864157902862, -1.3173642903967226], [36.77870158032562, -1.3175402745070965], [36.77876758171036, -1.3176052686243347], [36.77882758295848, -1.3176312662600425], [36.778888584220425, -1.3176362657891079], [36.77896802386225, -1.3176379376120702], [36.77898358618383, -1.3176382655773822], [36.7790385303161, -1.3176292593713597], [36.77910158861859, -1.3176282664400796], [36.77910301364803, -1.3176281904464555], [36.77921459095136, -1.3176222669437254], [36.779226844203826, -1.317620025141831], [36.779260591900446, -1.3176182672892365], [36.779356593883946, -1.3176182672575318], [36.77947114623512, -1.3175705425233677], [36.77947659634699, -1.3175682717264214], [36.779592598733586, -1.3175372744833835], [36.77965807407831, -1.317512611685798], [36.77973860173219, -1.3174822793944796], [36.77983960381244, -1.317462281164464], [36.779874604535536, -1.3174622811529058], [36.77990860523797, -1.3174622811416783], [36.77991960546536, -1.3174622811380459], [36.78000560724537, -1.3174722802079777], [36.78003246980599, -1.3174895656403518], [36.78006112340403, -1.3175080049680858], [36.78010660935327, -1.317537274313639], [36.780211611537595, -1.3175832701311376], [36.78027761290126, -1.317583270109341], [36.780407615583826, -1.3175732709680785], [36.780538146274615, -1.317554625606425], [36.780659620778685, -1.3175372741310125], [36.78075562275556, -1.3175172759027405], [36.78076089986343, -1.3175135072408024], [36.7807906234705, -1.3174922781454046], [36.78084162451937, -1.3174772794811138], [36.78086010289658, -1.317463237741261], [36.780891625540086, -1.317439282891024], [36.781001627789934, -1.3173692891665745], [36.781097629730695, -1.3172383009471251], [36.781233632519445, -1.3171733067633011], [36.78132663443988, -1.3171703070030347], [36.7814046360508, -1.3171683071576337], [36.781545638978514, -1.3172133030534279], [36.78171664253253, -1.3172782971359673], [36.78182264473268, -1.3173092943056848], [36.781913646614385, -1.3173142938248439], [36.78202364889356, -1.3173342919849975], [36.782119390871514, -1.3173342919533833], [36.78211965087691, -1.317334291953298], [36.78213266814814, -1.3173412643202866], [36.78213266814815, -1.317341301316954], [36.782303968716576, -1.3174317381049652], [36.78231892102801, -1.317439213425911], [36.782450507746525, -1.317439213382457], [36.78246396502402, -1.3174377185127826], [36.782597046759356, -1.3173943593789443], [36.782641905682794, -1.317383893307877], [36.78275853908363, -1.3173569816962893], [36.78279741688384, -1.317348010492428], [36.7828901257822, -1.3172956811808108], [36.7828945898736, -1.31729310541158], [36.78289325684615, -1.3172934273830117], [36.78290371006026, -1.3172878448829632], [36.78293241764843, -1.3172725112563095], [36.78294966800183, -1.3172632980813908], [36.78306067025992, -1.317155307783166], [36.783079992653164, -1.3171370264253666], [36.78324667404547, -1.3169793235917224], [36.783339675929184, -1.3168633340207556], [36.78344367803513, -1.3167323457987072], [36.783553680268426, -1.316611356672913], [36.78366868263361, -1.3165783596105924], [36.78405248650761, -1.3164087667774906], [36.78414669444933, -1.3163948110049066], [36.7842376903324, -1.3164042891201422], [36.784362808919695, -1.3164118713951003], [36.78438176631131, -1.3164118713888444], [36.78441588900647, -1.316381543112511], [36.78445380377799, -1.316345527347875], [36.78446517900998, -1.3163360501987686], [36.78468677555865, -1.316245919253492], [36.78468887560176, -1.3162450643299124], [36.784789349663356, -1.316201467228211], [36.78488792868318, -1.3161502878109785], [36.78492075435668, -1.316135846102434], [36.785036710740734, -1.3161004022605218], [36.78505796817384, -1.3160818459268588], [36.7850642323027, -1.3160801530773985], [36.78521209934269, -1.3160346611310472], [36.78540736037114, -1.3160176006051207], [36.78546711860915, -1.3160283256181524], [36.7855547974256, -1.3160440611702784], [36.785629161966256, -1.3160574069421938], [36.78572774001508, -1.3160953174909862], [36.785811152764154, -1.3161749292842158], [36.78586450287649, -1.316206047460422], [36.78587939918705, -1.316214735672025], [36.78594764559815, -1.31621852630763], [36.78599883065063, -1.316203362658252], [36.78606707705133, -1.316174929199775], [36.78607767026709, -1.3161655140453439], [36.786087939479096, -1.3161651560742071], [36.78608649844847, -1.316162354327375], [36.786310208038394, -1.3160651000237502], [36.78637245731616, -1.3160398142834797], [36.78657975557572, -1.315969077593931], [36.78661756535266, -1.315956175745013], [36.78675957127875, -1.3159328348029466], [36.78708443697548, -1.3158880977301195], [36.78714279517787, -1.315878371588039], [36.787143792199075, -1.315879964444023], [36.78733538013495, -1.3158122394881477], [36.78737039585577, -1.3158044591781914], [36.78748711324862, -1.3157480512265154], [36.78756297980524, -1.3157149851833536], [36.787728330192685, -1.3156274560220147], [36.78778863442829, -1.315596334808589], [36.78791155493524, -1.315496472773451], [36.78791118792722, -1.3154951908892418], [36.787913422972785, -1.3154933360557068], [36.78800261679137, -1.315419331699894], [36.788035687469474, -1.3154037710921742], [36.78816407709594, -1.3153240232414323], [36.78821660017087, -1.3152929020304855], [36.78821831020692, -1.3152952528180366], [36.78821854521103, -1.3152929020298436], [36.78831970126404, -1.31518008717003], [36.788352770935894, -1.315145075316471], [36.78841399816708, -1.3150413946459798], [36.788473379361164, -1.3149408416941222], [36.7885297924943, -1.314841642621083], [36.78865552101609, -1.31460897656105], [36.78865853007831, -1.3146092085391585], [36.788683321574375, -1.314559631001776], [36.78868484560482, -1.3145565832761257], [36.788792297789335, -1.314447710058645], [36.78881755530997, -1.314444297358055], [36.788845307882056, -1.314440546687182], [36.78888685673896, -1.31443624906104], [36.788931270657436, -1.3144391147879477], [36.788982847723396, -1.3144405466418578], [36.78905305018522, -1.3144763603891396], [36.789104628258634, -1.3145007141759348], [36.789123252646206, -1.314509309394697], [36.78917196466733, -1.314555150244773], [36.789196321178, -1.31457807116981], [36.789251297338545, -1.3146548002323533], [36.7892538363911, -1.3146549962138596], [36.78929736831869, -1.3147420493492166], [36.78931310965471, -1.3147754973277592], [36.789397723411604, -1.3148030428158284], [36.78944094130998, -1.3148201652575027], [36.789502013579465, -1.3148443600554791], [36.78959449749896, -1.3148719055410392], [36.78964937363686, -1.3148852883160622], [36.789675175172, -1.3148915807401025], [36.789726337232715, -1.314903386658683], [36.7898006887686, -1.3149033866341726], [36.789800465764145, -1.314903638611544], [36.789925811361584, -1.3149285063276095], [36.790011813159325, -1.314993500438223], [36.79004001676061, -1.3150508422578624], [36.79004181379888, -1.3150544949279126], [36.79010181504324, -1.3150694935555687], [36.79018569878044, -1.315082807327237], [36.79022781765273, -1.3150894917105793], [36.790267818490356, -1.3151244885413818], [36.790293819057055, -1.3152154803273417], [36.790282818850905, -1.3152804744698277], [36.79024563109392, -1.3153149533728326], [36.79022781773133, -1.3153314698892988], [36.79021760252966, -1.3153604102828504], [36.79019781713911, -1.3154164622345978], [36.7901978171586, -1.315476456824424], [36.79022281769653, -1.3155424508648506], [36.79022281772416, -1.315627443200332], [36.79019781722749, -1.3156884377081297], [36.790126815788454, -1.3157734300670254], [36.790121189679326, -1.315795371090296], [36.79008681501279, -1.3159294160135517], [36.79012181576383, -1.3160154082472888], [36.79015281642202, -1.3160704032775714], [36.7901499393744, -1.3161066450103291], [36.790142816256456, -1.3161963919193145], [36.79009640035744, -1.3163805153304213], [36.790081815075, -1.316438370117991], [36.79005181449784, -1.3165693583154192], [36.79010681566488, -1.3166643497309114], [36.790333820414844, -1.3168503328840422], [36.790474823349065, -1.3169163268860962], [36.79055482500177, -1.3169163268596824], [36.790615826248896, -1.3168763304463975], [36.79073161963119, -1.3168464201054935], [36.79073582871779, -1.3168453332021202], [36.79083183069449, -1.3168253349738972], [36.79096783350398, -1.316825334928996], [36.7911188366152, -1.316800337133418], [36.791153327320494, -1.3167781671213565], [36.79118883804665, -1.3167553411680568], [36.791191838108915, -1.3167563410768883], [36.79126046153161, -1.316772024639939], [36.791261839560214, -1.3167723396111057], [36.79132084079204, -1.316812335984678], [36.791349035400664, -1.3168930666950702], [36.79136484174198, -1.3169383246084934], [36.79149084438037, -1.3170473147380708], [36.791509657775535, -1.3170672059381079], [36.79161284694258, -1.3171763030655623], [36.79168459443543, -1.3172093030658842], [36.79171284902327, -1.3172222988845914], [36.791782850470085, -1.3172242986812042], [36.79186185211309, -1.3172582955892183], [36.79194085377756, -1.3173582865458808], [36.79195733013658, -1.317415555375833], [36.79198285469271, -1.317504273366708], [36.79199372693537, -1.3175597143633664], [36.792002855139025, -1.3176062641625677], [36.791997855072545, -1.3177192539746225], [36.79200985536212, -1.317847242428543], [36.792081856875214, -1.3179262352810477], [36.792114972566964, -1.3179498541401273], [36.792224859862415, -1.3180282260361376], [36.7923378622163, -1.318088220588393], [36.79241886388962, -1.3180882205616236], [36.792489865360565, -1.3181012193660053], [36.79255586672817, -1.3181142181718613], [36.792640868488974, -1.3181292167911671], [36.79275187077615, -1.318111218377623], [36.79281487207658, -1.3181082186273398], [36.792884873533055, -1.3181402157186402], [36.79290731300696, -1.3181720448407932], [36.79297087534926, -1.3182622046890238], [36.79307487751564, -1.3183171996951237], [36.79310720218371, -1.3183181865954305], [36.79320588022309, -1.3183211992911033], [36.79334488310128, -1.3183421973515608], [36.793514886626454, -1.318383193598261], [36.79364288928942, -1.3184411883258724], [36.79375389159807, -1.3184891839608073], [36.7937738920164, -1.3185051825114051], [36.793810892790205, -1.318534179884132], [36.793831805235186, -1.3185741822697439], [36.7938568937691, -1.318622171933615], [36.79398889652487, -1.3187111638644742], [36.79416590020303, -1.3187781577643185], [36.794262902222464, -1.3188261534038568], [36.79429490291769, -1.3189311439249618], [36.79434890406156, -1.3190181360619402], [36.79436662343451, -1.3190395371260724], [36.794449906187616, -1.3191401250273136], [36.79455290835278, -1.3192551146230955], [36.79459590925245, -1.3192901114527253], [36.794635910087564, -1.3193171090048803], [36.79464391028186, -1.3194061009766807], [36.79467991105351, -1.3194920932096639], [36.79472891207546, -1.3195220904882923], [36.794781913170006, -1.3195210905609376], [36.79483591427532, -1.319490093338412], [36.79489991560689, -1.3195190907022574], [36.79493091625149, -1.3195320895196485], [36.79495514974826, -1.319520533553802], [36.79499591758407, -1.3195010922935735], [36.79510191973076, -1.3193691041615838], [36.79518992152153, -1.3192861116169494], [36.79522892231936, -1.3192621137682992], [36.7952994997737, -1.3192512567240597], [36.79531992419457, -1.3192481150005502], [36.7953849255418, -1.3192621137166936], [36.79548792767274, -1.3192721127809006], [36.7955567400904, -1.319260537801932], [36.79559492987715, -1.319254114368583], [36.795657931156434, -1.319186120479689], [36.79573793278971, -1.319127125773454], [36.795781933696674, -1.3191211262999853], [36.795813934357675, -1.3191211262894007], [36.79586993551806, -1.3191321252789763], [36.79589605706618, -1.3191582439148197], [36.79589927513155, -1.319155140193757], [36.795916936513684, -1.3192081184101228], [36.79594593710818, -1.3191941196629742], [36.796214942634855, -1.3191021278701098], [36.796507948685665, -1.3190971282240993], [36.7965349492435, -1.319097128215168], [36.79667095205573, -1.3191061273585531], [36.796866141091485, -1.3191180892152392], [36.79698095846546, -1.3191251255426586], [36.79743196779455, -1.31916512178649], [36.7977749748928, -1.3192051180660356], [36.79778497509963, -1.319206117972546], [36.79819440657068, -1.3192484680177639], [36.79827798529989, -1.3192571132104622], [36.798573991414116, -1.3192571131125372], [36.798682993665686, -1.3192571130764772], [36.79903805699018, -1.319227687612755], [36.79923800511487, -1.3192111170409617], [36.79928200601721, -1.3191911188299525], [36.79943800921637, -1.3191201251808093], [36.79953301116471, -1.3190771290269332], [36.79968901436189, -1.319000135918884], [36.79971001479051, -1.3189841373547575], [36.799851936687574, -1.3188785178329463], [36.79992901926096, -1.3188211519809687], [36.80004902171042, -1.3187311600571017], [36.800215025080945, -1.318552176143566], [36.80036950121684, -1.3183837602808441], [36.80038102845082, -1.318371192410474], [36.80075203601385, -1.31806322006185], [36.800825285504516, -1.3179948612024124], [36.8011870448668, -1.31765725652921], [36.80144969217896, -1.3173106547000921], [36.801527754757885, -1.3172076379646724], [36.80149445206541, -1.3171934682535233], [36.80142405260175, -1.3171643059067142], [36.80139605001957, -1.3171524269872357], [36.80139609502046, -1.3171522840001038], [36.80139604901951, -1.3171523019984974], [36.801385656802594, -1.3171455416116646], [36.80138336975495, -1.3171440537465662], [36.8013130472875, -1.3170983068954167], [36.801216045268674, -1.3170513111656896], [36.801129043465686, -1.317033312817503], [36.80102304127069, -1.3170163143854976], [36.80087603823366, -1.3170143146144113], [36.80074303548452, -1.3170083151994232], [36.80063403321518, -1.3169533201950037], [36.8005975494534, -1.3169283804561644], [36.80053603116911, -1.3168863262690234], [36.80044502928587, -1.3168753272909735], [36.80044291324129, -1.3168726495332044], [36.8003810279375, -1.316794334616283], [36.800251025215886, -1.316682344758792], [36.80009540798186, -1.316621782271809], [36.80008402174517, -1.3166173506752081], [36.79999401987997, -1.31659835241826], [36.799948018926564, -1.3165883533351612], [36.79988742266449, -1.3165563992368816], [36.79980201588576, -1.3165113603267922], [36.79967601326714, -1.316462364786859], [36.79958601139804, -1.3164313676119734], [36.79955501075414, -1.3164203686140987], [36.799444008443814, -1.3163663735201037], [36.7993947104138, -1.3163305237694318], [36.79927900499658, -1.3162463843954417], [36.79912300173843, -1.3161363943660809], [36.79902938179103, -1.3160945691688528], [36.799028999783054, -1.316094398184384], [36.79893599785784, -1.3160813993873235], [36.798871996533514, -1.316074400039703], [36.798774852523245, -1.3160629271063522], [36.798744993905366, -1.3160594014342215], [36.79870063498561, -1.3160487564087655], [36.79861999131355, -1.3160294041806821], [36.79848098844075, -1.3160244046773633], [36.798352985804854, -1.316049402465297], [36.79816398192358, -1.3161193962155577], [36.798060979814835, -1.3161773910195012], [36.798029846178814, -1.3161991600665481], [36.79798075317594, -1.316233486987098], [36.797941271369396, -1.3162610935105965], [36.79791797689355, -1.3162773820493763], [36.797829975071245, -1.3162633833408464], [36.79778603015885, -1.3162490356492156], [36.797731973036484, -1.3162313862586679], [36.797690181168846, -1.3162179214867755], [36.797641971167984, -1.3162023889033978], [36.7976039703791, -1.3161903899980918], [36.79755096928404, -1.3161893901057635], [36.797451967226344, -1.3161503936551642], [36.79736773346383, -1.3160810839333545], [36.79735596521759, -1.3160714008104732], [36.79727896360951, -1.3160174057052925], [36.79727055443428, -1.3160126131402257], [36.79717896152532, -1.3159604108780574], [36.7971174412474, -1.3159382658954515], [36.79705821301059, -1.3158971276249503], [36.79708922264493, -1.3158781103297421], [36.797125701391174, -1.3158557393350694], [36.79715050589861, -1.3158405266988489], [36.797197961869415, -1.315811424307663], [36.79720696205494, -1.3158104243948725], [36.79721496221894, -1.3158064247529486], [36.797274963440124, -1.3157504297827296], [36.797278511512374, -1.3157471550769593], [36.79728796370477, -1.315738430860588], [36.79735296502173, -1.315659437962745], [36.797353963041814, -1.3156578691039449], [36.7973599651627, -1.3156484389524037], [36.79738696569898, -1.3155824448948588], [36.797408966135926, -1.3155284497569038], [36.79741596627074, -1.315498452459782], [36.79743096654613, -1.315392462013163], [36.79743096653561, -1.315360060935101], [36.79743096653509, -1.3153584650790624], [36.79742096629609, -1.3152584740996074], [36.797434594528866, -1.3151085756129992], [36.7974347015307, -1.3151074047185478], [36.79743596655233, -1.3150934889730643], [36.79753792757439, -1.314834731274339], [36.797550113816094, -1.3148038050592772], [36.79764491569612, -1.314563213724622], [36.797645970717035, -1.3145605369657098], [36.7976466497299, -1.3145570552794439], [36.79765397086892, -1.3145195406601133], [36.79764797072878, -1.314469545170734], [36.797636025458054, -1.314395711832996], [36.797625970230236, -1.3143335574413224], [36.79761597000708, -1.314282562043433], [36.79760396968614, -1.3140575823360963], [36.79760538070036, -1.3140114974914758], [36.79760696971628, -1.3139595911719157], [36.7975979695155, -1.3139135953227927], [36.79756496881559, -1.3138576003832652], [36.7975495934932, -1.3138426207391958], [36.79752596799772, -1.3138196038226004], [36.79739093416565, -1.3136876537663111], [36.79737834990174, -1.3136753568794344], [36.79730596338353, -1.3136046232820162], [36.7972447591042, -1.3135581484932262], [36.797195333071066, -1.3135206158941812], [36.79709395895204, -1.3134436378694325], [36.796867954245094, -1.3133246486741599], [36.796938955706864, -1.3133096500034356], [36.79700795712927, -1.313300650792218], [36.79708295867072, -1.3132766529315945], [36.797153472124585, -1.3132685176420438], [36.79716096027897, -1.3132676537175036], [36.79720516119075, -1.3132637540545586], [36.79729715508826, -1.3132554497731592], [36.79730596326997, -1.313254654841879], [36.79735496428211, -1.3132546548257429], [36.79738596492374, -1.3132586544549139], [36.79741696556708, -1.3132676536331982], [36.797450966269366, -1.3132676536220012], [36.797491967111036, -1.3132516550511586], [36.79756296857441, -1.3132416559295503], [36.79756350358552, -1.3132417219234287], [36.79763333303071, -1.3132502711294658], [36.797660970602664, -1.3132536548151492], [36.79770497151447, -1.313262653989152], [36.797752972509926, -1.313274652891305], [36.79775497255123, -1.3132746528906465], [36.79778897325351, -1.3132746528794492], [36.79784697444413, -1.3132516549342512], [36.79794797650082, -1.3131606631065997], [36.798082586242636, -1.3130413628206858], [36.79812398008573, -1.3130046771153328], [36.79812644913629, -1.3130030062652362], [36.79822298210908, -1.3129376831242603], [36.79828198331506, -1.3128986866214827], [36.798285877395244, -1.3128977567040712], [36.798285983397335, -1.3128976867103423], [36.79835298477615, -1.3128816881310312], [36.798371365155226, -1.3128798502907406], [36.79839298560112, -1.3128776884785718], [36.798410677966615, -1.3128776884727469], [36.798442986630015, -1.312865689544149], [36.798586989541604, -1.312671706989884], [36.79860123082758, -1.3126463672704358], [36.798713992091685, -1.3124457273267798], [36.79878899359745, -1.3123117393850194], [36.7987969937581, -1.3122977406447753], [36.79882099424286, -1.3122637437027167], [36.79882799438092, -1.3122437455037754], [36.79883599453811, -1.3122187477554772], [36.79886099502763, -1.3121357552314021], [36.798875995328395, -1.3121077577512414], [36.79888978660276, -1.3120753806664192], [36.79885635390571, -1.31205546547339], [36.7988681151419, -1.3120346593458478], [36.798869995181086, -1.3120357642455047], [36.79932700470912, -1.3123077395686762], [36.79963407413407, -1.3125617205637417], [36.79987101609185, -1.3127576988125655], [36.79987839924654, -1.3127644602003334], [36.79996532906792, -1.3128440689926324], [36.80021721034542, -1.3130747351082557], [36.800407114324365, -1.313248644362578], [36.800792553400264, -1.3136016204041279], [36.80082118400062, -1.3136291469124], [36.80083103620712, -1.3136386190549365], [36.800870849041765, -1.3136764856270182], [36.80095403878579, -1.313755608464244], [36.800985837453034, -1.3137878615451688], [36.80098572545072, -1.3137878895426833], [36.801060041010324, -1.3138635986906553], [36.80123204361947, -1.31403758394386], [36.8013909739549, -1.3141996362774504], [36.80148504992916, -1.3142955595960102], [36.80171705479755, -1.3145305383288597], [36.80174105529938, -1.3145495366076307], [36.801930059252314, -1.314700522929128], [36.80221606523351, -1.3149275023654914], [36.80224406381573, -1.3149395062737408], [36.80240449615177, -1.3150084260055461], [36.80250707128472, -1.3150524909978576], [36.80265207429988, -1.3151144853592402], [36.8028972103832, -1.3151762527080388], [36.80290207948413, -1.3151774795958022], [36.802988081266, -1.3151944780344644], [36.80306508285902, -1.3152024772877149], [36.80315108463709, -1.3152074768084474], [36.80316074283678, -1.3152083697247212], [36.80332408821553, -1.3152234753086787], [36.80335108877323, -1.315223475299773], [36.80340206082864, -1.315231600550167], [36.80342009020195, -1.3152344742850308], [36.80375509710707, -1.3151904781421897], [36.80377946160844, -1.3151848426424415], [36.80388909986506, -1.3151604808032187], [36.80391312235897, -1.3151534354307006], [36.80400585526552, -1.3151262368529102], [36.80404010296971, -1.3151164847210752], [36.80421010646213, -1.3150584898951019], [36.80438010994781, -1.3149794969628263], [36.80456611375379, -1.3148695068205956], [36.804692116327075, -1.3147795148947268], [36.8049371213157, -1.314558534742414], [36.804981634218244, -1.314506848388908], [36.80499912257288, -1.3144865412144926], [36.80501337786208, -1.3144703726678995], [36.805066123932086, -1.3144105480456405], [36.80513612534611, -1.3143125568595802], [36.805156125750074, -1.3142845593778476], [36.80519112646093, -1.3142475627027015], [36.805273128118934, -1.3141375725948385], [36.8053141289411, -1.3140615794345492], [36.80535812982295, -1.3139785869044383], [36.80543713140949, -1.3138395994125884], [36.80551113288275, -1.3136696147176792], [36.805529541244496, -1.313612721842306], [36.80556613396358, -1.3134996300290165], [36.805602134663616, -1.313365642100405], [36.80565213562468, -1.3131446620122398], [36.80569408343696, -1.3129778880382812], [36.80569413643791, -1.3129776770573616], [36.805751137547745, -1.3127696957946045], [36.80577813807072, -1.3126627054341589], [36.80582091090183, -1.312501408965927], [36.80584813943094, -1.3123987292167463], [36.80586206270065, -1.3123436571785785], [36.8059171407688, -1.3121297534504286], [36.805958141545304, -1.3119127730044462], [36.80598584605239, -1.3117119391066225], [36.80599814227751, -1.3116227991412523], [36.80601486758417, -1.3115029469440926], [36.80602214271752, -1.3114508146429549], [36.806033142911026, -1.311346824017246], [36.80605514330609, -1.3111638405114467], [36.80608514381559, -1.310823871160032], [36.80611514435878, -1.310587892430693], [36.80613614471713, -1.3103549134337453], [36.80615314499636, -1.310132933446215], [36.806185145597716, -1.3099489500271686], [36.80620714601938, -1.3098479591273056], [36.806221146291804, -1.309795963811563], [36.80625414694578, -1.3097109714652442], [36.806337148592156, -1.3095009903739139], [36.80649915184334, -1.3092080167407645], [36.80662215432887, -1.3090380320293615], [36.80671015611279, -1.3089340413782242], [36.80681615826622, -1.3088230513523227], [36.80700216205195, -1.3086500668908398], [36.80725116714016, -1.3084810820478814], [36.80741817055991, -1.3083900901986014], [36.80755017326846, -1.3083350951146342], [36.80772017676016, -1.3082751004690811], [36.80791018067349, -1.3082411034725563], [36.80828318836568, -1.3082051065962483], [36.80860119492291, -1.3081721094675516], [36.808949202099626, -1.3081391123290145], [36.8094162117251, -1.3080781176761185], [36.80976921899344, -1.308009123782139], [36.80987022107038, -1.3079811262737744], [36.8099974476865, -1.3079457424228198], [36.81017222728057, -1.307897133749013], [36.81035023093452, -1.307828139912375], [36.810705238206594, -1.307643156477566], [36.81106724562454, -1.3074621726796747], [36.811497254423884, -1.3072101952616852], [36.81166225780162, -1.3071172035934804], [36.81189228951191, -1.3069922337876312], [36.8119622639448, -1.3069542181928486], [36.81265027804591, -1.306620248084347], [36.81299228504716, -1.3064282652849124], [36.813506295572786, -1.3061502901839481], [36.81384030241122, -1.3059663066658296], [36.81392330411053, -1.3059203107863975], [36.81407042412273, -1.3058394040343009], [36.81418330943399, -1.3057773235956514], [36.814423314351124, -1.3056553345178448], [36.81497632567207, -1.305346362199265], [36.815294332190724, -1.3051953757108652], [36.81550833658889, -1.3051293815919853], [36.815745341472486, -1.3050953845802027], [36.816005346836405, -1.3050783860279827], [36.816175350344665, -1.3050703866937328], [36.816512357315894, -1.3051063833372156], [36.81684936430709, -1.305204374390182], [36.81708136912882, -1.305299365747952], [36.81748637756077, -1.305510346589311], [36.81810839051308, -1.305842316448665], [36.81829539440028, -1.3059213092639086], [36.81855739983447, -1.305994302595542], [36.819044409904755, -1.306035298738944], [36.81943141788351, -1.3059943023091565], [36.81975942462694, -1.3059013105876913], [36.82030943592681, -1.3057213266383578], [36.82064644284897, -1.3056063368977926], [36.82083523472547, -1.305537942003728], [36.82085344709943, -1.3055313435927933], [36.82107945174028, -1.3054503508227302], [36.821233454900174, -1.3053873564530523], [36.821615462746685, -1.3052573680502666], [36.82196846998656, -1.3051033818211706], [36.822229475326935, -1.3049503955319421], [36.82244247968119, -1.3048134078157656], [36.822593482762905, -1.3047004179557102], [36.82289648892316, -1.3044004449080622], [36.823200495080535, -1.3040274784424954], [36.82331149731493, -1.3038484945468705], [36.82352050148607, -1.3033995349654228], [36.823690504803636, -1.3028005889220915], [36.82375350595782, -1.3023446300192794], [36.823739505563374, -1.3020176595095658], [36.82371050484876, -1.3016576919802176], [36.82359450231409, -1.3012247310615648], [36.82341549849396, -1.3008397658352615], [36.82338949793895, -1.3007837708932113], [36.82300048969047, -1.300112831523594], [36.822923302057205, -1.2999902776002743], [36.82281848583935, -1.2998238576416528], [36.82281348573348, -1.2998158583645905], [36.82291474283097, -1.2998362204953722], [36.822992489441454, -1.2998518550601907], [36.8234134981498, -1.2998978507751056], [36.823616502342695, -1.2999008504383665], [36.82387650771038, -1.2998968507142583], [36.82411851270307, -1.299882851897592], [36.824119699728506, -1.2998857336374], [36.82414277420494, -1.2998857336298733], [36.82414322721512, -1.2998881634106385], [36.82422967608008, -1.3001365139868628], [36.82442846833628, -1.3006073454636427], [36.82444936778379, -1.300656843993177], [36.82470228118652, -1.301217512350822], [36.82506841799431, -1.3019863349001468], [36.82538798280602, -1.302647745150498], [36.825822956073466, -1.3035348320111648], [36.825983947503566, -1.3038631583500206], [36.82602655841252, -1.3039534571929254], [36.82621366640395, -1.30434996637439], [36.826249334172566, -1.3044495053862086], [36.82634283218725, -1.3047104258256235], [36.82644100728583, -1.304931581849437], [36.82646727682361, -1.3049170381523498], [36.82647956308576, -1.30494339477151], [36.82645618560793, -1.3049584754191825], [36.826819524318104, -1.3056022642424678], [36.82686611930627, -1.305682832961394], [36.82702259566196, -1.306069033081902], [36.82716757777618, -1.3064422593761358], [36.827195336369144, -1.306503566838204], [36.82730372368451, -1.3067429442149687], [36.827325364147896, -1.3067941005945245], [36.82733827042252, -1.306819242322986], [36.82800620063486, -1.3081203847628255], [36.82879961251764, -1.309665968115071], [36.82883359124229, -1.3097372596744354], [36.82892161511954, -1.309921944989677], [36.82900661693266, -1.310100928820131], [36.829261622371405, -1.3106358804914162], [36.82936162450401, -1.3108448616114858], [36.82966763101846, -1.3114498069531753], [36.82970863189263, -1.3115347992745574], [36.82972963233926, -1.3115747956605424], [36.82972976734206, -1.311575065636172], [36.82974803273105, -1.3116115923358647], [36.82974963276517, -1.3116147920467658], [36.8300146384384, -1.3122357359587427], [36.83021351168251, -1.31266030960226], [36.830369544012314, -1.3129934225082363], [36.83038464633462, -1.3130256645954306], [36.83076365439182, -1.3137386001724578], [36.83106866084675, -1.3142225564246939], [36.83119266346175, -1.314390541233531], [36.831476669450886, -1.3147755064202609], [36.83173967498102, -1.3150824786478323], [36.83220468473199, -1.3155424370109854], [36.83243768961766, -1.3157724161923021], [36.8331307040947, -1.3162893693392876], [36.83316870488846, -1.3163173668016381], [36.83424572736021, -1.3170373015141892], [36.83489935499019, -1.3174506670161634], [36.83523074790061, -1.3176602450042973], [36.835379751007636, -1.3177542364777943], [36.83626876953348, -1.3182781889271509], [36.83688578239063, -1.3186401560761618], [36.83709300670669, -1.3187559045679373], [36.83720668607452, -1.3188194028031275], [36.83807696520487, -1.319317872556309], [36.83802380614401, -1.3194300844531581], [36.83921483096767, -1.3201470193951335], [36.8399665236394, -1.3206141960090991], [36.84129187427081, -1.3214379022750118], [36.842221893638516, -1.3219498557901392], [36.84279390556427, -1.3223068234029294], [36.845250814748816, -1.3237212500087951], [36.846060973626535, -1.3241876526706007], [36.846923445597504, -1.3246950346182782], [36.84954704626386, -1.3262384665268994], [36.85317912194369, -1.328382271939831], [36.85516716338193, -1.3296021612370188], [36.85524498000235, -1.3296450043464536], [36.857014201842325, -1.3306190688893507], [36.857984221988495, -1.330995034650652], [36.859056244189496, -1.33121801417795], [36.85957875998072, -1.3312365773287371], [36.86080128022851, -1.3312800080021367], [36.86393234473272, -1.3309130400586078], [36.86558237871436, -1.3306880598020865], [36.870387477664906, -1.3300201184502087], [36.870466743297726, -1.3300108862564959], [36.87498057227835, -1.3294851651734252], [36.87501971908428, -1.3294791717010546], [36.877664627532596, -1.3290742013499717], [36.87899565493783, -1.3288862178635914], [36.8802086799076, -1.3286982344165186], [36.88051724726786, -1.3286765462700594], [36.88153170717812, -1.3286052423636758], [36.88264273013992, -1.3287142321606538], [36.883621750398405, -1.3288862163187882], [36.88412776088846, -1.3290342027995639], [36.884323025943715, -1.3291133855911783], [36.88517078254979, -1.3294571642949558], [36.88607880145623, -1.3299741173557371], [36.88682181696546, -1.3305140683965835], [36.88783983824685, -1.331350992553788], [36.88815672488347, -1.331648508607494], [36.888157059890425, -1.3316488225790828], [36.888162847011664, -1.331654256086969], [36.888162226999036, -1.331654929026435], [36.888161891992304, -1.3316552929937417], [36.88835301599505, -1.3318347337415855], [36.89084206808813, -1.3340645317444093], [36.89161708431426, -1.3347764672555844], [36.89177492162105, -1.334928513485333], [36.89178071274241, -1.3349340919801274], [36.8917810877503, -1.3349344529473774], [36.89178357380237, -1.3349367127427672], [36.89320875263599, -1.3362325473561116], [36.89321511776914, -1.3362383348318683], [36.89322210791555, -1.3362448252439656], [36.894651884854504, -1.3375723979902883], [36.894657773977784, -1.3375778664949467], [36.89465814798564, -1.3375782134635463], [36.89466061703744, -1.3375806962386583], [36.895928594620585, -1.3388554638014978], [36.895928873626254, -1.3388551258318675], [36.89592890062681, -1.338855092834833], [36.895938575829646, -1.3388648199539872], [36.89596079629547, -1.3388871599309453], [36.89596082829615, -1.33888719192805], [36.89596079629569, -1.3388878378697477], [36.89630418249481, -1.339233063607369], [36.89973385136237, -1.3425737350444433], [36.901265809464114, -1.344065939891914], [36.902076628454616, -1.3448557183587837], [36.902341309000875, -1.3451135310074904], [36.90346967577004, -1.3465862817423704], [36.90476291201254, -1.3482742210025465], [36.90550149557125, -1.3492382237696319], [36.906415394823256, -1.3504310498290681], [36.90654607857224, -1.3505897884613725], [36.90655039766309, -1.3505950349864904], [36.90661725208284, -1.3507162920225007], [36.90667794737174, -1.3508263790685358], [36.90667940040262, -1.3508290138302528], [36.90684140380518, -1.351009997444607], [36.90731741379345, -1.3515139518097592], [36.907715422148655, -1.3519459126973412], [36.908233433025174, -1.3525148611828703], [36.908451437596625, -1.3527368410786744], [36.908680235398755, -1.352982428840422], [36.90903644987513, -1.3533647842176149], [36.9093124556788, -1.353692754529405], [36.9097318174955, -1.3541874077514358], [36.9097354645722, -1.3541917093621263], [36.90974918186257, -1.3542141113359936], [36.90976271214914, -1.3542362093373284], [36.90976546520741, -1.3542407049307459], [36.909784363603315, -1.354258619307772], [36.90984246682028, -1.3543136983179347], [36.91002047054664, -1.3544756836404703], [36.91038447820216, -1.354912644087004], [36.91056448195356, -1.3550266337397106], [36.910586482412036, -1.3550406324689375], [36.91071548510403, -1.3551326241239756], [36.91075220287278, -1.355166320070902], [36.910784958558516, -1.3551963803472125], [36.910788486632406, -1.3551996180538528], [36.91079981587439, -1.3552241298381251], [36.910847672896324, -1.355327671478639], [36.91090446110901, -1.3554505343725283], [36.91090448910961, -1.3554505953671085], [36.911400499559335, -1.3560995366396054], [36.9114201249711, -1.3561201157758385], [36.911913510322464, -1.3566374879213698], [36.9124395213928, -1.3572914287316094], [36.91252552319363, -1.3573714214839012], [36.91280052893037, -1.3575614042462982], [36.91298125370148, -1.3576899585840279], [36.91324753825801, -1.3578793754004295], [36.913547544502194, -1.3580453603196567], [36.9153560693455, -1.359644197423123], [36.916354887245475, -1.36052720939767], [36.91635515625091, -1.3605267694372436], [36.9163557662632, -1.360525770527184], [36.916382215816704, -1.3605491534081016], [36.91638243682126, -1.3605493483903581], [36.91629517804171, -1.3606096659771014], [36.91602704657352, -1.3607950123430312], [36.91599236186615, -1.3608190211882563], [36.91599057882982, -1.3608202560774418], [36.91598349268534, -1.3608251616371452], [36.91587142640008, -1.360903316622764], [36.915157411852555, -1.3614382685923139], [36.91480140459926, -1.3617052446218643], [36.914800983590595, -1.361705449603527], [36.91434667929191, -1.3619196134326825], [36.91427220377151, -1.3619666452139507], [36.91399355108309, -1.3621426174293711], [36.913888385936275, -1.3622091994569252], [36.91370338217984, -1.3623861835489415], [36.913100783898905, -1.3628278398995888], [36.91294944883313, -1.3629936409891925], [36.91281628011968, -1.3630925691073816], [36.91232969420458, -1.3634540446538677], [36.9118497044239, -1.3638106206402758], [36.911491337121554, -1.3640770317216575], [36.91141976967516, -1.3641654287689882], [36.911406002396944, -1.364182472235656], [36.911293408100505, -1.364259839292499], [36.91127851379675, -1.364270073374108], [36.91092732363413, -1.3645119946629711], [36.91092694362614, -1.364511649694292], [36.91089553196864, -1.3644835512407325], [36.9108664063591, -1.364457498601759], [36.91085249106705, -1.3644429229219175], [36.91084932400082, -1.3644399991868736], [36.90903828725223, -1.3662438370251622], [36.90901728683767, -1.366298832069377], [36.90903128714027, -1.3663398283649422], [36.90909228842682, -1.3664228208544877], [36.91009430947798, -1.3675477189948164], [36.910976328029406, -1.3686006236720938], [36.91134633579693, -1.3689985876302335], [36.91149033881866, -1.3691495739548323], [36.91155234010711, -1.3691775714067476], [36.913524072781605, -1.3721276944869893], [36.91444940133978, -1.373512179219199], [36.914096394056806, -1.3735081797021287], [36.9147680903195, -1.3747045764953292], [36.91779827666529, -1.3801018193302537], [36.918828208536965, -1.3819362904013033], [36.92112818038151, -1.386032903848611], [36.921290040928625, -1.386639811012857], [36.9216940557826, -1.3881546971373147], [36.922501860487316, -1.3911836224570486], [36.92272621940499, -1.3920248754439408], [36.92332548345473, -1.3940221999458509], [36.92358623014031, -1.3949121445227766], [36.924271081398246, -1.3952962726085372], [36.92490051942756, -1.3954325160893128], [36.92540406977897, -1.3953334618538316], [36.9261403218735, -1.395071940202183], [36.92677357379977, -1.3946837100243061], [36.92725805072638, -1.394494302951452], [36.92782733444459, -1.3944283997006546], [36.92795615509627, -1.3944134870015044], [36.92886788604082, -1.394821144883516], [36.92917306843184, -1.3951017384478441], [36.92960032344065, -1.395671745844432], [36.93015346608962, -1.3963683417694543], [36.93037329374136, -1.3967095108952132], [36.9306722760681, -1.39717352790366], [36.93112241961808, -1.3979424773324867], [36.93152678611739, -1.3984038945379345], [36.931900634981105, -1.3988471933894575], [36.93245759157099, -1.3991461432068244], [36.93333880478838, -1.399273447404683], [36.934494682582155, -1.399147930328343], [36.93515845323327, -1.3990400558326275], [36.93564293021819, -1.3990222952652915], [36.93613122130681, -1.399077007154508], [36.93645166194953, -1.3991767760353202], [36.93699717530282, -1.399475606866972], [36.93731761698946, -1.399701964320188], [36.937676205553785, -1.4001904400976557], [36.93831708818152, -1.4013755108909496], [36.93896178565545, -1.4018914020917792], [36.939461521149546, -1.4024343519006326], [36.94005281246552, -1.4027874178187254], [36.94094165490797, -1.403113783041992], [36.941315502648656, -1.403204492721004], [36.94196401512557, -1.403503442503795], [36.94268119308434, -1.4039922751201885], [36.94310844808676, -1.4045441641461314], [36.943322075696685, -1.4051320509974496], [36.94333352022573, -1.405972878085008], [36.94335259476105, -1.4063798213399588], [36.94365777621491, -1.4068412385755982], [36.9441994745807, -1.4074021867416846], [36.94492428275378, -1.4080538446530744], [36.945568980259175, -1.4086602076817678], [36.9461144940166, -1.4101163370266925], [36.9464273064386, -1.4128923512885856], [36.946433480576516, -1.4129226835478959], [36.946743933512714, -1.4144477727454325], [36.946816414546745, -1.4159848379447453], [36.94692704335216, -1.4174768451969688], [36.94721315162061, -1.4185259113772708], [36.94736574335579, -1.4201986242960378], [36.94753359426619, -1.4214736911108163], [36.947838777053285, -1.4228753464454156], [36.948422437433024, -1.4238524170152596], [36.94861633750346, -1.4240573914382264], [36.949124357168095, -1.424594426765908], [36.949917830746415, -1.4252099679023325], [36.95098596805177, -1.4260065715908972], [36.95237454691611, -1.4266677653902786], [36.95349990531778, -1.427229309281503], [36.9544917479792, -1.4278269699587758], [36.95531955427754, -1.4284787478080265], [36.95583556918796, -1.4292443424915686], [36.95609395465113, -1.4296277017822412], [36.95670122757006, -1.4307510121308318], [36.95682257715165, -1.4309754788181073], [36.95782204847136, -1.4329836161240654], [36.95862315261833, -1.434756455745844], [36.959091946689085, -1.4358955547133778], [36.959237331812275, -1.4362488207599666], [36.9598324374297, -1.4372258913121423], [36.959981261562895, -1.437408120802274], [36.960770872186764, -1.4383749642063979], [36.96136216253528, -1.4388185019386426], [36.9617817882575, -1.4390178017888586], [36.96309407137962, -1.4392088770580629], [36.96296174688105, -1.4398509051271253], [36.961968714133064, -1.4446690043769437], [36.961579607448265, -1.4456088846386665], [36.96152085820961, -1.445532502558068], [36.96100705237732, -1.4448644820734249], [36.96120881446077, -1.444651838203643], [36.96044496462303, -1.4444011371220067], [36.95998476703489, -1.4441207356119383], [36.95956771234899, -1.4438762828396547], [36.9592441355775, -1.443595881279706], [36.95881958469496, -1.4432340091137557], [36.95851367123471, -1.442805709903372], [36.95846674924374, -1.4427400158531152], [36.958422309293695, -1.4426453734161022], [36.958302167680806, -1.4422657697404213], [36.958158356553874, -1.4418128126975378], [36.958115212504815, -1.4413670449687748], [36.95805049691615, -1.4406552562707737], [36.95792106606526, -1.44014478041629], [36.957784445048176, -1.439583977109106], [36.95777725370214, -1.4390303631055268], [36.9576981569277, -1.4386277344931857], [36.957511201924376, -1.438210726218369], [36.956986287920074, -1.437700251505965], [36.95659080568676, -1.437477367776222], [36.95644646668477, -1.4374043154252927], [36.95643441643421, -1.437398215980391], [36.956409667919495, -1.4373856911204066], [36.956008367573276, -1.437182586606492], [36.95566321944686, -1.437153827328436], [36.95525644707187, -1.4371866275137375], [36.955128818436826, -1.4371764254811419], [36.95425904956188, -1.4373384161677385], [36.95335876317033, -1.4378167602980743], [36.952500438579264, -1.4381143997312138], [36.95187837275785, -1.4381272687943287], [36.95166500236004, -1.4381316834729347], [36.95113193433463, -1.4380358303216298], [36.95104492253325, -1.4380151162237143], [36.95053582893563, -1.4377328458974026], [36.949738540305894, -1.4371987174184349], [36.94916250918024, -1.4365020025406199], [36.94848347895344, -1.435868461994953], [36.947415340661365, -1.4351170352343192], [36.94684693881536, -1.4347639693209906], [36.94637529399891, -1.434507507649514], [36.94616409460316, -1.434392666095682], [36.945553729856364, -1.4339400701846516], [36.94502729101382, -1.4339757101563864], [36.94478523800275, -1.4339197212993986], [36.94467781475184, -1.433819023430954], [36.94444905193336, -1.4335341732347813], [36.944447444899474, -1.4335321724159527], [36.94444468784206, -1.4335304625713778], [36.94438118150429, -1.4334510877616193], [36.944107938790715, -1.4332282039859778], [36.94394856250229, -1.433222709539504], [36.943776043906865, -1.433115693264995], [36.94341140335165, -1.4330140395755413], [36.94328775278964, -1.4329795687327294], [36.94281853509778, -1.4329339160242838], [36.9425095386874, -1.4328252069517295], [36.94245972665356, -1.4328065156574108], [36.94241814979023, -1.4327896271973923], [36.9423687487654, -1.4327723777727592], [36.94207465366169, -1.432662024843269], [36.94174046173637, -1.4325663486029379], [36.94134603156263, -1.432453426941572], [36.94060215017765, -1.4323261237046159], [36.93943482914401, -1.4324336414170993], [36.938999944185404, -1.4324603411630081], [36.93878598377814, -1.432474393971251], [36.93876532935179, -1.4324732780794533], [36.93875947123205, -1.4324761358234948], [36.93795634068879, -1.4325288873498478], [36.93736080642146, -1.4325680040325526], [36.93618746420049, -1.4325003195670012], [36.932283314677875, -1.4324786329325851], [36.93115544927089, -1.432066574545138], [36.92939858174491, -1.43124245758945], [36.92744650716155, -1.430331591535561], [36.924756981282876, -1.429182164284931], [36.92080945222484, -1.4273821192263012], [36.91775120167565, -1.4260591937659517], [36.91428084555498, -1.4245410830721437], [36.911070766869926, -1.423218158659002], [36.90827279269191, -1.4219169201374042], [36.90523623155981, -1.4205289335293514], [36.902763603167095, -1.4194445693065543], [36.89972704205474, -1.4181216438189574], [36.896755550313536, -1.4168854684735177], [36.89376236903176, -1.4153890446262651], [36.89209672736772, -1.4145424376434785], [36.89115960186467, -1.414066118974488], [36.89100230666924, -1.414209099123387], [36.89123131296989, -1.4129964315101842], [36.89175209474185, -1.4130721704882776], [36.89517197647819, -1.413569536375591], [36.895344957890735, -1.4131224606722337], [36.895759452067814, -1.412051185230106], [36.89509949533105, -1.411707059528774], [36.89421446689963, -1.4112179879912354], [36.89362317650991, -1.4106750392126708], [36.893100552631616, -1.4104032659307733], [36.89213922880569, -1.4104294909042625], [36.89153267928722, -1.4104199549801153], [36.89128471910138, -1.4102207740478063], [36.89128429409235, -1.4102198991268617], [36.8910253135626, -1.409687122311459], [36.890411134785495, -1.409388172514539], [36.88978169677878, -1.4093334606762244], [36.888980594232805, -1.4092874501132662], [36.888446525121076, -1.409024856006035], [36.88787812329468, -1.4087440245569733], [36.88727920374368, -1.408191897607373], [36.88652769203784, -1.407621651347032], [36.88589062478162, -1.4073047031817576], [36.88559307163524, -1.4072863469439194], [36.885238298386945, -1.4074939903265318], [36.88502848512036, -1.4076745761002027], [36.884597415155774, -1.4074752762424259], [36.884486786746955, -1.4071135089363553], [36.883300391094856, -1.4066241995229833], [36.88207966278124, -1.4062705378772955], [36.881293819510915, -1.406116057098943], [36.88053467886712, -1.4061786367185165], [36.88011135015383, -1.4062435910051974], [36.87996070109752, -1.4063942234619486], [36.87995526599014, -1.4064079532245626], [36.879884699596, -1.406586206159871], [36.87978090250996, -1.406746983684272], [36.879737390728714, -1.4070820424561903], [36.879443652837104, -1.4075700415115666], [36.87863492106244, -1.4073252078971017], [36.87821148027986, -1.4071982615054832], [36.87764307853074, -1.4071434306556567], [36.877253971481714, -1.4070888377208717], [36.87683434571794, -1.406790125831693], [36.87648338636163, -1.4064643563604668], [36.87614005722271, -1.4063102333932782], [36.87575094917043, -1.4062467002653727], [36.87540380510687, -1.4065356383079948], [36.87514058572819, -1.406689046554103], [36.87402667079601, -1.406850799347713], [36.87355363915001, -1.4071849133572427], [36.87263427835241, -1.40769031506383], [36.87190947045963, -1.4078796022347193], [36.87124951480444, -1.407779476505742], [36.87069255717393, -1.4073901738417567], [36.87044459692088, -1.4070012290359704], [36.87023478337337, -1.4063772244331771], [36.87023096908375, -1.4057714581111147], [36.87043315090747, -1.4047680446075899], [36.87046366934251, -1.4042075731846235], [36.8701928206236, -1.403836627761328], [36.86932686565056, -1.403546498253351], [36.868811871012056, -1.4035189639201753], [36.86834593251944, -1.4038756038947218], [36.868308459763014, -1.4039244504991713], [36.86826602990317, -1.4039699874039997], [36.86823633930138, -1.40400185253835], [36.868225023073336, -1.4040175471257395], [36.86803747229278, -1.4042776627143025], [36.8675301069027, -1.4045122457202432], [36.86706088920258, -1.4044667119956546], [36.86634371129953, -1.4041767024242997], [36.865542608742714, -1.404112692484312], [36.86506194684691, -1.4041845701663367], [36.86452406278248, -1.4042925636088046], [36.8640777345292, -1.404174557417286], [36.864010924123086, -1.4040965464818547], [36.86400937109104, -1.4040964364923207], [36.863702878680726, -1.403853902490868], [36.863683364272475, -1.4038384598916085], [36.86356159466888, -1.4035786173870568], [36.86282267220301, -1.4029619513057532], [36.86228478870207, -1.4018132351735728], [36.859942515834376, -1.4003103806373978], [36.85846619702246, -1.3993325954048035], [36.85829931753528, -1.3992099145357977], [36.857986346014506, -1.399034978434211], [36.85768923882423, -1.398868910526562], [36.85732956135662, -1.398744084918771], [36.85683728716676, -1.3986619855012974], [36.85595607395455, -1.3985979765877892], [36.85518930415767, -1.3986876137672726], [36.85473153167675, -1.3985967851254286], [36.8543576828687, -1.3983343099454744], [36.85356039432899, -1.398098535504233], [36.852431220853454, -1.3976182842435523], [36.851611043797114, -1.3972559212345461], [36.85066879420188, -1.3968392041735593], [36.850066059609155, -1.3964046056070112], [36.84949002748023, -1.3957169498688162], [36.8487003687509, -1.3944776429899466], [36.848330335934, -1.3939619906554597], [36.84817392953365, -1.393464574600195], [36.847975561295144, -1.3930485722122266], [36.84757882396143, -1.392632330915007], [36.84700660807349, -1.3924147937468463], [36.84633520715035, -1.39223337435378], [36.845572251249635, -1.3917986568514118], [36.84521366259768, -1.3910751222714897], [36.84496951631771, -1.3903787641986631], [36.84480548077883, -1.3899355842498275], [36.844811507856214, -1.3897988755847825], [36.84480196965067, -1.389773735856757], [36.84479196933557, -1.3894577643743766], [36.84481096963579, -1.3891897885506261], [36.84493941810539, -1.388659614350029], [36.84502197369269, -1.3883188670710573], [36.845126975768395, -1.3880508912170648], [36.845231977883685, -1.3878979049862719], [36.845279978815235, -1.3877249205799462], [36.84529728810212, -1.3875196241001806], [36.844847442623426, -1.3869612236476352], [36.84409593197501, -1.38657180205105], [36.84308120098817, -1.386462378278746], [36.842428874542264, -1.3865250768479238], [36.84204739675312, -1.386777778176946], [36.8416468455175, -1.3868769513669426], [36.84136836688276, -1.3872111843026744], [36.84100596359292, -1.3877712978839625], [36.84079615041017, -1.3882051808031646], [36.84037271068637, -1.388258939099464], [36.839777605343734, -1.3880957570325168], [36.83943809020041, -1.3877065732709426], [36.83894216979694, -1.3872270377169824], [36.838507284734334, -1.386982561929843], [36.838030437848616, -1.3868645557445882], [36.83765277504795, -1.3868551387258756], [36.83741752226765, -1.3870793395760583], [36.83738081554738, -1.3871889716957246], [36.83738081559987, -1.3873419578903006], [36.83738659086343, -1.3877623659508955], [36.83739081605623, -1.3880698921983492], [36.83739081612523, -1.3882708740616763], [36.837313814584874, -1.3884148610951184], [36.83724658921492, -1.3884675313655817], [36.83722933492888, -1.3886719629236832], [36.836783006766275, -1.3888252532462981], [36.836245123660476, -1.3888247764768038], [36.8355165004859, -1.3884444140546355], [36.834822211048134, -1.388145345284445], [36.834181328771834, -1.3880182799739864], [36.83348703930899, -1.3876469767218467], [36.83294152695842, -1.3873933218013415], [36.83236931016796, -1.3874650795253025], [36.831510985432566, -1.3874281291585038], [36.830803784797446, -1.3873329399944652], [36.830802679774635, -1.3873329609929568], [36.83077662223809, -1.3873373946019627], [36.83066630796673, -1.387356161946894], [36.83005755645529, -1.3875262298122857], [36.829756189309975, -1.3877519915450367], [36.8290924175851, -1.3876971607240225], [36.828318018454844, -1.3872896207690535], [36.82787931825023, -1.3868642013102943], [36.827078215624134, -1.3866193676820366], [36.82635340847123, -1.3860762999385374], [36.82543023225903, -1.3856414634973158], [36.82482368272754, -1.3856228693860457], [36.82421713322073, -1.385676508756803], [36.823702138585915, -1.3856760319789525], [36.82319858815329, -1.3855761441673953], [36.82251574290974, -1.385159664985563], [36.82252337289703, -1.3846623678560392], [36.822588223047426, -1.384110955589531], [36.82253100175747, -1.383794484165728], [36.82197404418472, -1.3835860051708204], [36.82172226896378, -1.3835225919801875], [36.82119583008925, -1.383513056023416], [36.82103724575937, -1.3833524295722632], [36.82085631496036, -1.3831691691710593], [36.82089064734179, -1.3822109316230407], [36.82079527814374, -1.3815417510374157], [36.820043766553106, -1.3813331541198417], [36.819874292057236, -1.3813447021365712], [36.81873529856219, -1.381422314528349], [36.81780830849545, -1.3816474815326718], [36.816991945703954, -1.381845708929471], [36.81587040158484, -1.3819712249929414], [36.815210446112715, -1.382431689673834], [36.815123190354576, -1.382560199108677], [36.815057600041236, -1.3826809152390824], [36.815032352535745, -1.3827273820551318], [36.81496533117397, -1.3827926921853864], [36.814756487965994, -1.3831002745043932], [36.81426819713807, -1.3838501520116453], [36.813852386702024, -1.3842927362210653], [36.813287799165316, -1.384653908827956], [36.812837655967535, -1.384942726923817], [36.81244473396389, -1.3852679007193485], [36.812335767774634, -1.3854465226398693], [36.812409299331115, -1.3855571276342118], [36.812572302779444, -1.3857961060139963], [36.812648304447386, -1.3860830800931838], [36.81262287998148, -1.3862557385226186], [36.81260030356775, -1.3864090506967943], [36.812419299878535, -1.3865520378575744], [36.81240423056928, -1.3865577813445977], [36.81239514240109, -1.386614844198839], [36.811880147829854, -1.386804250287417], [36.81141093010167, -1.3866953032811802], [36.81099130534198, -1.386423649939056], [36.81070901139388, -1.3860798810561774], [36.81047249540063, -1.3857632897051013], [36.81018638742326, -1.3855641097768159], [36.80982741802307, -1.3856042572790574], [36.80976624479245, -1.3857001156508253], [36.809690243314556, -1.3859680914973527], [36.809690243383415, -1.3861690733624488], [36.80968024347567, -1.3870409946907423], [36.809680088473684, -1.387044573367913], [36.809661243234125, -1.3874809549986495], [36.80946023914505, -1.3876629386477113], [36.8093685252672, -1.3877108433571237], [36.80936239615758, -1.387760223903518], [36.809221249329184, -1.388013163129221], [36.80883214234834, -1.3881756306048392], [36.80822559282979, -1.388202092428299], [36.80771059819914, -1.3882197340158242], [36.80742067527306, -1.38840031982199], [36.807176529363694, -1.3887887888543946], [36.80697816137823, -1.3891140815714853], [36.806699682719504, -1.3893850192209403], [36.80619613227832, -1.389267013044482], [36.80616294853293, -1.3890919488525784], [36.806128170803895, -1.3890608136741092], [36.80612503671642, -1.388994564653057], [36.80611856553582, -1.3888577989960054], [36.80607787462169, -1.388643128380546], [36.806105239163955, -1.3885761404154664], [36.806099169994525, -1.3884478689917723], [36.80622417249434, -1.3882088905118481], [36.806273780463236, -1.3880463761585615], [36.806300173978684, -1.3879599129511682], [36.80638393757458, -1.3875684082482656], [36.806333463423286, -1.3872511278945292], [36.806051170484096, -1.3869344175699772], [36.80563154475481, -1.3867532360641923], [36.805082217420846, -1.3867888760394564], [36.804741578447654, -1.3869716856628858], [36.80471114090816, -1.3872319791868608], [36.80459613865116, -1.3875769480999267], [36.80435713381289, -1.3878639222889626], [36.80391076978312, -1.3884173905039932], [36.80387812412277, -1.38845786886299], [36.803865448861934, -1.3884606776139312], [36.80383860031964, -1.388496395400426], [36.803411345587556, -1.388767215112699], [36.80305657127805, -1.3888210923748487], [36.80248435537789, -1.388585556826883], [36.801824398637464, -1.3882684886661487], [36.80129414451092, -1.3877617755720102], [36.80101185156825, -1.3874360060645639], [36.800451079006464, -1.387498704602335], [36.799806381763865, -1.3877151692950807], [36.79897857572935, -1.387904218525252], [36.798280471370866, -1.3880843285168798], [36.797624329863545, -1.3882193805595202], [36.79708644675865, -1.388236903165741], [36.796640118563644, -1.3883088988249703], [36.7962853442133, -1.3882452466917747], [36.79602593874307, -1.3879194771760825], [36.79606408639777, -1.3875307712354759], [36.796220843277695, -1.3864855314918758], [36.79622192629759, -1.3864783111429164], [36.79622707239212, -1.3864440002369531], [36.796228121411396, -1.3864370048678132], [36.79622638237443, -1.3864338521527995], [36.795968716891856, -1.3859667673867213], [36.7955948690236, -1.385541466890606], [36.794999763736456, -1.3855589895163753], [36.794576323023264, -1.3856580437260144], [36.794007921200816, -1.3854223881861316], [36.79312289393968, -1.3854848478580521], [36.792642232103, -1.3857556675897038], [36.79237138266557, -1.3862164891051856], [36.79228745804021, -1.3865328425905519], [36.79184112890963, -1.386794602127873], [36.791207876898845, -1.3870018886451208], [36.790837843384644, -1.3873812975405782], [36.7906246290704, -1.3876450018212516], [36.79061698592161, -1.3876716004240435], [36.790558848789956, -1.3878739261887774], [36.79050942179188, -1.3879410511493806], [36.790452551682264, -1.3881312950038427], [36.790288516389644, -1.388411411786481], [36.78934245173652, -1.3880941057457483], [36.788808382588385, -1.3877590391638792], [36.788194203757406, -1.3873426779447156], [36.78773643028153, -1.3872879660404356], [36.7872099914614, -1.3874501955860832], [36.786733144761776, -1.3878927798189484], [36.78651188732082, -1.3882721896628059], [36.78607700342611, -1.3885339491962991], [36.785592526426235, -1.3885606499558032], [36.78490586725847, -1.3886142893551057], [36.78464264787301, -1.3887676986050554], [36.7843985019313, -1.389065813791928], [36.78393691445989, -1.3892552208630242], [36.78342191981679, -1.3892456849027959], [36.7831167374774, -1.3891459160109414], [36.78262271705483, -1.3885162069995853], [36.78248768223186, -1.3884198797377887], [36.78222867685083, -1.3883328876769045], [36.78193167070153, -1.388294891208601], [36.781769667367485, -1.3883328878366374], [36.781501201879365, -1.3885036335243486], [36.78148766145744, -1.3880889099479086], [36.781515661827235, -1.3874799648807443], [36.781541552249514, -1.3871512285320948], [36.7815786628548, -1.3866800370325258], [36.78158244990888, -1.386609353408651], [36.78159666311162, -1.3863440673391019], [36.78129665683529, -1.3861160880127672], [36.78084264741781, -1.3860070980040304], [36.780487640086164, -1.3860160973154485], [36.78019663410485, -1.3861070892068574], [36.7798966279811, -1.3863250696439742], [36.77968762370969, -1.3864620573569433], [36.77946061904113, -1.386525051752268], [36.77914161245007, -1.3865250518631287], [36.77894160831154, -1.3865070535564554], [36.778741604179245, -1.3865070536259583], [36.778341595927245, -1.3865440504270152], [36.77817759256019, -1.3866070448004646], [36.77797758845903, -1.3866980366603003], [36.777781584469246, -1.3868730209405356], [36.77768990559142, -1.3869210036432675], [36.777545933642514, -1.3869963558946505], [36.77752557922562, -1.387007008940557], [36.77740257670374, -1.3870640038410975], [36.77734457552863, -1.3871319977265084], [36.77727657414276, -1.3871879926980613], [36.77716557185162, -1.3871949921051865], [36.777095570396774, -1.3871699943849005], [36.77708171611038, -1.3871695474300068], [36.7770025684741, -1.3871669946878116], [36.7769525674592, -1.3872199899237765], [36.77694256727584, -1.3872879837925893], [36.77694048625795, -1.3873612421835606], [36.77693756723286, -1.3874639679162764], [36.77694456742311, -1.3875969559150676], [36.77693256721147, -1.3877029463562838], [36.776896566485746, -1.3877559415873686], [36.7768675658975, -1.387787938710512], [36.77683556523358, -1.3877799394434227], [36.77680356456144, -1.3877479423414063], [36.77677756401358, -1.3877169451471676], [36.776753563505316, -1.3876809484033445], [36.77672856298883, -1.3876809484120394], [36.776712562665104, -1.3877009466132446], [36.77671456271463, -1.3877249444473883], [36.77672656297939, -1.3877739400225808], [36.77673056307024, -1.3877979378559393], [36.77673056307983, -1.3878259353299758], [36.77673456317479, -1.3878619320807515], [36.77673056310314, -1.3878939291951988], [36.776706562619204, -1.3879289260460246], [36.776642561306446, -1.3879569235422322], [36.77660856061492, -1.387988920667115], [36.77654355928793, -1.3880359164495313], [36.77649155822442, -1.3880679135806757], [36.77646355765145, -1.388083912146944], [36.776433557032256, -1.388085911976935], [36.77641155657764, -1.3880859119845887], [36.77636455560859, -1.3880919114596932], [36.77634855528588, -1.3881149093903167], [36.77634122213885, -1.3881279442167296], [36.77633055492486, -1.3881469065096332], [36.776310554523995, -1.3881829032687545], [36.77630455441309, -1.3882208998426477], [36.7762365530272, -1.3882768948141926], [36.776210552500686, -1.3883078920265133], [36.77619855226154, -1.3883338896849868], [36.776189552083174, -1.3883558877033961], [36.77617355175602, -1.388365886806825], [36.776151551300714, -1.3883638869949257], [36.776125550756696, -1.3883438888082493], [36.77611155046194, -1.3883278902565948], [36.776069549583134, -1.3882958931581562], [36.77604154899738, -1.3882748950624857], [36.77602554865993, -1.3882548968723272], [36.77600854830114, -1.3882328988630503], [36.775998548089696, -1.3882189001294685], [36.77598254775499, -1.3882069012177058], [36.775958547260515, -1.3882109008651657], [36.77592854665153, -1.3882428979886583], [36.77592054649451, -1.3882668958262774], [36.77589054588732, -1.3883038924986568], [36.77588054569369, -1.3883418890739427], [36.775880545699856, -1.3883598874500236], [36.7759105463403, -1.38841988202658], [36.77591254640321, -1.3884828763422963], [36.77591054637357, -1.3885168732755964], [36.77589654609663, -1.3885528700326262], [36.7758705455635, -1.3885648689591783], [36.775848545111025, -1.3885708684254978], [36.77580554422116, -1.3885668688013533], [36.77579154392914, -1.3885588695279187], [36.77577354355175, -1.388542870977658], [36.77575954325562, -1.388522872786896], [36.775743542916786, -1.3884988749576315], [36.77572554253451, -1.3884688776703098], [36.77570354207209, -1.3884458797529982], [36.775679541571364, -1.3884318810243779], [36.775636540678065, -1.3884178823023683], [36.77560053993151, -1.3884098830366765], [36.77555253893596, -1.3883988840457386], [36.77553053847929, -1.3883928845947289], [36.775508538016524, -1.3883688867675485], [36.77549853780096, -1.3883428891166363], [36.775498537789986, -1.3883108920035803], [36.77549519871669, -1.3882983701344631], [36.77549053761436, -1.3882808947128609], [36.77546853715537, -1.388267895893319], [36.77540553585229, -1.3882638962761285], [36.77534553460911, -1.3882538971991403], [36.77528953345199, -1.3882538972186238], [36.77524653256349, -1.3882538972335843], [36.7752045316977, -1.3882598967068627], [36.7751565307145, -1.3882848944681805], [36.77512653010011, -1.3883008930351484], [36.77507952913789, -1.388326890705896], [36.77505552864607, -1.3883388896316664], [36.7750275280771, -1.388366887115358], [36.775023203989235, -1.3883712107267694], [36.77502004992515, -1.3883743644433193], [36.775011527752, -1.388382885677366], [36.77498752725675, -1.3883848855053609], [36.774973526966775, -1.3883828856905884], [36.77496536079684, -1.3883792560209705], [36.774937526217386, -1.3883668871466734], [36.77492352592476, -1.3883568880536807], [36.774913525712634, -1.3883408895006286], [36.7749085256018, -1.388318891487173], [36.77490852559151, -1.3882888941935774], [36.774896525337034, -1.3882698959118884], [36.7748705248056, -1.388286894387243], [36.774852524443986, -1.3883168916871018], [36.774842524234586, -1.3883088924122715], [36.77481652369262, -1.3882948936843416], [36.77477052273358, -1.388269895955727], [36.774752522358845, -1.388261896683679], [36.774728521859565, -1.3882518975942517], [36.77468952105368, -1.3882518976078206], [36.77464952022716, -1.3882518976217375], [36.77461351948471, -1.3882558972733734], [36.77459751916327, -1.3882828948431163], [36.77458951900967, -1.3883168917786086], [36.77458951902614, -1.3883648874482037], [36.77458951903984, -1.3884048838394873], [36.77458311391695, -1.3884324243569472], [36.77457951884793, -1.3884478799636715], [36.77454251808552, -1.3884538794353007], [36.774492517056174, -1.3884648784602527], [36.77445451627302, -1.3884708779322306], [36.77441251540584, -1.3884728777664008], [36.77436451442022, -1.3884908761591896], [36.77431951349452, -1.3885028750922692], [36.7742835127602, -1.388530872578748], [36.774225511576844, -1.3885748686294135], [36.774199511052025, -1.3886108653907216], [36.774185510779446, -1.388659860974962], [36.77418151070642, -1.3886878584503035], [36.77418351075391, -1.388705856825692], [36.77420151113003, -1.3887178557367577], [36.77424951212524, -1.3887278548180055], [36.774267512501275, -1.3887398537290707], [36.77428351283804, -1.3887578520995858], [36.7742995131707, -1.3887638515527707], [36.77432751375613, -1.3887838497386635], [36.77433951401575, -1.3888178466671863], [36.77433151386859, -1.3888708418884401], [36.77431351350627, -1.3888988393686499], [36.77426351248783, -1.3889418355067475], [36.77421551150084, -1.3889558342604273], [36.774189510966416, -1.3889638335476973], [36.774150510164645, -1.3889758324786892], [36.77411250937951, -1.3889758324919173], [36.77405450818036, -1.388973832692552], [36.773996506980545, -1.388969833073632], [36.77392550550592, -1.3889478350831534], [36.7739172083345, -1.3889478350860418], [36.77387950455534, -1.3889478350991658], [36.773845503857636, -1.3889618338478846], [36.77380450301523, -1.3889758325991295], [36.773776502438814, -1.38898183206763], [36.773744501778204, -1.3889838318983234], [36.77371050107637, -1.3889858317297137], [36.77367250029732, -1.3890038301190248], [36.773642499684044, -1.3890228284154171], [36.77357349826238, -1.3890348273567654], [36.77353949756802, -1.3890588252034384], [36.7734794963393, -1.3890908223373817], [36.77341449499888, -1.3890988216383173], [36.773368494050466, -1.3891048211129964], [36.77333849342919, -1.3891008214843295], [36.77329049242839, -1.3890748238466466], [36.77326449186377, -1.3889948310730493], [36.773264491857596, -1.3889768326969643], [36.77323149117231, -1.3889668336104972], [36.77319149035125, -1.3889828321810402], [36.773172493962115, -1.3889926263039059], [36.773127489040164, -1.389015829226156], [36.773062487703854, -1.3890358274444234], [36.77301005262476, -1.3890484833208783], [36.773004486510196, -1.3890498262015887], [36.77293448507816, -1.389091822436882], [36.77288148399472, -1.389125819387947], [36.772812297566446, -1.389129772055468], [36.77281148254964, -1.3891298190515151], [36.77276148151583, -1.389127819249366], [36.77268647996258, -1.38911782017761], [36.77262647872073, -1.3891118207398307], [36.77253847689037, -1.3890768239279796], [36.77248747583246, -1.3890648250284001], [36.77248390775786, -1.3890623722508284], [36.7724554751637, -1.3890428270242514], [36.77241947440717, -1.3890058303747388], [36.77239147381135, -1.3889558348953284], [36.77236147317706, -1.3889138386948348], [36.77232447240159, -1.3888818415946436], [36.77226447115699, -1.3888678428785468], [36.77219846979454, -1.38887184254063], [36.77211346805321, -1.38891583860071], [36.772069467148135, -1.3889278375334486], [36.77202960433223, -1.3889502585244], [36.77200546583806, -1.3889638343079074], [36.77197246515687, -1.3889658341389501], [36.77190246370699, -1.3889558350655353], [36.771854462710955, -1.3889438361648183], [36.7717774611193, -1.3889418363720636], [36.77174746049733, -1.3889358369238376], [36.77174146036439, -1.3889098392715202], [36.77173746026805, -1.3888698428815245], [36.771737460253306, -1.3888268467608016], [36.77172345995302, -1.3887948496525981], [36.77169145929044, -1.3887908500246222], [36.771661458671225, -1.3887928498546191], [36.77165979563689, -1.3887931128314932], [36.77162345788803, -1.3887988493265129], [36.771580456999494, -1.3887988493414782], [36.771524455839575, -1.3887908500827426], [36.77148445500341, -1.388762852622697], [36.77146045449588, -1.388728855698413], [36.771438454028896, -1.3886928589537868], [36.77143245389329, -1.3886588620232367], [36.77143045383381, -1.3886058668053287], [36.771434942919946, -1.388586511550067], [36.77144645414076, -1.388536873024613], [36.771448454165615, -1.3884888773542898], [36.7714444540655, -1.3884378819567165], [36.7714284537301, -1.3884238832252083], [36.77138145275884, -1.388423883241561], [36.7713374518559, -1.3884418816330597], [36.77126945046, -1.3884688792208257], [36.77122844962374, -1.388500876348268], [36.77119844902098, -1.388550871847893], [36.771172448495356, -1.388584868789583], [36.77117142247562, -1.3885891214063382], [36.77115844822604, -1.3886428635620438], [36.771146447990056, -1.388677860408638], [36.771136788792, -1.3886823180098324], [36.7711204474569, -1.3886898593351154], [36.771080446628275, -1.3886838598902762], [36.771041445813445, -1.388657862249522], [36.771034953676654, -1.3886498959704916], [36.77101944534962, -1.388630864692895], [36.7710014449681, -1.3886028672252748], [36.77098144453352, -1.388540872825527], [36.77095744402462, -1.3885028762621185], [36.77092944344045, -1.3884868777153165], [36.77087944240799, -1.3884888775522708], [36.770822441240526, -1.3885188748656363], [36.77076644009979, -1.3885668705548455], [36.770740439567994, -1.3885828691203486], [36.77073243939991, -1.3885748698449036], [36.77070843889443, -1.388546872379279], [36.77068943848471, -1.3884968768966968], [36.77067743822978, -1.3884768787051234], [36.7706694380556, -1.3884508810534861], [36.77065343771334, -1.3884168841264026], [36.77063543733653, -1.388402885395676], [36.770613436880595, -1.3883988857642156], [36.770585436305424, -1.3884088848718321], [36.77054943557391, -1.3884448816365664], [36.77053943537376, -1.3884638799259283], [36.770508434742794, -1.3884918774106927], [36.77046643388038, -1.388507875981853], [36.7704524336, -1.3885338736411452], [36.770456433698406, -1.3885798694898348], [36.770486434341365, -1.3886468634350009], [36.770484434316515, -1.3886948591053314], [36.77045043362348, -1.388722856591138], [36.77040643271908, -1.388736855343437], [36.77037443205717, -1.3887348555350163], [36.770340431353844, -1.3887328557272909], [36.77028543021397, -1.3887228566485574], [36.77024142930751, -1.388730855942186], [36.77019742841132, -1.3887688525292592], [36.77015542756195, -1.388822847672269], [36.77015293151524, -1.3888368884063396], [36.77014742741211, -1.3888678436153503], [36.77009042624788, -1.3889078400265928], [36.770044425310736, -1.388946836524228], [36.77001242465431, -1.388960835272263], [36.769984424076384, -1.388962835101565], [36.76995542347577, -1.3889588354725455], [36.76990942252661, -1.3889628351276697], [36.76985942149962, -1.3889808335212621], [36.76980942047469, -1.389004831373436], [36.76976441955338, -1.3890298291337377], [36.76973641898293, -1.3890538269783432], [36.76970241829341, -1.3890918235619358], [36.76967241768242, -1.3891178212267945], [36.76961841657133, -1.3891318199825773], [36.76959641611471, -1.3891258205314765], [36.76955741530055, -1.3891018227102812], [36.76954141495896, -1.389069825602762], [36.76950541420275, -1.3890338288630015], [36.7694794136562, -1.3890068313078534], [36.769478144629595, -1.3890057744037432], [36.76944341290196, -1.3889768340269393], [36.7693944118819, -1.3889548360286872], [36.769338410720586, -1.3889428371307462], [36.76927840947936, -1.388938837512514], [36.76918140747844, -1.3889488366441494], [36.76914940682397, -1.3889688348509481], [36.76911340608558, -1.3889848334200254], [36.76905140481506, -1.3890158306449194], [36.76902240423397, -1.3890688258736348], [36.76897640330057, -1.3891188213788412], [36.76893040236239, -1.3891548181471483], [36.76887440121273, -1.3891768161818587], [36.76884940069609, -1.389176816190561], [36.76882340015468, -1.3891648172821804], [36.768801399696684, -1.3891548181920523], [36.76878939944527, -1.3891448190983546], [36.76871739793137, -1.3890688259797965], [36.76868839731495, -1.3890188305006004], [36.76859039527474, -1.3889748345041784], [36.768532394055974, -1.3889158398470611], [36.76850939355812, -1.3888498458093066], [36.76848139295723, -1.388784851682979], [36.76844939228363, -1.388748854941895], [36.76841239147822, -1.3886298656902705], [36.76839039100205, -1.3885668713815786], [36.768349390139704, -1.3885228753652965], [36.76831538942515, -1.3884878785345895], [36.76825238811466, -1.3884628808118515], [36.76821738738938, -1.388456881365353], [36.768167386356204, -1.3884568813827487], [36.76812338544698, -1.388456881398057], [36.76808538467026, -1.388481879155936], [36.76805138397627, -1.3885068769123345], [36.76804138377611, -1.3885258752017962], [36.768038383724765, -1.3885568724061723], [36.76803838373675, -1.388591869248621], [36.76799838292421, -1.3886328655637503], [36.767903380971674, -1.3886638628001375], [36.767843379741414, -1.388691860295009], [36.76779337872022, -1.388726857154855], [36.7677343775192, -1.3887798523940345], [36.76767437628585, -1.3887988507008058], [36.76763037538106, -1.3888118495433348], [36.767598374717416, -1.3888048501860164], [36.767576374254176, -1.3887798524490167], [36.767536373418054, -1.3887518549889415], [36.76748237230317, -1.3887548547370698], [36.76731936890915, -1.3886798615599025], [36.76725536756804, -1.3886258664537339], [36.767238367208314, -1.3886012186834416], [36.76721536672155, -1.3885678717001821], [36.76716636568364, -1.388493878393021], [36.767039363057584, -1.3884888788883087], [36.7669903620566, -1.3885228758381245], [36.76686735954196, -1.3886018687539408], [36.7668283587343, -1.3885968692185244], [36.76676435739671, -1.3885528732102281], [36.76670035605568, -1.3884988781041339], [36.76670035601867, -1.3883908878472275], [36.766700355988156, -1.388301895876305], [36.76670035595628, -1.3882089042662584], [36.76666035509951, -1.3881209122190177], [36.76662635439, -1.3881009140351575], [36.766567353162635, -1.388076916220784], [36.76651335203472, -1.3880419193970024], [36.76648935152194, -1.3879929238258664], [36.766479351298564, -1.3879439282498596], [36.766489351483216, -1.3878799340200176], [36.76648935146643, -1.3878309384405294], [36.76649435154129, -1.387747945926511], [36.76647035099469, -1.3875999592865031], [36.76646635090007, -1.387564962445409], [36.76641934991538, -1.3875259659800523], [36.76635234852679, -1.3875139670858931], [36.766282347062756, -1.3874629717111655], [36.7662113455767, -1.387407976697572], [36.766172344746515, -1.3873369831162738], [36.76610134325121, -1.3872549905384197], [36.766054342259764, -1.3871959958774358], [36.76602096655388, -1.387148719154319], [36.766018341498324, -1.387145000490782], [36.765991340920145, -1.3870860058227519], [36.765843337751846, -1.3867650348325906], [36.765834337541946, -1.3866950411506063], [36.76579933680056, -1.3866420459441073], [36.76576233602839, -1.3866200479416015], [36.76570233478738, -1.3866170482331044], [36.76564833366709, -1.3866040494246228], [36.765635303397595, -1.3866034574825066], [36.76558233230221, -1.386601049718209], [36.76553533133088, -1.3866010497345378], [36.76548833035656, -1.3865920505627478], [36.76546632989958, -1.386585051201923], [36.76542932913288, -1.3865790517560017], [36.76538532821814, -1.3865630532147006], [36.76534032727555, -1.3865260565682518], [36.765318326808895, -1.3864910597332853], [36.76530632654797, -1.386453063165588], [36.76531232665071, -1.3863910687566197], [36.76531832675516, -1.3863340738966434], [36.76532232680777, -1.3862460818340483], [36.76533132694281, -1.3860970952725082], [36.765325326802675, -1.386050099514594], [36.76530332632849, -1.385993104664329], [36.765278325794824, -1.3859431091836638], [36.76525932538716, -1.3858991131596032], [36.76522732471075, -1.3858551171400542], [36.76520232417469, -1.3857981222908218], [36.765168323455924, -1.3857511265426175], [36.76511432232938, -1.3857201293578643], [36.76505532110022, -1.3856911319945866], [36.76495331899246, -1.38569113203], [36.764886317614696, -1.385711130248989], [36.76482331633026, -1.3857621256700041], [36.76477231528963, -1.385801122169471], [36.76474431472306, -1.3858361190217348], [36.76471731417184, -1.3858561172269244], [36.764674313284694, -1.3858601168809828], [36.76463831253248, -1.385836119058541], [36.764599311725135, -1.385832119432955], [36.76454431058759, -1.3858291197227068], [36.76445830880899, -1.38582512011344], [36.76440330770052, -1.385907112735097], [36.764399307636616, -1.3859621077748432], [36.764355306743425, -1.3860091035501345], [36.76426130482923, -1.3860920960952001], [36.76423430427271, -1.3860960957437043], [36.764104301586194, -1.386096095788851], [36.76399429931536, -1.3861030951956141], [36.76387629687444, -1.3860960958680317], [36.76381729565108, -1.38608409697105], [36.76377029466374, -1.3860371012273554], [36.763644292041036, -1.3859821062328346], [36.763613291392204, -1.3859581084086539], [36.76353928984277, -1.3858991137568517], [36.76350728916405, -1.3858481183687201], [36.76348728873196, -1.385793123337291], [36.76348028856578, -1.3857301290230872], [36.763436287637695, -1.3856751339999844], [36.76334628576301, -1.3856321379103245], [36.76303627931428, -1.3855081492042114], [36.762953277576415, -1.3854421551870213], [36.762855275531074, -1.385383160543421], [36.76278827413172, -1.3853401644457561], [36.762733272986885, -1.3853161666299725], [36.7626830639333, -1.3852693668696794], [36.762674271748885, -1.3852611716120453], [36.762604270283454, -1.385206176597932], [36.762556269274, -1.3851551812154], [36.76252526861593, -1.385104185826966], [36.762461477277036, -1.3850439952794371], [36.76245426712574, -1.3850371918957052], [36.76241126622651, -1.3850061947070877], [36.762372265420595, -1.3850061947206207], [36.76231726429319, -1.3850331923041126], [36.76226226315928, -1.3850411916014613], [36.76220726201725, -1.3850251930639292], [36.762148260784556, -1.3849861966026864], [36.76212126021195, -1.3849432004911166], [36.762030258320436, -1.3849112034093654], [36.76196825704865, -1.3849392009049828], [36.761897255591954, -1.3849701981330729], [36.76188430932614, -1.3849750147030628], [36.76185425470879, -1.3849861967047008], [36.76183327427902, -1.3849972197174323], [36.761795278500955, -1.3850181798395749], [36.76179525350052, -1.3850181938384112], [36.761767252935115, -1.3850571903298454], [36.761732252216966, -1.385072188988826], [36.76166925090991, -1.3850571903638522], [36.761630250079634, -1.3849861967824257], [36.76158324906528, -1.3848602081652466], [36.7615672487107, -1.3847902144855229], [36.761563248603714, -1.3847192208918482], [36.7615592484968, -1.3846482272981695], [36.76152824782677, -1.384562235067013], [36.76147624674398, -1.3845382372501576], [36.761402245211954, -1.384530237997469], [36.76131224336023, -1.38455423586367], [36.7611542401025, -1.3845762339338037], [36.761076238498426, -1.3845992318860605], [36.76100923712197, -1.384623229744196], [36.760966236254845, -1.3846862240759215], [36.76096223619613, -1.384756217762512], [36.76090623511161, -1.3849691985671453], [36.760878234547995, -1.3850131946075952], [36.76081823333264, -1.385085188133259], [36.76073311858976, -1.3851322849137735], [36.76071523122353, -1.3851421830270052], [36.760652229935594, -1.385183179350249], [36.76057322832103, -1.3852361745965343], [36.76051022702353, -1.3852491734455805], [36.76045722592613, -1.385243174005274], [36.760422225193956, -1.385217176362876], [36.760356223812934, -1.3851671808963462], [36.76032222309722, -1.3851291843361087], [36.76028722236539, -1.3851041866035794], [36.76024322144548, -1.3850731894152937], [36.760193220400225, -1.3850381925900432], [36.760127219038594, -1.3850451919814293], [36.760092218325816, -1.3850761891971293], [36.76005821763831, -1.385120185239667], [36.76003021706606, -1.3851391835353586], [36.75995421549954, -1.385151182479222], [36.75990421446522, -1.3851481827672218], [36.75985021334817, -1.3851451830565216], [36.759781211917385, -1.3851311843434062], [36.759731210883075, -1.3851281846314056], [36.75969321010727, -1.3851561821187093], [36.75968120988295, -1.3852251758983813], [36.75962420873597, -1.3853161677089925], [36.75953320690903, -1.3854731535775502], [36.75946720556356, -1.3855271487291156], [36.759373203648984, -1.3856091413644234], [36.759275201624654, -1.3856121411277909], [36.759128198587696, -1.3856151409082567], [36.759055197078006, -1.3856121412041569], [36.758955195005846, -1.385596142682245], [36.758886193556215, -1.3855271489307799], [36.75877019113734, -1.3854641546542352], [36.75871919007585, -1.3854421566566082], [36.758644188509784, -1.385395160922452], [36.75860092460761, -1.3853716340600313], [36.75858718732118, -1.3853641637387635], [36.75854618647315, -1.385362163933425], [36.758509185716036, -1.3853841619615959], [36.75844018431155, -1.3854471563023598], [36.75841818387197, -1.3854911523407425], [36.75838318317114, -1.3855571463989662], [36.758367182852105, -1.3855911433373393], [36.75834218234295, -1.3856131413614345], [36.75830818163825, -1.3856071419145348], [36.7582671807813, -1.385579144454647], [36.75824818036815, -1.3855191498738677], [36.75824218022596, -1.385466154657059], [36.75823218000192, -1.385415159261293], [36.758207179470176, -1.3853711632392178], [36.75817217873833, -1.3853461655065922], [36.758160178489796, -1.3853446656461252], [36.758154653375385, -1.385344028705454], [36.75814717822061, -1.385343165785828], [36.758116177579936, -1.3853431657965858], [36.758100177250306, -1.3853461655315789], [36.75804417609739, -1.3853591643782923], [36.758012175442566, -1.3853781626753796], [36.75798117479746, -1.3853651638588593], [36.75791817348785, -1.3853431658653006], [36.75786817245352, -1.3853401661533007], [36.757792170878396, -1.3853271673524852], [36.75774516990297, -1.3853151684512999], [36.75767616846735, -1.3852871710011163], [36.75758516657471, -1.385252174189989], [36.75755716599158, -1.3852391753725135], [36.7574426576016, -1.3851706735922713], [36.7574401635496, -1.3851691817277836], [36.75742516322011, -1.3851121868749376], [36.75739916266976, -1.3850741903118944], [36.75738416234813, -1.3850401933842584], [36.757362161889056, -1.3850271945646078], [36.75734016143228, -1.3850211951135354], [36.75729916059244, -1.3850431931431026], [36.75727116002444, -1.3850741903563066], [36.757236159315056, -1.385115186669869], [36.75720815874286, -1.3851341849655732], [36.75715815772254, -1.3851721815549882], [36.757088156304874, -1.3852571739114647], [36.75705715567687, -1.3852941705844126], [36.75701615485001, -1.3853541651861312], [36.756975154009126, -1.3853731634863462], [36.75695015349037, -1.3853671640363177], [36.756872151866396, -1.3853321672206758], [36.75680315043726, -1.3853231680565632], [36.756718148679596, -1.3853201683566196], [36.756701724335784, -1.3853074775072762], [36.75665214729808, -1.385269172980261], [36.756633146897904, -1.385247174971423], [36.756589145961875, -1.3851691820230723], [36.75653514482975, -1.385122186281678], [36.756494143973484, -1.385096188641333], [36.75645114307966, -1.3850811900093973], [36.756363141253416, -1.3850591920244946], [36.756312140198396, -1.3850561923128362], [36.756250138917046, -1.3850561923343476], [36.75619613779963, -1.385052192713945], [36.756149136825194, -1.3850431935421021], [36.75609913578126, -1.3850121963559512], [36.75605813492294, -1.3849801992568918], [36.75603913452371, -1.384961200977399], [36.7559641329464, -1.3848812082202029], [36.75593513233192, -1.3848372121994703], [36.75589813154915, -1.3847842169934477], [36.755850130549625, -1.3847622189946558], [36.75578812926066, -1.384740221000807], [36.755703127495366, -1.384715223285493], [36.75566024561257, -1.3847252583950598], [36.75560912556018, -1.3847372213335434], [36.755492123165666, -1.384806215149638], [36.75536012046968, -1.3849002067158231], [36.75520611732247, -1.3850041973874005], [36.755090114946555, -1.3850671917445305], [36.754971112504215, -1.3851171872753227], [36.75494911205255, -1.3851261864711073], [36.75489511093135, -1.3851111878429827], [36.75485411006652, -1.3850601924578276], [36.75480410900855, -1.3849881989703088], [36.754792108731564, -1.3849032066422209], [36.754754107919496, -1.3848252136916408], [36.75473510750326, -1.3847562199226202], [36.75467410618709, -1.3845942345576105], [36.75462310510745, -1.384519241340962], [36.75457610411627, -1.3844612465893602], [36.754517102890034, -1.3844412484140256], [36.75442610101705, -1.3844642463707348], [36.75432809900944, -1.3845162417139136], [36.754222096817216, -1.3845122421115332], [36.754140095129, -1.3845312404259817], [36.75405709342311, -1.3845592379289346], [36.75390009019574, -1.3846102333827939], [36.753731086712136, -1.3846372310057018], [36.75352308243055, -1.384688226477254], [36.75343708065992, -1.3847082247028792], [36.75333407854171, -1.3847392219422192], [36.753146074697206, -1.3848592111823896], [36.75306707306711, -1.3848672104880762], [36.75295707079638, -1.384875209804605], [36.75290606974226, -1.3848752098222958], [36.7528670689266, -1.384847212361654], [36.7528430684214, -1.3848202148055933], [36.75284006834062, -1.384765219768075], [36.75284006832456, -1.384718224007888], [36.75283606822712, -1.3846752278882288], [36.75283606821482, -1.3846392311356805], [36.752816067786796, -1.3845962350215684], [36.752800067456114, -1.384596235027117], [36.752745066320706, -1.3846002346854234], [36.752682065020004, -1.3846042343464144], [36.75261606365732, -1.384608234008536], [36.75258006291184, -1.3846042343817893], [36.75254506218028, -1.3845802365589817], [36.75252506175491, -1.38454523972315], [36.752506061347546, -1.3845022436086842], [36.75246206042482, -1.384463247142029], [36.75241105936796, -1.3844552478814287], [36.75235605823904, -1.3844782458257525], [36.75230905727311, -1.384494244398714], [36.75225805623923, -1.38455323909403], [36.752239055858425, -1.3845882359433894], [36.75223505578535, -1.3846162334189565], [36.7521800546565, -1.3846392313631932], [36.75211305327032, -1.3846352317472868], [36.75205405204953, -1.3846312321286052], [36.75198305057566, -1.3846122338672093], [36.75192404934384, -1.384576237135113], [36.75183804755028, -1.384529241404732], [36.75176304598136, -1.3844742463921569], [36.75173204533691, -1.3844632473951715], [36.75165304370139, -1.3844552481442782], [36.7516398834267, -1.3844474088560443], [36.75160604272033, -1.3844272506863882], [36.751511649750285, -1.3843712507711918], [36.75145603958968, -1.384338258766903], [36.75137803796185, -1.3842922629435166], [36.75132703690643, -1.3842882633220541], [36.751272035778854, -1.3843152609055298], [36.75122103474077, -1.3843622566834317], [36.75117003369901, -1.3843982534535961], [36.75111903265546, -1.3844292506748301], [36.75107203168952, -1.3844452492478843], [36.751041031051535, -1.3844532485369234], [36.75100103022614, -1.3844572481899386], [36.75095402926805, -1.3844962446881646], [36.750903028230056, -1.3845432404660667], [36.75088730592935, -1.3846143950522694], [36.750884027866675, -1.384629232714797], [36.750884027884105, -1.3846802281141541], [36.75088702796249, -1.3847282237831997], [36.75086402750835, -1.3847902181982659], [36.750774025676535, -1.3848732107422528], [36.75062802268181, -1.3849402047489114], [36.75055002106557, -1.3849282058584471], [36.75050302010467, -1.3849592030782936], [36.75044401890957, -1.3850301966940965], [36.75040801817603, -1.3850611939100383], [36.750361017214196, -1.385089191400527], [36.75033401666158, -1.3851051899666467], [36.75025101496622, -1.385164184673077], [36.75019201373992, -1.3851441864977383], [36.750165013172285, -1.3851161890329204], [36.750141012669786, -1.3850971907552245], [36.75012901240944, -1.3850611940068243], [36.750086011514185, -1.3850421957357184], [36.75005101079729, -1.3850611940338835], [36.75000800992732, -1.3851161890873864], [36.749964009019266, -1.3851201887418831], [36.749929008281185, -1.385077192632959], [36.74986600695746, -1.3850141983378474], [36.749839006388875, -1.3849832011436656], [36.749788005317285, -1.3849322057619062], [36.74977200497189, -1.384889209646383], [36.74967400291999, -1.384812216626388], [36.74963100202439, -1.3847922184454875], [36.749599001362995, -1.3847922184565862], [36.74955600047559, -1.384796218110645], [36.74952099975358, -1.3848002177619294], [36.7494889990921, -1.3848002177730279], [36.74946599861539, -1.3847962181418594], [36.749433997951606, -1.3847892187844537], [36.749409235439074, -1.3847871119831126], [36.74938699697882, -1.3847852191616092], [36.74931999559259, -1.384781219545612], [36.74930499528256, -1.3847812195508142], [36.74924999414163, -1.3847692206523639], [36.749209993309464, -1.3847532221095646], [36.74916902045738, -1.384737959500682], [36.74915899224881, -1.384734223841221], [36.7491199914332, -1.3847062263805467], [36.74908499069777, -1.384671229549979], [36.74905299002681, -1.3846432320868753], [36.74898298855979, -1.3845842374333857], [36.748872986277, -1.3845572399071135], [36.748824985283456, -1.3845532402845224], [36.74874298358317, -1.38453724175637], [36.74867598219829, -1.384537241779603], [36.74860498073077, -1.3845372418042228], [36.748549979593925, -1.3845372418232942], [36.74849997856051, -1.3845372418406319], [36.74849897853985, -1.384537241840979], [36.74849195139337, -1.3845334941814684], [36.74848397822707, -1.3845292425677973], [36.748404976585014, -1.3845022450307698], [36.74838597618404, -1.3844782472023849], [36.74836997584138, -1.3844432503651265], [36.74836197566001, -1.3843962546076505], [36.74836197564258, -1.3843452592081615], [36.748400976411745, -1.384237268937027], [36.74835397541606, -1.384166275357997], [36.74831497459806, -1.3841312785287918], [36.74825197328352, -1.384095281798028], [36.74822397269829, -1.3840762835216895], [36.74821411549178, -1.3840681972546498], [36.74818497188124, -1.3840442864218416], [36.74813797089921, -1.3840132892344632], [36.74808296975836, -1.384001290336081], [36.74803196869598, -1.3839772925186868], [36.74801196827606, -1.3839582942395718], [36.74799696795791, -1.3839342964096983], [36.74794596686624, -1.383824306350144], [36.7479219663407, -1.3837383141162112], [36.7478979658259, -1.3836833190858613], [36.747854964923796, -1.383644322618783], [36.74781196402545, -1.3836163251595432], [36.74778096337924, -1.3836003266135064], [36.74774896272057, -1.383608325902984], [36.74770596183588, -1.3836203248354246], [36.74766296095767, -1.383651322053918], [36.74763096029626, -1.3836513220650066], [36.74758536334876, -1.3836366404053349], [36.747571959070285, -1.3836323237993096], [36.747552958666574, -1.3836003266925119], [36.74750995776728, -1.3835693295039055], [36.74743495619693, -1.3835103348519746], [36.7473799550385, -1.3834473405540477], [36.747328953966985, -1.3833963451722728], [36.7472459522367, -1.3833533490798842], [36.74719495117851, -1.3833413501800096], [36.74713963803042, -1.3833271494802573], [36.747120949642465, -1.383322351919587], [36.747041948006796, -1.3833143526685632], [36.746947946074464, -1.383345349904733], [36.74690094510847, -1.3833613484777123], [36.74683394373142, -1.3833843464261366], [36.74676694235616, -1.3834123439236787], [36.74672394146735, -1.3834123439385764], [36.74670394104707, -1.3833923457495685], [36.74668616467104, -1.3833670070416704], [36.746656940052745, -1.3833253518096988], [36.746582938507245, -1.383278356075029], [36.7464799363618, -1.3832303604405247], [36.74647393621392, -1.3831603667569865], [36.74647393619482, -1.3831043718085794], [36.74645245873978, -1.383071851749751], [36.74643893545331, -1.3830513766015693], [36.7464269042027, -1.3830457911096068], [36.74641093487011, -1.3830383777839308], [36.74635393369636, -1.3830513766310102], [36.74634411349498, -1.3830560632116506], [36.74633193324517, -1.3830618756914521], [36.746309932794055, -1.3830723747519826], [36.74629190242721, -1.3830893432274212], [36.74627593210215, -1.3831043718771625], [36.74626938396751, -1.3831062137132466], [36.74624393144381, -1.3831133710763415], [36.74622493105213, -1.3831163708123766], [36.746190930341875, -1.3830943728086331], [36.74617577101463, -1.383053637488773], [36.746174929996485, -1.3830513766930097], [36.74616892985852, -1.3830103803934986], [36.746149929453786, -1.3829753835573073], [36.74611810578306, -1.382937596977177], [36.74611792877931, -1.3829373869961639], [36.746092928255116, -1.3829153889893875], [36.74607092778771, -1.3828783923345667], [36.74606492764769, -1.3828313965763175], [36.74604592723452, -1.382771401995229], [36.74599592617752, -1.3827024082366854], [36.74595492531265, -1.3826514128513954], [36.74589892414761, -1.3826294148552567], [36.7458509231391, -1.3825814192017516], [36.745821627534305, -1.3825836160137177], [36.74581092231331, -1.3825844189449674], [36.74576992146992, -1.3825964178766288], [36.745712920291716, -1.382596417896365], [36.74568192963877, -1.3825600601871437], [36.74565981317282, -1.382534112535608], [36.745637918711466, -1.382508425860473], [36.7456219183637, -1.3824584303762137], [36.74559391777846, -1.3824394320998294], [36.745561917111914, -1.382424433463986], [36.74551191606744, -1.3823924363678717], [36.74547626632098, -1.3823640819381178], [36.74546791514612, -1.382357439540312], [36.74543291441204, -1.3823264423487025], [36.74538291336801, -1.3822954451623732], [36.74535791282668, -1.3822234516657692], [36.74535791280417, -1.3821574576193312], [36.745335912334454, -1.382113461595956], [36.745319911974434, -1.3820274693590873], [36.74529191135815, -1.3819174792912448], [36.74525691060805, -1.3818394863393422], [36.74520990961236, -1.3817684927601133], [36.7451619086042, -1.3817214970163505], [36.74508390697176, -1.3816625023654026], [36.7450781308519, -1.3816609575068168], [36.74499790518637, -1.3816395044698204], [36.744934903882736, -1.3816355048524604], [36.74485990232976, -1.3816275056000045], [36.74477790063212, -1.3816195063500587], [36.74466389827571, -1.381619506389502], [36.74464674192003, -1.3816163876767937], [36.74461989736349, -1.381611507126408], [36.744509895089735, -1.3816115071644668], [36.744454893952934, -1.3816115071834965], [36.744384892495425, -1.381580510003966], [36.74435289182173, -1.3815445132624267], [36.74431789108628, -1.381509516431625], [36.74427089010287, -1.381474519605062], [36.74421588896973, -1.3814855186318662], [36.74417288809692, -1.381532514407134], [36.74411788698159, -1.3815955087432792], [36.74408071821073, -1.381588075426723], [36.744062885840954, -1.381584509754531], [36.7440388853312, -1.3815445133710613], [36.74399988451445, -1.3815135161808003], [36.74393288313369, -1.3815255151216366], [36.74386188168722, -1.3815875095535315], [36.743814880734476, -1.3816425046085032], [36.74379188028049, -1.3817054989336668], [36.74374487933866, -1.3817924911021782], [36.74374487936389, -1.3818664844270663], [36.74370887863991, -1.381925479117474], [36.74366987784838, -1.381968475252195], [36.743614876723775, -1.3820044720238358], [36.743571875846875, -1.3820394688816233], [36.74352487487129, -1.3820274699803239], [36.743461873566346, -1.3820194707237212], [36.74337087172346, -1.3821314606523725], [36.743347871263076, -1.382175456691345], [36.74333987111516, -1.3822264520936516], [36.74330087031546, -1.3822454503933315], [36.74323786901042, -1.3822374511367312], [36.74319886820331, -1.3822344514208622], [36.74311586648763, -1.382234451449591], [36.74308086576419, -1.382234451461706], [36.74303386479645, -1.382245450485749], [36.74298986389512, -1.382269448336021], [36.74294286293819, -1.382312444473511], [36.742883861718724, -1.3823124444939343], [36.74283686074586, -1.3823084448710443], [36.74281786032508, -1.382226452274331], [36.742833860637056, -1.38217145723009], [36.7428364806832, -1.3821478803561098], [36.74284086076031, -1.3821084629105547], [36.74280185993673, -1.3820574675244157], [36.7427348585371, -1.382014471426371], [36.74269585772827, -1.38200647216146], [36.742628856356596, -1.3820454686667203], [36.74259385565874, -1.3821204619135197], [36.74258985559483, -1.3821754569537017], [36.74255085483263, -1.382304445330795], [36.74251485410856, -1.3823634400212956], [36.74244085259906, -1.3824224347248606], [36.74235385078194, -1.3823674397161865], [36.7422988496359, -1.3823404421707235], [36.74223984839996, -1.3822924465209676], [36.742200847565805, -1.382210453931164], [36.74223584827731, -1.3821754570762255], [36.74229884956463, -1.3821314610233972], [36.74229884954724, -1.3820804656238423], [36.74225184856243, -1.3820414691580323], [36.74219284733731, -1.3820254706217217], [36.74213784620321, -1.3820334699190762], [36.74207884499728, -1.3820734663313625], [36.74200084339146, -1.382092464644457], [36.741960842552665, -1.3820574678154711], [36.74189084109101, -1.3820144717184548], [36.74185084026553, -1.3820184713714585], [36.74183121686248, -1.3820261206882019], [36.7417923150636, -1.3820412843337344], [36.741693837016165, -1.38200647250822], [36.74166683644713, -1.3819744754041001], [36.74165483618167, -1.381923480008685], [36.74160783520231, -1.3819004820995946], [36.74157283447751, -1.3818964824725453], [36.74151383324317, -1.3818534863717116], [36.74148583264571, -1.381798491342576], [36.74147483240049, -1.3817464960370152], [36.74147052130611, -1.3817310504318459], [36.741462832137856, -1.381703499919912], [36.741418831209586, -1.381648504896305], [36.74139183063407, -1.3815975095059747], [36.741328829290914, -1.3814775203521896], [36.741320829117676, -1.3814545224296841], [36.741289828478244, -1.3814585220795705], [36.74125382775287, -1.381513517130775], [36.74124682762415, -1.3815605128937103], [36.7412468276429, -1.3816155079325463], [36.74121482699201, -1.3816465051473015], [36.741179826274006, -1.3816625037161485], [36.74112882521701, -1.3816545044554691], [36.74109282446505, -1.3816315065425628], [36.74104982356665, -1.3816035090831245], [36.741010822751235, -1.3815765115320924], [36.74097582201824, -1.3815485140698844], [36.74092782101677, -1.381521516521964], [36.74088482011427, -1.3814815201450326], [36.740850484396404, -1.3814577093049023], [36.740822818818025, -1.3814385240452112], [36.740794818225936, -1.3813995275727893], [36.74077081770432, -1.3813245343463336], [36.74074781721283, -1.381277538593851], [36.74073581694465, -1.3812185439198927], [36.74075181726073, -1.3811755477930818], [36.740790818056375, -1.3811445505758957], [36.74081481854843, -1.381132551650015], [36.740829818853044, -1.381116553088172], [36.74084192809838, -1.3811021753809771], [36.74084581917728, -1.381097554796432], [36.74084551117069, -1.3810969398519621], [36.74084581917695, -1.3810965548866407], [36.74082581875018, -1.3810575584114417], [36.74081481851095, -1.381022561572381], [36.74080281825094, -1.380987564733666], [36.7407948180668, -1.3809325696975663], [36.74076681747719, -1.3809005725937542], [36.74072781666178, -1.3808735750427001], [36.740660815287335, -1.3809045722695712], [36.74061381431581, -1.380904572285823], [36.74055481308804, -1.380880574471057], [36.74054381285961, -1.3808775747454871], [36.74051581227272, -1.380853576920001], [36.74051581225944, -1.3808145804379646], [36.740562813194174, -1.3807065901635436], [36.74057881349382, -1.3806155983664652], [36.74057881346726, -1.3805376054022909], [36.740578813449886, -1.3804866100026605], [36.74050781196221, -1.3804276153490591], [36.74040580985102, -1.3804196161059836], [36.74033080830605, -1.3804356146886625], [36.74026880704701, -1.3805016087566917], [36.740216805990805, -1.3805566038135566], [36.74017208808379, -1.3806074142454088], [36.740150804652, -1.380631597071179], [36.740076803154004, -1.3807245887079012], [36.74003780234788, -1.3807245887213848], [36.73993980030706, -1.3806805927241743], [36.73994480038179, -1.3805966002995127], [36.73993480015028, -1.3805236068877396], [36.739855798510376, -1.3805036087190372], [36.73979679730413, -1.380542605221573], [36.73976279660124, -1.3805426052333265], [36.73972379578686, -1.3805186074116298], [36.73972879586847, -1.3804546131828783], [36.73979179713907, -1.3803616215499384], [36.73979679721218, -1.3802726295762084], [36.73977279668097, -1.3801696388753204], [36.73972879575304, -1.380115643761407], [36.73966879449098, -1.380051649555011], [36.73960079306179, -1.3799826558025035], [36.73949279080437, -1.3799096624245526], [36.739428789466444, -1.3798656664155446], [36.73936978823671, -1.3798356691419857], [36.73927678632101, -1.3798556673700504], [36.739251785839265, -1.3799586580879062], [36.7392077849481, -1.3800126532322414], [36.739153783840315, -1.380037650995882], [36.73912770330179, -1.380039162868456], [36.73908478241541, -1.3800416506588933], [36.739040781510965, -1.3800566493210684], [36.73897278010527, -1.380056649344566], [36.73883977737945, -1.380125643166629], [36.738795776478064, -1.3801496410169343], [36.7387217749385, -1.3801206436583557], [36.73868277411218, -1.3800616489937365], [36.73864277326529, -1.3800026543294601], [36.738574771844604, -1.3799586583218275], [36.73853477102121, -1.3799686574336611], [36.73851577064337, -1.3800126534713553], [36.7385057704584, -1.3800766477018727], [36.73849077016851, -1.3801356423851538], [36.738466769692444, -1.3801946370716325], [36.738363767594926, -1.3802876287184342], [36.73833157494043, -1.3803198178257838], [36.738314766598634, -1.3803366243154513], [36.73831394458161, -1.3803364493315056], [36.738313766577974, -1.3803366243157966], [36.73822076464871, -1.3803166261520072], [36.73815676331418, -1.3802826292410133], [36.73811776250113, -1.3802626310584694], [36.73807376159499, -1.3802726301716874], [36.7380047601921, -1.380341623971553], [36.73794675900812, -1.380385620022723], [36.737886757782796, -1.3804296160745837], [36.73785100104476, -1.3804326978090178], [36.73782875658553, -1.3804346156436802], [36.73782868558403, -1.3804345366508242], [36.73782775656486, -1.3804346156440261], [36.73779375584876, -1.3803956191736142], [36.73775475501903, -1.3803266254110726], [36.73774975489902, -1.380277629832622], [36.73774975488064, -1.38022363470348], [36.73772475434713, -1.3801746391320266], [36.73761175195508, -1.3800096540543387], [36.73752375010599, -1.3799216620224644], [36.737420747955, -1.3798576678308765], [36.73730774558569, -1.3797596767096054], [36.73725374445372, -1.3797136808775246], [36.73717474283495, -1.3797556771163804], [36.737106741463265, -1.3798556681197742], [36.737048740291165, -1.3799346610138836], [36.73696373854466, -1.379965658247093], [36.736913273496505, -1.3799513385562698], [36.736889737007786, -1.3799446601669245], [36.73686173641305, -1.3798981643709232], [36.73683273579781, -1.379851668575266], [36.736799735078215, -1.379741678508827], [36.73680426015706, -1.3796986993843694], [36.73681173528742, -1.379627688787574], [36.7368077351588, -1.3794927009660956], [36.7367197332995, -1.3793747116400983], [36.73663873159779, -1.3792947188841698], [36.7365907305911, -1.3792522227342205], [36.73657565827508, -1.379239150918691], [36.736541729563726, -1.3792097265847028], [36.73647472815586, -1.3791427326512382], [36.73639072639624, -1.3790747388139337], [36.73622172290267, -1.3790747388722866], [36.73609072017623, -1.379020743788311], [36.73595171728412, -1.3789657487972973], [36.735753713176656, -1.3789237526540552], [36.73557170939119, -1.3788557588505543], [36.7352347023994, -1.3787817656416983], [36.7350996996014, -1.3787607675824485], [36.734968696892025, -1.378756767988493], [36.73482969401133, -1.3787357699307097], [36.73475369243887, -1.3787317703176782], [36.73459768920371, -1.3787017730775237], [36.73453172782532, -1.3786580510443882], [36.73450868734379, -1.378642778430031], [36.734390684859946, -1.378511790286905], [36.734289682780755, -1.3785377879765948], [36.73422668149267, -1.378579784209967], [36.734082678518504, -1.3785877835380227], [36.73394367562802, -1.3785377880960092], [36.733901674735264, -1.3784657946048577], [36.7338806742682, -1.3783688033615011], [36.7337876723153, -1.3782798114213395], [36.73368667020898, -1.3782258163268324], [36.733572667840775, -1.3781918194329685], [36.733446665237324, -1.378195819115711], [36.73337466377605, -1.378275811924581], [36.73330666239881, -1.3783598043713372], [36.73325166127785, -1.378406800150935], [36.733150659184, -1.3783898017191898], [36.73299865603094, -1.3783578046580316], [36.732931654630164, -1.3783118088302337], [36.73285565303183, -1.3782318160724223], [36.732821652317405, -1.3781978191509479], [36.73277165127521, -1.3781728214231475], [36.73272465029475, -1.3781468237845163], [36.732694741667714, -1.3781213160958292], [36.73269064958195, -1.378117826412013], [36.73267864929781, -1.3780118359772526], [36.73258964739377, -1.3778228530555081], [36.73254764647792, -1.3776828656977622], [36.7324086435472, -1.3775148808990885], [36.73225664033186, -1.3772999003441144], [36.73223246681548, -1.3772510387601171], [36.73216363834542, -1.3771119173335074], [36.73212163742992, -1.3769729298854674], [36.732092636777324, -1.3768169439663092], [36.73209263675423, -1.3767489500998196], [36.73203763559145, -1.3766729569737355], [36.731952633817244, -1.376622961512953], [36.73187663223725, -1.3765969638842648], [36.73180963084642, -1.3765799654407287], [36.73170862875695, -1.37657596583635], [36.73165362760877, -1.3765429688318465], [36.73155262552416, -1.376552967964616], [36.73148462411392, -1.3765399691606075], [36.73142962296133, -1.3764939733286579], [36.73143362302668, -1.3764429779273935], [36.73142562283714, -1.376371984334154], [36.73140062231461, -1.3763549858760493], [36.73124861917627, -1.3763669848461584], [36.73118561787962, -1.376383983334408], [36.73115161718829, -1.376417980279474], [36.731122193582806, -1.3764262945395982], [36.73110561624174, -1.3764309791227685], [36.731104810225084, -1.376430925127912], [36.731104616221074, -1.3764309791231129], [36.73110091514441, -1.3764306651526836], [36.731074012587655, -1.376428872323707], [36.7310456149999, -1.3764269795041675], [36.73099961404587, -1.3764179803318481], [36.730948612988854, -1.3764099810710488], [36.73094365288603, -1.3764090731545813], [36.7308776115166, -1.3763969822679787], [36.730822610389716, -1.3764269795810073], [36.730807122071, -1.3764311792075967], [36.73076360917541, -1.3764429781582608], [36.730704607947175, -1.3764179804334968], [36.730674607318484, -1.3763929826987384], [36.73063260643602, -1.376350986501481], [36.73058660546322, -1.376286992289981], [36.7305486046563, -1.3762239979854296], [36.73049360349342, -1.3761480048593695], [36.73045960277052, -1.3760890101927077], [36.73044660247461, -1.3760090174129818], [36.730407108647775, -1.375978427185935], [36.73040760165778, -1.3759780202225302], [36.7303756009881, -1.3759540223982456], [36.73030759956663, -1.3759080265707349], [36.73022759790396, -1.3758820289433864], [36.73016459658151, -1.3758230342867839], [36.730046594127096, -1.3757790382959907], [36.73005859433066, -1.3756480501076098], [36.73006943954756, -1.3756265210458911], [36.730126595690706, -1.375513062260745], [36.73016859651897, -1.3753950728894715], [36.730034593694434, -1.3752350873670167], [36.72990259093869, -1.375156094537997], [36.729765588102936, -1.375146095487092], [36.72961858510874, -1.3752780836317997], [36.729491582525874, -1.3754040723108336], [36.72938058024528, -1.37544606856082], [36.729217576879165, -1.375457067624718], [36.72906457371065, -1.3754410691205456], [36.72897457182321, -1.3753620762770633], [36.72889057003297, -1.3752040905569387], [36.7288005681312, -1.3750831015016503], [36.72845556089898, -1.3747891281379454], [36.72835655884586, -1.3747701298856687], [36.72812655405042, -1.3746511406980901], [36.72795455044967, -1.374519152663061], [36.72782254769388, -1.3744401598338474], [36.727671544536506, -1.3743351693563017], [36.727519541375976, -1.3742821741889846], [36.72731553712483, -1.3741831831884388], [36.727177534247055, -1.3741101898201304], [36.72704553148008, -1.3739981999673134], [36.72687352789532, -1.3739132076930851], [36.72670552438705, -1.3738102170408122], [36.72661052240166, -1.373747222755759], [36.72651052031961, -1.373704226668498], [36.72642551855513, -1.3736832285918454], [36.726320516364666, -1.3736252338592148], [36.726278515471584, -1.3735522404578342], [36.72627851542857, -1.373425251912465], [36.72626251505468, -1.3732982633725856], [36.72625651490053, -1.3732092714019217], [36.72625151476129, -1.3731032809642194], [36.72626251496731, -1.3730402866426805], [36.726272515141915, -1.3729452952076127], [36.726256514793526, -1.3728932999031487], [36.72616251281968, -1.3728033080528987], [36.72598850921853, -1.3727923091048857], [36.72579850526356, -1.3727133162954106], [36.72566650252028, -1.3726713201289686], [36.72554549996618, -1.3725163341504818], [36.72544549788413, -1.372473338063142], [36.725344495792655, -1.3724633389997434], [36.725276494359996, -1.3723843461484018], [36.725239493564516, -1.3722943542785075], [36.72524949372662, -1.3721623661805589], [36.72517749220215, -1.3720563757656752], [36.72501948889996, -1.371951385290291], [36.72491348666141, -1.3718123978633499], [36.72486148555514, -1.3717204061789543], [36.72480148428125, -1.3716214151286878], [36.7247094822854, -1.371344440143569], [36.724630480605434, -1.371206452617168], [36.72457147934325, -1.3710814639114859], [36.72454447874283, -1.37095647519472], [36.72451847818296, -1.3708904811562708], [36.724439476522946, -1.370811488308576], [36.72429447351151, -1.3707714919659775], [36.72416947091838, -1.370745494353921], [36.724010467626194, -1.3707314956711536], [36.72389846531062, -1.3707314957095786], [36.72376046245738, -1.3707314957569248], [36.723622459602204, -1.370725496345368], [36.72353645782174, -1.3707184970062567], [36.723433455683384, -1.3706924993865557], [36.72335345401217, -1.370641504013724], [36.72331145313669, -1.3706205059221925], [36.72327745241246, -1.370557511615946], [36.723270772269544, -1.3705433658941601], [36.72327045226295, -1.3705435128810235], [36.72324345168511, -1.370485518121384], [36.72320145078842, -1.370401525711841], [36.72315944989132, -1.3703165333924892], [36.72312944924968, -1.3702535390848523], [36.72306244783744, -1.3701735463231646], [36.72302044694339, -1.3700975531920203], [36.72296944586196, -1.3700175604248328], [36.72291844478618, -1.3699545661243793], [36.72286844372947, -1.3698865722744737], [36.722809442486984, -1.3698195783374527], [36.72275844141256, -1.3697605836761981], [36.72253543677254, -1.369673591599235], [36.72243843475997, -1.3696525935265293], [36.72237943352584, -1.369610597334749], [36.722315432195536, -1.369589599250728], [36.72224843081023, -1.369589599273695], [36.72216342906401, -1.3696225963265216], [36.722067427102075, -1.3696905902264158], [36.72196942510294, -1.3697705830448137], [36.7218734231366, -1.3698255781172646], [36.72178442132079, -1.3698975716539725], [36.72172542010801, -1.3699185697802483], [36.72165341861935, -1.3699185698049345], [36.721598417467966, -1.369876573611785], [36.72160241751798, -1.3697795823589511], [36.72160971665539, -1.3697396579575574], [36.72161941783804, -1.3696865907407798], [36.72164541835257, -1.3696185968648733], [36.7216534184954, -1.3695516029048496], [36.721632418038276, -1.369483609044959], [36.72160241739673, -1.3694206147372565], [36.72159822730714, -1.3694121075060377], [36.72156941669174, -1.3693536207912749], [36.72153941605704, -1.3693106246797293], [36.72149341509607, -1.369281627311095], [36.72147598773187, -1.369270163351037], [36.72145541430201, -1.3692566295788449], [36.72137541263506, -1.3692186330334477], [36.721286410786135, -1.369192635408868], [36.721155408074885, -1.3691846361753275], [36.72108840668661, -1.3691756370099626], [36.72100440493428, -1.369129641187496], [36.720957403945306, -1.3690786458033284], [36.72091140295439, -1.3689606564614945], [36.72092140312531, -1.3688546660181142], [36.72092140311316, -1.3688186692649837], [36.720921403112484, -1.3688166694453752], [36.720921403103034, -1.3687886719706788], [36.72091540291253, -1.3685916897400368], [36.72091540286293, -1.3684447029978941], [36.7209024025614, -1.3683477117506853], [36.7208644017373, -1.3682337220453509], [36.72082240083617, -1.3681367308080559], [36.720607396331765, -1.3679617466647607], [36.720455393144846, -1.3678307585316365], [36.72027038927994, -1.367712769237165], [36.720029384240036, -1.3675437845615912], [36.71988138114716, -1.3674467933604997], [36.719864272788996, -1.3674336105553742], [36.71977237886517, -1.3673628009736087], [36.71963737605535, -1.3673078059801453], [36.719510373421, -1.3672828082783741], [36.71942237160149, -1.3672828083084865], [36.71935037011279, -1.3672828083331239], [36.719249368024556, -1.3672828083676847], [36.719181366618535, -1.3672828083909527], [36.71911436523452, -1.3672868080531024], [36.719063364189836, -1.3673158054550973], [36.71899636280886, -1.3673288043055871], [36.71889036061582, -1.3673248047026363], [36.7188573599278, -1.367307806247053], [36.7187933585832, -1.367244811950831], [36.7187051407315, -1.3671623874154148], [36.718877818199914, -1.3668602346093726], [36.718528850820014, -1.36637173478934], [36.7184816428379, -1.3663538304203175], [36.71821787035042, -1.3662537895338214], [36.71820651510483, -1.3662218874150647], [36.718128704422405, -1.3660032841586842], [36.71784633831702, -1.3652099958057577], [36.717375328459454, -1.3648570278023426], [36.71613930235825, -1.363238174234518], [36.715277646310376, -1.3625489266933657], [36.714814274604784, -1.3621782702815577], [36.713931256060064, -1.361325347508813], [36.713195240525245, -1.360383432711365], [36.71229348471648, -1.3598980467951853], [36.712047216579755, -1.359765488834286], [36.711400203121876, -1.3595295103371754], [36.710576185811874, -1.358720583573576], [36.70892715161401, -1.3584256107372177], [36.70657210224512, -1.3564247919845873], [36.70474706360025, -1.3537170368015068], [36.70320093718826, -1.3524015649579635], [36.70330603343148, -1.352611137022626], [36.70227401211006, -1.3526731317810978], [36.69667745144963, -1.35291456390229], [36.69635877493798, -1.3531518746092233], [36.69603488331984, -1.3533930689676539], [36.69587735906277, -1.353395335816564], [36.69563087505672, -1.353670044126483], [36.69482785848155, -1.3537680355614305], [36.69431084779879, -1.3537980330312906], [36.69412184387977, -1.3537680358004744], [36.69411883781711, -1.3537664709426611], [36.694122273888524, -1.3537674828501491], [36.694311281807614, -1.3537974780811435], [36.69388648789733, -1.3534239859068968], [36.69047112025854, -1.3504210888605954], [36.69039602567603, -1.3503326638598896], [36.690216355888964, -1.3501194991432826], [36.68988584892264, -1.3497273786152229], [36.689855094086724, -1.3491263228269859], [36.68979909069646, -1.3484284477777948], [36.6897430883246, -1.347785563769503], [36.68973011400939, -1.34764447949622], [36.68971209957178, -1.3474485841673227], [36.68968455590268, -1.347149059186406], [36.68967808474549, -1.3470786915339636], [36.68963208270999, -1.3468257373596906], [36.689585080711986, -1.3467477514078556], [36.6889750548556, -1.3460268816175553], [36.68837603021845, -1.3452810160769155], [36.688047016274076, -1.344861092053629], [36.68799528118245, -1.3447957729610853], [36.687957758390645, -1.3447483972457186], [36.687872940600826, -1.3446413089307652], [36.687872006581046, -1.344640133037105], [36.68751099296369, -1.3441862140897352], [36.68711013049693, -1.343656513988936], [36.68710997649375, -1.343656310007364], [36.686860965255896, -1.3433923578921019], [36.68679196278827, -1.3432703799143213], [36.6866769572034, -1.342647492119917], [36.68655795245959, -1.3417936461521913], [36.68655095121534, -1.341492700291054], [36.68653095073429, -1.341288736689299], [36.68651194912947, -1.3406478524844456], [36.68645494687944, -1.3404328908866388], [36.68644700770546, -1.3404031805683079], [36.68620593542127, -1.3395010589931295], [36.685625818931626, -1.3380136953010893], [36.68532189738849, -1.337234468663869], [36.685316880280425, -1.3372213588476969], [36.68495564887167, -1.3374125137324466], [36.68486364691468, -1.3372485285493723], [36.68470823861431, -1.3369881100826129], [36.684610641541724, -1.3368245668614391], [36.6838955438577, -1.3371505457080015], [36.683194560463505, -1.3374700911298802], [36.683136611273554, -1.3374965067674027], [36.68228759299123, -1.3353077044075066], [36.68222859171291, -1.3351317202948048], [36.68211958936978, -1.3348627445834924], [36.682073588385066, -1.3347617537046927], [36.68201858720583, -1.3346357650828715], [36.68193458539799, -1.3344217844044164], [36.68193431139207, -1.3344210984663876], [36.681696580279024, -1.333825838217032], [36.68136014909323, -1.3331358185442042], [36.681292055644704, -1.3330138255662765], [36.68126772612707, -1.3329702395042107], [36.68126493806681, -1.3329622272276036], [36.68126757112416, -1.3329709154433738], [36.681068566819924, -1.3323989670785332], [36.68086956253678, -1.3318910129434807], [36.68068555858503, -1.331447053033298], [36.68051055482274, -1.331013092218523], [36.68040355252514, -1.3307561154236465], [36.68036755175254, -1.3306711230986785], [36.68024954921757, -1.3303841490120822], [36.680249518216904, -1.3303840770185777], [36.67996954321393, -1.3297382073441355], [36.679862541015964, -1.3297852031425859], [36.67913252602625, -1.330124172823418], [36.6783595101457, -1.330459142879141], [36.677582494183184, -1.3307971126659437], [36.6768564792693, -1.3311160841486707], [36.67662047442923, -1.331244072687534], [36.676394469696376, -1.3310680886297839], [36.67590445943664, -1.3306921226902535], [36.6756053541778, -1.3304743524239862], [36.67538944866002, -1.33031715666869], [36.674769451684284, -1.3298591461691815], [36.67429442574265, -1.329508229965612], [36.6734074071855, -1.3288742874160873], [36.67273639313957, -1.3283713329846965], [36.672362385311175, -1.3280923582607689], [36.672304384098865, -1.328054361705687], [36.67211738018543, -1.3279173741183299], [36.67211750218792, -1.3279172711275662], [36.67226238314526, -1.3277953850684183], [36.67224538276244, -1.3277003936383303], [36.67202737814733, -1.3273784227388346], [36.671801373389215, -1.3271254456215298], [36.671714371529895, -1.3269434620575706], [36.67172337167029, -1.326803474675498], [36.67176637252295, -1.3266904848480428], [36.67187137466413, -1.3265954933773227], [36.67196637660959, -1.3265344988449161], [36.672079378944396, -1.326525499618841], [36.67217538092481, -1.326508501119465], [36.67224538234161, -1.3264125097505952], [36.67225338248714, -1.3263515152470355], [36.67186037417005, -1.3257795669422847], [36.67178737260737, -1.3256185814802541], [36.671805372926194, -1.3254545962586015], [36.67211972237702, -1.325294567582017], [36.67344740662247, -1.3246186710784742], [36.673233402164016, -1.3245226798035759], [36.67305239838863, -1.3244276884274928], [36.672613389231124, -1.3241957094870398], [36.672297382641055, -1.3240337241955058], [36.67156236732104, -1.3236827560803355], [36.67087635301967, -1.323346786596542], [36.670071336222684, -1.322907826436941], [36.66921631839577, -1.322482865031523], [36.669067315287066, -1.3224028722924446], [36.66841730172982, -1.322065902886171], [36.66826558356797, -1.3219948863385587], [36.668009168223925, -1.321874247299298], [36.66767815431979, -1.3217022779121497], [36.667630152317926, -1.3216752833616234], [36.66707712879277, -1.3214173297994125], [36.66635809881034, -1.3210893896014004], [36.66584707713223, -1.3207644480641738], [36.66525205273028, -1.3204824996786357], [36.66500604258562, -1.3203135299925883], [36.66452938265737, -1.3201087226134534], [36.664529022649845, -1.320108567627532], [36.66446401927154, -1.3200055859328559], [36.66454302287581, -1.319912602289359], [36.66462302648809, -1.3197806261606067], [36.66465202706413, -1.3197066398209538], [36.664654765119316, -1.3197022802130665], [36.66470602915339, -1.319620655554744], [36.664738030794105, -1.31955466649309], [36.664834603753256, -1.3194353112211474], [36.66493703883145, -1.3193087116003706], [36.66494703902375, -1.3192637196531174], [36.664942038913736, -1.3192437224575517], [36.66492962165094, -1.3192256730888174], [36.6653232365125, -1.318357238248465], [36.66552024046633, -1.3179812720767523], [36.66557224151389, -1.3178942799019209], [36.66561024227221, -1.3178082876415511], [36.665696243980044, -1.3175883074443102], [36.66572324449715, -1.3174603189734666], [36.665765245316805, -1.317308332661116], [36.66580672212183, -1.3171447743920564], [36.66585424704432, -1.31695736427128], [36.66615725303019, -1.3160844428642553], [36.66631425613124, -1.3156304837362574], [36.666554102938335, -1.3151517968100768], [36.66666417929711, -1.3154033720948306], [36.66732960568425, -1.3142310835554034], [36.66899447297919, -1.3106785882539775], [36.66901727043148, -1.3106185746564678], [36.66919723503033, -1.3102335963015366], [36.66905051696922, -1.310153534566711], [36.669090311767164, -1.3100749836347312], [36.66959232183667, -1.3090950718042524], [36.6696543230787, -1.3089690831412022], [36.66982032640118, -1.3086221143641426], [36.66993932879346, -1.3084061337946804], [36.67007633153719, -1.3081251590780067], [36.67033133665417, -1.3076332033414737], [36.67069834400662, -1.3068872704624521], [36.67095634920151, -1.3064443103081251], [36.671188435035496, -1.3065459960660328], [36.671684364364786, -1.3067632813171812], [36.67199037074608, -1.3069212669758428], [36.67229637713096, -1.307090251642902], [36.67247338082121, -1.3071792435629783], [36.672593383325015, -1.3072452375748445], [36.672674385011284, -1.3072782345739569], [36.672773387074805, -1.3073262302150537], [36.67287138911757, -1.3073742258564733], [36.6729243902237, -1.3074042231350658], [36.67323139662945, -1.3075742077116117], [36.67337739967395, -1.3076492009036533], [36.673528106822104, -1.3077440803015623], [36.67356640362218, -1.3077681901156248], [36.67362040476724, -1.3078551822560978], [36.67375840761085, -1.3078201853657963], [36.67429341862851, -1.3076651991620332], [36.67443542155644, -1.3076352018197175], [36.67481842945119, -1.3075472096265477], [36.67500943340915, -1.3075682076712953], [36.67527943902676, -1.3076681985692833], [36.67554444453839, -1.3077601901900304], [36.67563544644083, -1.3078221845718523], [36.67563644646248, -1.307825184301096], [36.67726347904248, -1.3044774855454826], [36.67764848695526, -1.304317499841553], [36.678909511999585, -1.3010737918261963], [36.67981953080694, -1.3010217962170854], [36.68013253727317, -1.300995798458813], [36.68015253768629, -1.3009937986325868], [36.680412543069906, -1.301010797015641], [36.68043654353659, -1.300917805390287], [36.68048654444718, -1.3005318401655548], [36.681252560012275, -1.2996579186928485], [36.68132756153973, -1.2995829254284532], [36.68144856402406, -1.2995249306168386], [36.68169956919011, -1.2994439378360054], [36.68170031720983, -1.299457297631537], [36.68171405357254, -1.2997025595188643], [36.681720569744584, -1.2998189040293504], [36.68176057062667, -1.299989888603606], [36.68182057193726, -1.3002068690251896], [36.68194057450753, -1.3004818441993913], [36.68194770165803, -1.3004912583485344], [36.682130578518105, -1.3007328215141163], [36.682231580645755, -1.3008528106651835], [36.68236658347569, -1.3009698000755954], [36.68257058775216, -1.3011467840554818], [36.68284559349181, -1.3013067695445264], [36.683096598718954, -1.3014167595480157], [36.68341360530579, -1.301509751062398], [36.68379161315892, -1.3016167412949324], [36.68423762242373, -1.3017397300632239], [36.68459562985889, -1.3018337214739537], [36.68497363769204, -1.3018787172948112], [36.68512064073456, -1.3018847167061085], [36.685229642932036, -1.3017067327147283], [36.68542764694036, -1.3014347571670244], [36.68553564911587, -1.3012527735365043], [36.68557264985679, -1.3011767803747436], [36.685699765410604, -1.3009413735536448], [36.685714652709684, -1.300913804034028], [36.68580965461705, -1.3007338202274168], [36.68583465511518, -1.300674825537149], [36.68601665876314, -1.3003108582869511], [36.686091660270236, -1.3001728707011613], [36.68622866300272, -1.299856899139132], [36.68631866480888, -1.2996839147029933], [36.68640126846685, -1.2995259289174108], [36.68649066826093, -1.299353944391392], [36.686551669476856, -1.2992109572607062], [36.686668671797996, -1.2989019850740553], [36.686748673415245, -1.2987849955938013], [36.686753877519756, -1.2987750014929689], [36.68681167467968, -1.2986640064794441], [36.68682363191537, -1.2986276417535494], [36.68685967562577, -1.2985180196233528], [36.68695867761432, -1.2983330362658645], [36.68698806720527, -1.2982802600137269], [36.68700767859966, -1.2982450441817837], [36.68703054105512, -1.2981905330880004], [36.68705967963561, -1.2981210553413869], [36.687109680634904, -1.298012065149632], [36.68714668137531, -1.2979340721680406], [36.687164175728824, -1.297908220492658], [36.68725968365913, -1.2977670871835474], [36.68739068632171, -1.2976201003906886], [36.68744468741596, -1.2975491067725964], [36.68747868808658, -1.2974471159551229], [36.68748168811697, -1.2973481248772856], [36.68748168810131, -1.2972991292938254], [36.68763654217999, -1.296910315291587], [36.68766169168003, -1.296847169975319], [36.6876986924162, -1.2967561781654], [36.68770812861228, -1.2967590849003883], [36.688659712387576, -1.2970521511745123], [36.68880671544792, -1.2971141455385637], [36.68885771651168, -1.2971421429983032], [36.68924872464554, -1.2972881297120227], [36.6902597456766, -1.2976650954036666], [36.69241179020185, -1.2977150901985164], [36.69259679406002, -1.2978150811250473], [36.69285279947085, -1.2981780483230962], [36.69349481280806, -1.2983630314397123], [36.69366973744843, -1.2984340339824312], [36.69920993174564, -1.3006828204652476], [36.700109950401824, -1.3008188079136749], [36.70073934247025, -1.3009828829180237], [36.70073967147711, -1.3009829689101722], [36.70125297413511, -1.3011167806803576], [36.7017399842704, -1.301316762494066], [36.70233199659101, -1.3015597403974308], [36.702745005191495, -1.3017457234970162], [36.70274566320517, -1.3017460614663627], [36.70274600521217, -1.3017457234966905], [36.703038289304835, -1.3018964318154085], [36.70360702315966, -1.3021886832842422], [36.70387439374039, -1.3023497316788795], [36.70418803528682, -1.3025386515458184], [36.70448404150008, -1.302825625579004], [36.70466314725435, -1.302983003333133], [36.70474804703396, -1.3030576045801723], [36.70474904705495, -1.3030586044897878], [36.70475004707595, -1.3030596043993141], [36.70488804996862, -1.3031805934472245], [36.705164055753876, -1.303422571543078], [36.70552206321839, -1.3036135542092926], [36.70589507098416, -1.3037765393945184], [36.706440082330325, -1.3040135178530614], [36.70729910016362, -1.3042314979217715], [36.707928113195315, -1.304308490775512], [36.7079282371977, -1.304307878830677], [36.70814373731211, -1.3032445156230388], [36.708220118770505, -1.3028676205753174], [36.708233118994386, -1.3027276331908884], [36.70825911943693, -1.3024316598643535], [36.70838212180586, -1.3018877088611016], [36.708420122536076, -1.301714724443213], [36.70850512416001, -1.3012977620042607], [36.70853812478915, -1.3011317769569135], [36.708554125093464, -1.3010487844333518], [36.708642126772105, -1.3006088240665414], [36.70869012769443, -1.3003898437916466], [36.70873212847034, -1.300100869828462], [36.70875512889687, -1.299947883612441], [36.70877112921402, -1.299904887483249], [36.708780129395905, -1.299891888652131], [36.7087841294645, -1.2998478926169865], [36.70880512986123, -1.2997309031565192], [36.708844130587316, -1.2994799257689245], [36.708850130678044, -1.2993759351415033], [36.70887513112875, -1.2991689537922695], [36.708886131292516, -1.2989699717263954], [36.70888813129289, -1.2988419832635494], [36.708888131271124, -1.298773989393073], [36.7088881312708, -1.2987729894831292], [36.70887908207627, -1.2987499915593215], [36.708864130755046, -1.2987119949894321], [36.708859696648304, -1.2986649992274297], [36.70885917263564, -1.2986594487279468], [36.70885913063462, -1.2986589997684848], [36.70886813078364, -1.2985430102216848], [36.70887413085902, -1.2983910239208045], [36.70887613087542, -1.2983130309510178], [36.708891131151034, -1.298205040681172], [36.70889513120853, -1.2981260478007821], [36.70892313176793, -1.2980650532901654], [36.70892313175513, -1.2980250568956897], [36.708923131754815, -1.2980240569858341], [36.70892313174266, -1.2979860604111566], [36.70892313174233, -1.2979850605013012], [36.708914131534215, -1.297916066723764], [36.70891013142529, -1.2978340741163907], [36.70890815736459, -1.297771887722932], [36.7089081313638, -1.2977710797957942], [36.70891213143689, -1.2977410824986553], [36.70894613212521, -1.2976950866339976], [36.70895713234438, -1.297669088974006], [36.70896413247118, -1.2976130940194703], [36.708986132898005, -1.2975251019445064], [36.708991133002, -1.297527101762594], [36.709468142935634, -1.2977460818673983], [36.71027715978195, -1.298114048433652], [36.71066719490527, -1.2982965388558414], [36.71069816855035, -1.2983110305394352], [36.711104177004806, -1.2984960137317711], [36.711617187684844, -1.2987219931934708], [36.7120181960361, -1.2989079762971463], [36.712370872380575, -1.2990706475179357], [36.71266420948929, -1.2992059492253372], [36.712869213757614, -1.2992979408657404], [36.713197220584824, -1.2994389280492993], [36.71361722933402, -1.299640909704291], [36.71375223214721, -1.2997089035308298], [36.714341244410925, -1.2999738794517315], [36.714626250345894, -1.3001048675505793], [36.715090801020054, -1.3003198220212582], [36.715190262091376, -1.3003658438401056], [36.715474268004805, -1.300494832119304], [36.715623271106566, -1.300559826211629], [36.71603027957961, -1.3007398098535354], [36.71636228649269, -1.300890796133929], [36.71684829661104, -1.3011077764147643], [36.71714330274969, -1.3012297653213374], [36.7174673094841, -1.3013397553000499], [36.71774531526258, -1.3014347466458678], [36.718191324531034, -1.301580733339766], [36.718567332342076, -1.301695722850792], [36.718951340313716, -1.3017957137112504], [36.71946535098282, -1.3019257018250898], [36.7202483672309, -1.3021096849834595], [36.72089338061349, -1.3022556716121658], [36.72138003771063, -1.3023662364858033], [36.72173839814581, -1.3024476540289363], [36.72226001897256, -1.3025796059629906], [36.722406412011026, -1.3026166385766929], [36.722890422054654, -1.3027316280521917], [36.72358943656808, -1.3029236105162132], [36.724143448060985, -1.3030455993378067], [36.723933443611074, -1.3027086297854165], [36.7246514585306, -1.3029426084571631], [36.725387473805824, -1.303125591720328], [36.72541061128519, -1.3031288844159359], [36.72617449011237, -1.3032375813672425], [36.72617675615919, -1.3032374813755099], [36.72617745917374, -1.303237581366274], [36.72687947367695, -1.3032065839318276], [36.72762648907984, -1.3030805950466129], [36.72900351743772, -1.3027396253376107], [36.72965753090543, -1.3025756399084616], [36.7310967925437, -1.3022173607398146], [36.73111474593459, -1.3022789081851671], [36.73113859245384, -1.3023606588071557], [36.73129384886854, -1.3029993821720693], [36.73130459610492, -1.3030435971823402], [36.7314615994576, -1.3033765671118218], [36.73161660274284, -1.303628544343996], [36.73172460507008, -1.3039225178051388], [36.73179460657596, -1.3041055012851595], [36.7318104979428, -1.3042245015511968], [36.73184160766087, -1.304457469537385], [36.73185505199801, -1.3046416709260062], [36.731897609052496, -1.3051844039807563], [36.73190460724097, -1.305320667693272], [36.731905609266114, -1.305334390455715], [36.73192294273047, -1.3056636857616293], [36.73193461004303, -1.3058853407738336], [36.731946610485686, -1.3064892863193702], [36.73197782922504, -1.3067809270152626], [36.73201661214357, -1.307143227338017], [36.73203961283728, -1.3078201662983877], [36.73209261406104, -1.3082171304908718], [36.7321896161073, -1.3083441190098921], [36.73228261805015, -1.3084071132999422], [36.73236261971586, -1.3084441099381692], [36.73270662679179, -1.308334119742128], [36.73368664694357, -1.308002149351498], [36.73383765004611, -1.3079431546210032], [36.733984653069996, -1.3078971587198578], [36.73398665311109, -1.3078961588093603], [36.7344726631084, -1.3077431724433908], [36.73467366724286, -1.3076791781473245], [36.73482867043376, -1.3076381817927814], [36.73507767555335, -1.3075521894643012], [36.73541168242037, -1.307436199812558], [36.73563068692332, -1.3073612065022624], [36.736050695561225, -1.3072242187156122], [36.7361126968365, -1.3072042204983876], [36.73635070173054, -1.3071242276325867], [36.73661570717949, -1.3070342356595333], [36.73707671666355, -1.3068932482200435], [36.73757872700832, -1.3067932570709504], [36.73772773007875, -1.3067632597267569], [36.737963734952565, -1.306749260911662], [36.73806673707856, -1.3067392617795408], [36.73824074065634, -1.306680267041488], [36.73841674427535, -1.3066212723029615], [36.73869374998329, -1.3065652772608316], [36.738754751239924, -1.3065522784128412], [36.73895575538161, -1.306511282043298], [36.73943976535024, -1.3063992919820508], [36.739487766338954, -1.3063882929579107], [36.73960776881171, -1.3063642950823633], [36.74002677744596, -1.3062813024279898], [36.74056278849258, -1.3061793114480997], [36.74074779230402, -1.3061403149035864], [36.74096179671272, -1.3060943189805203], [36.74106979893769, -1.306071321018751], [36.74150780795879, -1.3059703299808756], [36.74161481016243, -1.3059453321997536], [36.74214482109187, -1.305865339238574], [36.74260583059088, -1.3057723474720297], [36.742710832754454, -1.3057513493308468], [36.743143841662636, -1.305621360909074], [36.74320784297946, -1.3056023626010724], [36.74360385111512, -1.305448376355128], [36.74379885511994, -1.3053683835035277], [36.74384685610635, -1.3053503851106008], [36.74405786045025, -1.3052963899098318], [36.74496487908028, -1.3049324224288612], [36.745320886394865, -1.3047964345732814], [36.74599590027389, -1.3045704547272183], [36.746845917743826, -1.304263482126246], [36.746890918668775, -1.3042474835539943], [36.74750493128411, -1.3040135044491203], [36.74764893424275, -1.3039585093604549], [36.74824878656977, -1.3037381430329689], [36.74818394530988, -1.3039875065714028], [36.748274947229, -1.3041064958135087], [36.74833794856874, -1.3042234852449737], [36.74832094826855, -1.30438247091624], [36.748290947702245, -1.3045494558705542], [36.748274947431746, -1.3047364390171827], [36.74830394815606, -1.3051244040282013], [36.74830794834884, -1.3054663731943654], [36.74833294895578, -1.3057463479432285], [36.74832894897397, -1.3060593197263268], [36.74828294830623, -1.3069372405858908], [36.748277948386665, -1.307507189199295], [36.74829294882414, -1.3079021535831947], [36.74832994963022, -1.3080301420311273], [36.74839895109244, -1.3081421319111466], [36.74850895339832, -1.3082421228595709], [36.748636956071266, -1.3083271151543323], [36.74884196033446, -1.3084081077845862], [36.74909796564405, -1.3084651025618224], [36.74914289457538, -1.3084736377775241], [36.74919796771696, -1.3084841008160626], [36.749653977113965, -1.3083981084201135], [36.7520610265882, -1.3075501840837283], [36.75278104138638, -1.3072942069279163], [36.75337805366069, -1.3070952246734469], [36.75358705796491, -1.307048228842371], [36.75366705961543, -1.3070392296275497], [36.753705060406226, -1.3070562280824412], [36.753723060790875, -1.3070952245604914], [36.75448307692684, -1.3084241044933922], [36.754528077882036, -1.3085020974463522], [36.7559081071512, -1.3108188880971343], [36.75590887516753, -1.3108203389660926], [36.75641811800311, -1.3117828010158097], [36.75695812942668, -1.3125967274478636], [36.75710013240119, -1.3127197163113682], [36.75797115051498, -1.3130696844685663], [36.75928617769389, -1.3130786832244943], [36.7602711980468, -1.3130696837119815], [36.76085886722431, -1.3131721892756671], [36.76086381632691, -1.3131730521963005], [36.76108521491459, -1.3132116706411343], [36.76170022765755, -1.313315661061999], [36.762353241069285, -1.3130606838385852], [36.763073255794566, -1.312586726338608], [36.76351826483116, -1.3120947705519848], [36.764388282674815, -1.3116788077734112], [36.764805291255016, -1.3115648179148078], [36.765278300977606, -1.3114048321852774], [36.76563830836139, -1.311233847484739], [36.76613031848231, -1.3110918601259778], [36.766518326469566, -1.3109978684737764], [36.76675533136088, -1.310978870109028], [36.767020336799966, -1.3108648803004288], [36.767465346001536, -1.3108838784411558], [36.76796635639391, -1.3110068671865955], [36.76847636704724, -1.311361835011414], [36.76871437209864, -1.3117737977860866], [36.76920738254299, -1.3125677260343502], [36.769782394751076, -1.3135756349597534], [36.771823632629584, -1.3126532824588948], [36.77185143719991, -1.3126407185826903], [36.77167643347903, -1.312316747853483], [36.771635432602345, -1.3122257560718293], [36.7715524308264, -1.3120377730499366], [36.7713914273686, -1.3116328096191547], [36.77136142673285, -1.3115838140470621], [36.77133542617187, -1.3115108206375432], [36.77125542446449, -1.3113428358113333], [36.771209423473856, -1.311218847006653], [36.77109242098475, -1.3109978669711655], [36.77103841982556, -1.310863879070766], [36.77099841896536, -1.3107598884608604], [36.770907417043624, -1.3106319000315716], [36.77083941561951, -1.3105729053735111], [36.77081341507189, -1.3105409082672732], [36.770715413006776, -1.3104169194795783], [36.77065141162775, -1.310241935279032], [36.77065141159639, -1.3101449440248436], [36.77065041154888, -1.3100619515086187], [36.770851415693784, -1.3100359537868347], [36.77111242107941, -1.3100129557749376], [36.77126342419035, -1.3099849582499077], [36.771387426734826, -1.3099299631681147], [36.7715244295395, -1.3098489704263474], [36.771658432272105, -1.309736980480521], [36.77173843389793, -1.3096529880278789], [36.77168443280054, -1.309709982906357], [36.77175143430042, -1.3100669506964102], [36.7717774348697, -1.3101659417617029], [36.77180343543889, -1.3102649328270768], [36.77179343526175, -1.3103559246256153], [36.771820435843196, -1.3104289180347728], [36.77185243656586, -1.3106189008933047], [36.771859436717655, -1.3106408989074627], [36.77187243699956, -1.3106818952065256], [36.77193943841464, -1.3107768866189788], [36.77201043990793, -1.310857879292479], [36.7720594409428, -1.310926873055054], [36.77207844134151, -1.3109458713357722], [36.772232444575394, -1.3111058568590421], [36.77228444566988, -1.3111678512518001], [36.77230044600792, -1.31119084917282], [36.772345446958774, -1.3112558432973638], [36.77245644931615, -1.3114528254986042], [36.772490450033864, -1.3114998212497135], [36.77253845104702, -1.3115658152831693], [36.772630453004716, -1.3117407994742485], [36.772678454015605, -1.3117997941387904], [36.77279445644, -1.3118847864367256], [36.77282845715157, -1.3119127839009594], [36.772937459433315, -1.3120037756601608], [36.77296746006452, -1.3120387724945135], [36.77297746027497, -1.3120507714092702], [36.77306746217443, -1.3121737602894272], [36.77311546319083, -1.3122497534212185], [36.77324346590142, -1.3124527350757327], [36.77333246777116, -1.312547726480772], [36.77348347092851, -1.3126627160621653], [36.77351647161846, -1.3126877137972144], [36.773699475430085, -1.3127817052614716], [36.77370447553444, -1.312784704989313], [36.773796477461275, -1.3128646977458918], [36.77395048068448, -1.3129916862442812], [36.77400148175411, -1.3130406818093747], [36.77402648227847, -1.3130646796372147], [36.77416448519143, -1.3132546624603028], [36.77426248727666, -1.313440645657384], [36.774335488814515, -1.3135316374282662], [36.774388489920256, -1.3135646344353298], [36.774456491330845, -1.313581632880113], [36.77457449377319, -1.3135946316691227], [36.7749745020393, -1.3135986311767502], [36.775078504185316, -1.3135896319539706], [36.77535750994311, -1.3135686337556425]], [[36.79844292862923, -1.3128667104520988], [36.798442986630334, -1.312866689453972], [36.79844423165591, -1.312866191498426], [36.798442986630015, -1.312865689544149], [36.79844292862923, -1.3128667104520988]]]]}}, {"type": "Feature", "properties": {"county": "NAIROBI", "subcounty": "Embakasi North Sub County", "ward_count": 5}, "geometry": {"type": "Polygon", "coordinates": [[[36.892742948363356, -1.2530682851431172], [36.89283393223897, -1.2530631035816524], [36.89289897656858, -1.2530233431459554], [36.89306293692025, -1.2529231161310403], [36.89321193995635, -1.2528001271730822], [36.893243226576175, -1.2527176186023763], [36.893291941541435, -1.2525891461702943], [36.893294312587976, -1.2525814148666874], [36.89331494199267, -1.252514152924594], [36.893329211272594, -1.2524674031351866], [36.893357036818394, -1.2523762383459223], [36.89336192691433, -1.2523601147981085], [36.89336192586254, -1.2521931348533388], [36.893203940472226, -1.2517712189436079], [36.893203923471866, -1.2517711679482066], [36.893141938132835, -1.251577237452749], [36.89314192713259, -1.2515771844575263], [36.89311655155009, -1.2513865196560852], [36.893079931709266, -1.2511112794834685], [36.893079923708996, -1.251111226488245], [36.89297893146875, -1.2506053251323521], [36.89297892046851, -1.2506052731370387], [36.89290893092387, -1.2502803544538348], [36.89294393358875, -1.2500953711209253], [36.89298993451058, -1.2500073790398423], [36.893080936326896, -1.2498093968613633], [36.893212938984114, -1.249595416112334], [36.89335894193444, -1.249395434096773], [36.89335975295065, -1.2493934952714285], [36.89336066496876, -1.2493913154676692], [36.893564946096475, -1.2491104597253033], [36.89371094903184, -1.248861482127155], [36.893758949917334, -1.2485225126733548], [36.893888952536436, -1.2483185310233604], [36.89403894062925, -1.248313274450229], [36.89437396253761, -1.2483015324037516], [36.89450596524955, -1.2482645356978788], [36.894666968557054, -1.2482185397943228], [36.89500997560369, -1.2481215484314134], [36.89527298100848, -1.2480525545692998], [36.89536298283533, -1.247955563285689], [36.89538991032926, -1.24775611925896], [36.89538980532684, -1.2477553603273546], [36.895248964106486, -1.246736621219794], [36.89524904810818, -1.2467361672606583], [36.89524898010653, -1.246735673305262], [36.89534198187069, -1.2462347184412306], [36.89550098510197, -1.246075732725326], [36.89569598912824, -1.2460857317626834], [36.89603299613132, -1.2462487169627412], [36.896139689332294, -1.2462482549709266], [36.89626400089685, -1.2462477169804376], [36.896420004089975, -1.2461657243239292], [36.896588991501694, -1.245923769085196], [36.89658899142055, -1.2456607178013737], [36.89622398367091, -1.2449497820119129], [36.89612198139762, -1.2444018314455358], [36.89612210039997, -1.2444014354811648], [36.89612199739767, -1.2444008835310032], [36.8962269994558, -1.244049915140359], [36.89638600268751, -1.243891929334093], [36.89654900603838, -1.243852932798887], [36.89697501482724, -1.2438529326656782], [36.897604027785356, -1.2437919379680817], [36.89781900620904, -1.243755054226237], [36.89831504241626, -1.2436699487439558], [36.89878205198838, -1.243466966898161], [36.89940206469023, -1.2431779927573503], [36.89985007388897, -1.2430360054185305], [36.90001807723951, -1.2426610391717698], [36.900134079591396, -1.2425270512154536], [36.900244217840424, -1.2424520509428303], [36.90024508185822, -1.24245205794193], [36.90025008196043, -1.2424490582107435], [36.90025992916151, -1.2424422828185753], [36.90026002316369, -1.2424427757740544], [36.9003090061636, -1.242408704830497], [36.900334668687606, -1.2423908544317555], [36.90034306785906, -1.2423850119559199], [36.9003880687788, -1.2423570144660139], [36.90049407094466, -1.2422890205629709], [36.90061359138885, -1.2422190478342128], [36.900832691869375, -1.242090775330345], [36.90099108110834, -1.2419980466409422], [36.90118782115802, -1.2419687282228113], [36.90119910139018, -1.2419671013659148], [36.90134209733781, -1.2419595400029624], [36.901407105677904, -1.241956102292665], [36.901572109099035, -1.2420120971927517], [36.90167511124014, -1.2420650923827457], [36.90172711232523, -1.242105088760496], [36.902056119189005, -1.2423540662107813], [36.90219711212356, -1.2424380545946112], [36.90236412558028, -1.2424750552065178], [36.90240312638702, -1.2424820545632482], [36.902461127585624, -1.2424890539141322], [36.902503128446234, -1.242470055613871], [36.902503151446695, -1.242470008618097], [36.90253112900633, -1.2424130607436124], [36.90257212979833, -1.2422380765068795], [36.90257612983068, -1.2420750911999126], [36.90257611783042, -1.24207503820469], [36.90255612537467, -1.2419341039171072], [36.902556113374416, -1.2419340519217945], [36.90249112796652, -1.2417151236799542], [36.902491110966146, -1.2417150716846428], [36.90244912806379, -1.2415971333306879], [36.90244910806336, -1.2415970843351074], [36.902432131703875, -1.2415671340406322], [36.90243211170345, -1.2415670850450515], [36.90234012370285, -1.2412321672687607], [36.90234011170259, -1.2412321142735376], [36.90229712074574, -1.241004187836003], [36.90229710774537, -1.2410041358406896], [36.90227912335689, -1.240947192980045], [36.90227911135662, -1.2409471399847332], [36.90226412002248, -1.2408662002866697], [36.90226411102228, -1.2408661472914462], [36.90225211875062, -1.2407872074121336], [36.90225210875038, -1.240787155416731], [36.90220711976334, -1.2405952247344705], [36.90220710676305, -1.240595172739247], [36.9021869063204, -1.2405107633554882], [36.902179121149786, -1.2404782352904817], [36.902180121148305, -1.2404062417808808], [36.90221362882016, -1.2403430634662385], [36.902215121850034, -1.2403402477196617], [36.90222524205741, -1.240335577137554], [36.90229312344815, -1.2403042509406008], [36.90230978979065, -1.2402997793385289], [36.90246938306975, -1.240256956149609], [36.90263925255998, -1.2402113752059747], [36.902688131564325, -1.2401982603730894], [36.90295713708386, -1.240101269033494], [36.902968612319306, -1.240097213395663], [36.90302312243796, -1.2400782190910487], [36.903038105745495, -1.2400728895668665], [36.90314618396322, -1.2400344499987286], [36.9031721414959, -1.2400252758176913], [36.90348114780254, -1.239804295643974], [36.903530148791546, -1.2397333020291585], [36.90353016679191, -1.2397332750315846], [36.90354137501784, -1.2397158835960962], [36.903559149375994, -1.2396883060767614], [36.90359433208517, -1.2396340089610167], [36.90364372908069, -1.2395577738186359], [36.90369715215742, -1.2394753252351927], [36.90382515474091, -1.239289341962674], [36.9038251737413, -1.2392893229643787], [36.903985157994654, -1.2391363557053823], [36.90410316041541, -1.2390923596350938], [36.90417516189059, -1.2390593625874526], [36.90427216389748, -1.2390783608444977], [36.90439216639998, -1.2391663528741506], [36.904479168199025, -1.2391803515849844], [36.90453616938501, -1.2392133485923393], [36.90463510844365, -1.2392707413872726], [36.90466717211076, -1.2392893417003], [36.904754173923, -1.2393463365347919], [36.904808175053574, -1.2394003316499356], [36.904846175847865, -1.2394343285731357], [36.904940177806914, -1.2394993226842934], [36.90503517978053, -1.239544318598032], [36.9051461820753, -1.2395603171209746], [36.90524718416703, -1.2395873146556067], [36.905365186600946, -1.239586314708981], [36.90546817772313, -1.2395783163979326], [36.90598925445953, -1.2395374219223825], [36.90615620289933, -1.2395243200515391], [36.90646420920816, -1.239378333117148], [36.90661921231756, -1.2390913589413448], [36.90662796049492, -1.2390812288518676], [36.90673919875027, -1.2389533193489877], [36.90681504028769, -1.2388652462656566], [36.90700338910591, -1.2386465219262623], [36.90702422052826, -1.2386224010944513], [36.90725621228395, -1.2385250318005252], [36.907429228830594, -1.2384524162933706], [36.90746876764528, -1.2384491705736744], [36.9077512194646, -1.2384263665415989], [36.907858838681825, -1.2384173153240634], [36.90793893633196, -1.2384105789065083], [36.90796523987393, -1.2384084200929455], [36.9079796251697, -1.2384054603553243], [36.90806922601247, -1.2383873699583865], [36.90823347639018, -1.2383533909705788], [36.9083690451781, -1.2383253454568148], [36.90841724916938, -1.2383154283358682], [36.90884724902974, -1.2382844309965626], [36.90923625909277, -1.238410420516734], [36.90948027119112, -1.2386224003294766], [36.90965327478891, -1.2387173917114602], [36.909960249154736, -1.2388273697006347], [36.909960281155406, -1.2388273816995443], [36.91027528761198, -1.2386933936812325], [36.91044927517421, -1.2386064094693152], [36.910685296006534, -1.238488412033954], [36.9110712949253, -1.2383474276244522], [36.91148631247697, -1.2383184271096936], [36.91155304585296, -1.2383167342415708], [36.91197430653906, -1.2383063760442643], [36.91199444995436, -1.238305823087798], [36.91213141577843, -1.238302060384418], [36.912156326292084, -1.2383014284336704], [36.91220065120152, -1.2382858528240668], [36.91229368111046, -1.2382531637421959], [36.912506333473885, -1.2381784394129094], [36.912533318027734, -1.2381693882205824], [36.91261631972653, -1.2381263920711234], [36.912797476433845, -1.2380307646361641], [36.912974327053035, -1.2379374089977397], [36.913450336839624, -1.2378334182249269], [36.913642340829114, -1.23792840960107], [36.91404134919598, -1.23837436927034], [36.91414135132156, -1.2385793507585932], [36.91423935336388, -1.2386473445979385], [36.91435035564174, -1.2386093479890903], [36.91442735719476, -1.2384943583321824], [36.91444735760727, -1.2384943583259527], [36.914563359980335, -1.2384303640595018], [36.91474236368598, -1.2384743600371728], [36.9150573702644, -1.2387383361394713], [36.91544137821593, -1.2388393269148001], [36.915620381935355, -1.2389283188356768], [36.91570738380537, -1.2391742966316688], [36.91588938764383, -1.239449271783547], [36.916001609992435, -1.2395598317806296], [36.916025390490134, -1.2395832596609744], [36.91614439298057, -1.2397002490762556], [36.916277217763344, -1.2398408333599225], [36.91634939727561, -1.2399172294496394], [36.91663140314469, -1.2400882139459102], [36.916881408303674, -1.2400962131467652], [36.91708841253977, -1.2399872229086197], [36.917271416279966, -1.2398752329484322], [36.91735941807908, -1.239823237608803], [36.91747442047954, -1.239916229188948], [36.91756542239375, -1.2400372182522534], [36.917727425757256, -1.2401092117108408], [36.91784942826714, -1.2400882135660034], [36.917981431005416, -1.2401392089270673], [36.91827543717784, -1.2404921770118422], [36.91852944248628, -1.2407181565583216], [36.91867795356967, -1.240784396539743], [36.91873344672182, -1.2408091482908061], [36.91892545073211, -1.240972133536071], [36.91914945539465, -1.2411101210251836], [36.91936645990966, -1.241238109417861], [36.91963946556135, -1.2413061032022807], [36.91988647066382, -1.2413321007812088], [36.92011647541044, -1.2413410998980523], [36.92026547848359, -1.2413410998515269], [36.920461482523336, -1.2413321006016669], [36.92061948578612, -1.241345099380354], [36.920764488776776, -1.2413450993350772], [36.92090449166311, -1.241341099651998], [36.92090549168371, -1.2413410996516858], [36.92102049405562, -1.2413410996157763], [36.921109495887244, -1.2413281007598758], [36.92118649746611, -1.2412981034405153], [36.9212754012899, -1.2412662362858702], [36.92129249964066, -1.241260106833195], [36.92132507730866, -1.241247348973295], [36.921317984168724, -1.2412681540997308], [36.92130861298401, -1.2412956386245866], [36.92130459990479, -1.2413074095645553], [36.92130466990627, -1.241307508555617], [36.92130130883994, -1.2413172546779514], [36.921295499725275, -1.2413341001609306], [36.92126149903298, -1.2413630975571104], [36.921216498116245, -1.2414000942354528], [36.921168497137245, -1.2414360910049789], [36.921143496635516, -1.2414810869558905], [36.92111149598477, -1.2415110842612869], [36.921082495396384, -1.241543081385427], [36.921016494040806, -1.241561079783351], [36.92094649260095, -1.2415740786331437], [36.92088049124958, -1.2416060757689285], [36.920851490661285, -1.2416380728930692], [36.92082149005792, -1.2416880683947449], [36.920807345774506, -1.2417151049615274], [36.92078748937661, -1.2417530625454576], [36.92078635235373, -1.2417546734005314], [36.920775489134414, -1.241770061016587], [36.92071148783834, -1.2418480540045975], [36.92060248560563, -1.2418980495310368], [36.92052148395688, -1.2419690431554722], [36.920422481942346, -1.2420580351627506], [36.920303479501804, -1.2421030311430248], [36.92020747753621, -1.2421500269357943], [36.920160476590226, -1.2422260200988084], [36.920081474978936, -1.2422850148044418], [36.91998247294325, -1.2423050130323672], [36.91984447010306, -1.2423250112723907], [36.91970046715145, -1.2423850059081805], [36.91950846322781, -1.2425029953300801], [36.91925345795471, -1.242458999376523], [36.919124455289385, -1.2424440007691397], [36.9189964526426, -1.2424220027925574], [36.91887545014715, -1.2424230027402121], [36.91878644829885, -1.2423820064642868], [36.91865744563598, -1.242375007135624], [36.91857544393918, -1.2423570087840248], [36.91849144221215, -1.242375007187499], [36.91834843927865, -1.2424270025442676], [36.91825537040558, -1.242577977961199], [36.918205436400655, -1.2426589816733615], [36.91809443416811, -1.242843965029833], [36.91802743282349, -1.242964954142204], [36.917963431542184, -1.2430909428029235], [36.917881429892105, -1.2432249307479875], [36.91786442957667, -1.2433389204758205], [36.917819428681085, -1.243444910933503], [36.91781742867866, -1.2435708995748016], [36.917708426485014, -1.2437478836516753], [36.91759042407541, -1.2438268765664042], [36.91747842177184, -1.2438478747082637], [36.91736241937059, -1.2438198772688538], [36.91725841720978, -1.2437688818992725], [36.917137414693315, -1.243701887977383], [36.917033412544605, -1.2436898890917434], [36.91695241088895, -1.2437388846995243], [36.916892409671114, -1.2438028789485183], [36.91683140843419, -1.2438718727470253], [36.916786407522046, -1.243923868073153], [36.91670540584605, -1.2439068696310331], [36.91663840445121, -1.243864873438436], [36.916576403186795, -1.2439118692205946], [36.916473401087885, -1.2439948617700973], [36.91638139922789, -1.2441168508001037], [36.91635839879085, -1.2442378398987612], [36.916398399650035, -1.2443488298791137], [36.91649440168599, -1.244529813531255], [36.91649240167899, -1.2446408035247265], [36.91645740099216, -1.2447547932581293], [36.916381399452014, -1.2448437852581937], [36.91630739793248, -1.244865783297925], [36.91623039634889, -1.2448807819698076], [36.91614139452674, -1.244924778030889], [36.91606639300228, -1.2449977714731149], [36.91599839161847, -1.2450587659949839], [36.91599507155251, -1.2450669372592478], [36.9159895444427, -1.2450805400344915], [36.9159774012015, -1.2451104293434767], [36.915933390327154, -1.2452187515906536], [36.91584238849143, -1.2453527395384514], [36.91581838801125, -1.2454007352185301], [36.915753386683754, -1.2454437313622546], [36.915671385002014, -1.2454747285931411], [36.91558038313419, -1.2455047259170975], [36.915515381807396, -1.2455497218805014], [36.915440380278625, -1.2456087165847896], [36.915376378992114, -1.2457177067780445], [36.915331378083366, -1.2457807011123776], [36.915405379644284, -1.2458926909918997], [36.91540537968041, -1.2460096804437955], [36.91540537971158, -1.2461106713381676], [36.91536537892332, -1.2462296606222611], [36.91528337723345, -1.246234660197158], [36.91520037550444, -1.246179665181759], [36.91503237202472, -1.2461326694717083], [36.914891369112006, -1.2461186707779732], [36.91477136663899, -1.2461256701845458], [36.91463136374358, -1.2461006724822634], [36.91452236150233, -1.2461236704429055], [36.91445836019058, -1.2461506680288026], [36.91442235945876, -1.246185664884638], [36.91439135884344, -1.2462636578623492], [36.9141803545962, -1.2466036272758434], [36.91401331519001, -1.2467305388854175], [36.91390134890679, -1.246815608250437], [36.91371334501441, -1.246768612546688], [36.91341033874133, -1.2466936194033167], [36.91328341608639, -1.2465740152269245], [36.91326812476652, -1.2465596045310776], [36.91324845535504, -1.246541070208326], [36.91322976596416, -1.2465234578021318], [36.91320781350493, -1.246502771674107], [36.91318705407075, -1.246483209444467], [36.91316552862039, -1.2464629242801892], [36.913132332926025, -1.246431643110976], [36.912887327902624, -1.2465296343525762], [36.91284628508698, -1.2466295663554074], [36.91275632529907, -1.2468486056344381], [36.912735279880025, -1.2468975342294608], [36.91263332285021, -1.2471345798886972], [36.91241331833168, -1.2471975742779187], [36.912237244715605, -1.2472483017594338], [36.9121183122729, -1.2472825667073064], [36.91202831039607, -1.2472165726857993], [36.91177448621186, -1.2473828227758226], [36.9117744632113, -1.2473828377744791], [36.91174130453415, -1.24740455582665], [36.9117344223917, -1.247403107959411], [36.91158472529413, -1.2473716238450445], [36.91146287677287, -1.2473459961939437], [36.911349057417716, -1.2473220583880116], [36.911266063700374, -1.2473046029878512], [36.91116129253247, -1.247282567007494], [36.91083328574617, -1.2472165730606202], [36.91076628438425, -1.2472815672215547], [36.91070041604533, -1.24734562346671], [36.910547279932594, -1.2474945480873767], [36.91053427967153, -1.2475175460178487], [36.91053425667105, -1.247517521020196], [36.910512136226856, -1.2475565425087953], [36.910500253988225, -1.2475775036225705], [36.91044704191956, -1.247671371175948], [36.91038587769126, -1.247779267466864], [36.91032988956689, -1.2478780315796667], [36.91030127499228, -1.2479285090373655], [36.91023928873301, -1.2479910374190992], [36.91018827269664, -1.2480424987951955], [36.91001526918118, -1.2482144833428739], [36.90988426651387, -1.2483274731965088], [36.909704262849324, -1.2484844590986157], [36.90960426081103, -1.248563452007816], [36.909401256672716, -1.248722437736907], [36.90920125259943, -1.2488914225634415], [36.90898424817964, -1.2490744061332315], [36.90884624538312, -1.2492363915714133], [36.908796244369704, -1.2492943863581125], [36.908493238139755, -1.2493603805030056], [36.90840238327214, -1.2493814056359052], [36.90803522872481, -1.2494663710905036], [36.907922226419466, -1.2495493636430577], [36.907790223726536, -1.2496463549394992], [36.90767522143535, -1.2499083313549209], [36.90763422062518, -1.2500233209999314], [36.9075512189718, -1.250213303896451], [36.907485217656514, -1.2503622904839786], [36.90743332360837, -1.2504344819912498], [36.90739321579836, -1.2504902789728944], [36.90722721243497, -1.2506872612644324], [36.90720021188799, -1.2507192583879165], [36.90694134562393, -1.2509642293817667], [36.906864205055285, -1.251037229824009], [36.90643085622933, -1.2514029929815653], [36.906293193425654, -1.2515191865483895], [36.90590418548251, -1.2517821629597072], [36.90550017723311, -1.2520551384742138], [36.9054274567482, -1.2521043960558111], [36.905190170903246, -1.2522651196389236], [36.90480516306797, -1.2526100886560916], [36.90479688189461, -1.2526018494016196], [36.90479645688613, -1.2526026353309552], [36.90492989368011, -1.2527360582588043], [36.90465015998871, -1.2529910543552722], [36.90414714981232, -1.253635996362483], [36.90394214566775, -1.2539079719042787], [36.90356222798775, -1.25441447335508], [36.9034291352973, -1.2545919103983452], [36.90262287802726, -1.2557575635504077], [36.9024491155208, -1.2560087829537179], [36.90230559262019, -1.2562024455371934], [36.901645099271974, -1.2570936853856303], [36.90157945493569, -1.2571513662054454], [36.90153909709695, -1.2571316819930405], [36.901035086625015, -1.2568927037003095], [36.90066607896797, -1.2567497167095645], [36.90040607357669, -1.2566617247256546], [36.90011306750586, -1.2565777323914955], [36.899807061165546, -1.256489740422082], [36.89966105814541, -1.2564637428123804], [36.89943005336707, -1.2564227465818094], [36.89920028762788, -1.2564257113870456], [36.89912004697274, -1.2564267463190748], [36.89895704361743, -1.2564507442067174], [36.89865803746226, -1.2564937404244751], [36.89829302996063, -1.2565857322452374], [36.89801802530923, -1.2566567279307466], [36.897836020569045, -1.2567037217509942], [36.89683099993217, -1.2570166938491456], [36.89634398993893, -1.257190678315622], [36.89605998411108, -1.257291669299464], [36.89566984810533, -1.2574303799158546], [36.89566997610806, -1.2574306568908635], [36.89528096812531, -1.2575686445720342], [36.89523583319865, -1.25758289630131], [36.89516816580923, -1.257604262396204], [36.89516828081172, -1.257604604365273], [36.89476479352729, -1.2577333628832288], [36.89476395751023, -1.2577336298594435], [36.89447895165815, -1.2578236218353516], [36.89445695120639, -1.2578306212112504], [36.89439422491849, -1.2578504924394265], [36.894254947058755, -1.2578946155049997], [36.89421817430373, -1.2579064004540275], [36.8941769454572, -1.2579196132757486], [36.894046942790084, -1.2579676089892649], [36.89404695179017, -1.2579676379866496], [36.893927940348505, -1.258011605059959], [36.893495931485056, -1.2581705908615255], [36.89337392898595, -1.2582285856709705], [36.89321392570825, -1.258303578959741], [36.893154924503115, -1.2583425754622837], [36.89304992235878, -1.2584135690943143], [36.89289891927482, -1.2585145600361605], [36.89273991602958, -1.2586275498986605], [36.8924619103548, -1.2588235323156556], [36.89227590655807, -1.2589545205638384], [36.892177899558405, -1.259026507104123], [36.89179110166651, -1.2593105826125524], [36.891548891724725, -1.2594884726495479], [36.891229885215346, -1.2597204518338805], [36.891196127526726, -1.2597458525542524], [36.89096518581608, -1.2599196269588724], [36.89093487919787, -1.2599424319121653], [36.890635873083305, -1.2601174162292625], [36.89056987173272, -1.2601534130044287], [36.89048804405846, -1.2601981819936652], [36.89046386956376, -1.2602114078088276], [36.89033586694426, -1.2602804016283877], [36.890173863625556, -1.260356394827746], [36.8900028601185, -1.2604243887511843], [36.889957448186536, -1.260440494313303], [36.88953485051397, -1.260590373933148], [36.889279677274914, -1.260672894573404], [36.88896283876965, -1.2607753574350522], [36.88869483326702, -1.2608623496762137], [36.88853583000264, -1.2609143450384115], [36.88822582362933, -1.2609883384649414], [36.887999818983054, -1.261042333668052], [36.887751627880746, -1.2611020713603622], [36.887218802926974, -1.2612303169657855], [36.886795794230444, -1.2613313079939998], [36.88643478680877, -1.2614183002646928], [36.886358785246244, -1.2614362986658312], [36.885799773753725, -1.261570286761954], [36.8854117657768, -1.2616632785002497], [36.885304720572556, -1.2616778962161372], [36.88497975688122, -1.2617222733179079], [36.88442974555585, -1.2617972667305475], [36.883848733592195, -1.2618772597021255], [36.88313371886875, -1.2619742511835215], [36.882581341494834, -1.26205101743708], [36.8825617071066, -1.2621052395542893], [36.88231570212601, -1.2624112120441693], [36.88226122402491, -1.2624848294236404], [36.88223735054236, -1.2625170905223684], [36.88211369804315, -1.2626841874951156], [36.88195469480594, -1.262824174923501], [36.88194230755028, -1.262824174927432], [36.88194209554581, -1.2628236509746988], [36.88194183354018, -1.262823003033239], [36.881819358012855, -1.2628230030721053], [36.8815943453921, -1.26289420172376], [36.8815424163384, -1.262951069612688], [36.88147968506489, -1.2630181575835857], [36.88142052885248, -1.263044352240529], [36.88134905638751, -1.2630760014094882], [36.88134085021925, -1.263079318113047], [36.88116710562064, -1.2630365990200279], [36.88116622960264, -1.2630367940026523], [36.881163678549775, -1.2630361560610184], [36.881077250772535, -1.2630558203154334], [36.88099667511561, -1.2630741526880602], [36.88099549209146, -1.2630747316361932], [36.880987664930466, -1.2630764704819482], [36.88097627169709, -1.2630821659719633], [36.88097650370247, -1.2630840168050719], [36.88097386164841, -1.2630853086893554], [36.88077237852167, -1.263183832869763], [36.880722669503506, -1.263208140693861], [36.88069547895104, -1.263235787209695], [36.88058695474616, -1.2633461312948404], [36.880552968055596, -1.2633806871898776], [36.880485664688216, -1.2634491190409913], [36.880342805765295, -1.263528676913026], [36.88032924048768, -1.2635362322360137], [36.880327661455325, -1.2635371111573386], [36.88021802819312, -1.263537111192148], [36.880151657823504, -1.2635371112132208], [36.880150660803245, -1.2635378381479638], [36.880143146649914, -1.2635433206560225], [36.88007765631337, -1.2635911063681242], [36.880077194303595, -1.2635902064494267], [36.880076378287505, -1.2635924772449474], [36.88007622028406, -1.2635919492925578], [36.87992811026166, -1.2637001715816782], [36.879796717630136, -1.2639553126182772], [36.87973512139657, -1.2640749218530667], [36.879731580325625, -1.264081797234299], [36.879731593325914, -1.2640818532292506], [36.87973065630661, -1.2640819592200008], [36.879730917312344, -1.2640829711286723], [36.879729121278196, -1.2640921752993874], [36.87972843126433, -1.264093555175125], [36.87966372496957, -1.2642229525283457], [36.87966326596009, -1.2642227675452447], [36.879661189917584, -1.264223817451236], [36.879494040494905, -1.2643083358835898], [36.87949374248879, -1.264308486870083], [36.87949264446629, -1.2643090418203513], [36.8794927384684, -1.264309523776905], [36.879491748448295, -1.2643105466849833], [36.87949166144625, -1.2643100997252745], [36.879484887299384, -1.264287213791031], [36.87935964158245, -1.2638640819830238], [36.879306640422186, -1.2636511012034541], [36.879305640401554, -1.2636511012037717], [36.87917363751191, -1.2631211490292518], [36.87910563602426, -1.2628511733932686], [36.87905263483843, -1.2625562000064559], [36.87903110135959, -1.262445854962579], [36.87902975932972, -1.2624389745833382], [36.87902863430471, -1.2624332111034149], [36.87902834729831, -1.262431789231681], [36.879004646772515, -1.2623142738350233], [36.87900463377231, -1.2623142218396224], [36.879009633710545, -1.2617862694408573], [36.8790036335574, -1.2616922779174153], [36.87900175450911, -1.261662009647118], [36.878985329087506, -1.2613973575145736], [36.878984649073494, -1.2613973565148795], [36.87896322652028, -1.2610412546293375], [36.878960648453756, -1.2609983924947847], [36.87895964242823, -1.2609833938474455], [36.87895963742811, -1.2609833418520413], [36.87894764807554, -1.2606464242337563], [36.87893884182178, -1.2604152950759846], [36.87893564772963, -1.260331452636524], [36.87892464740039, -1.2600034822110027], [36.87891864721425, -1.259803500243908], [36.87891464708715, -1.2596605131373275], [36.878898646625345, -1.259238551187817], [36.87887864610671, -1.2588985818466392], [36.878865645781424, -1.2587155983489644], [36.878863960739814, -1.258693550337441], [36.87883064091638, -1.258257639650677], [36.87883063691627, -1.258257587655362], [36.878818644554, -1.2578886729212755], [36.87881499044108, -1.2577682557794456], [36.878794643812526, -1.2570977442401867], [36.87876964012928, -1.2565597927504801], [36.878769631128996, -1.2565597407551665], [36.878741642372134, -1.2559828447773396], [36.87872764198647, -1.2556718728191538], [36.87871137052503, -1.255267248305316], [36.87871063350416, -1.2552489149584765], [36.878710630503996, -1.2552488589635213], [36.87867463647094, -1.25431399526192], [36.87867463347085, -1.2543139422666947], [36.87867364028775, -1.2537900425014772], [36.87867307625777, -1.2537308058423566], [36.87866773397345, -1.2531699744078812], [36.87866563086195, -1.2529501242299272], [36.878665627861785, -1.2529500662351516], [36.87866145873467, -1.2528172432115103], [36.8786526344654, -1.2525361555567613], [36.87865263146523, -1.2525361025615354], [36.878635469980765, -1.2521156084777811], [36.87862492168302, -1.2518571547827286], [36.87862462267691, -1.2518571647819223], [36.87860863322339, -1.251458252751913], [36.878608628223176, -1.251458200756598], [36.878584629626765, -1.2511312822381813], [36.878584625626665, -1.2511312302429547], [36.87858163155005, -1.2510832865663026], [36.878581627549956, -1.2510832345709875], [36.87856980425314, -1.2509126169570943], [36.87856562114815, -1.2508522554004051], [36.87854080754179, -1.2505475768771679], [36.87854063053742, -1.2505453350792406], [36.878540621537226, -1.2505452830840151], [36.878404632566465, -1.2500133830809683], [36.8784046155661, -1.2500133320855675], [36.878266632609865, -1.2496614138565347], [36.87826660960936, -1.2496613658608648], [36.878171570594446, -1.2494874515701249], [36.878166612489274, -1.249478379389552], [36.87816562846838, -1.2494764315654852], [36.878202649227674, -1.2494613009179707], [36.878433004952, -1.2493671513338134], [36.87843963408797, -1.2493644415760756], [36.878595637276476, -1.2492654504517136], [36.878786641168205, -1.249104464905458], [36.87895464458086, -1.2489294806286582], [36.87911564790442, -1.2489334802175167], [36.879287651474776, -1.2490014740335218], [36.879447654777714, -1.2490054736226897], [36.87944865479834, -1.249005473622376], [36.87956571021379, -1.2490054735856382], [36.87958465760474, -1.2490054735796916], [36.87972666056344, -1.2490974652414906], [36.8798796637537, -1.2492044555476898], [36.879997666223915, -1.2493184452336925], [36.88010466846619, -1.2494294351936845], [36.880188670220925, -1.249498428947103], [36.88026867187055, -1.249494429282602], [36.880396674541814, -1.2495914204979595], [36.880401674646905, -1.2495974199554625], [36.880407674771604, -1.249600419683115], [36.88041867500016, -1.2496054192289767], [36.88043967543624, -1.2496144184110802], [36.880441150464975, -1.2496087769192123], [36.88053415539533, -1.2496451656093146], [36.880534661405875, -1.2496453635913227], [36.88063857255956, -1.249676129784882], [36.880740665675596, -1.2497063580275545], [36.88087066835933, -1.24971035762611], [36.881046671976875, -1.2496643617176904], [36.881137673799074, -1.2494843779158928], [36.88119867501543, -1.2493473902471204], [36.88127567657246, -1.249244399508153], [36.88127920064413, -1.2492409438186693], [36.881327677629756, -1.2491934040894417], [36.881404122183255, -1.2491160360406695], [36.881409679296105, -1.2491104115459888], [36.88157368264507, -1.248996421771406], [36.881706693388445, -1.2489924250900069], [36.88202769203218, -1.249057416129925], [36.882034716178474, -1.2490619567182881], [36.882044593384286, -1.249068343139494], [36.88214369444893, -1.2491324093323621], [36.88227522018879, -1.2492160127536494], [36.88228369736536, -1.249221401265179], [36.88234671167817, -1.2492620625794901], [36.88245570094889, -1.2493323912046193], [36.88262370444857, -1.2494393815060054], [36.882661705238604, -1.2494583797812175], [36.882768134455006, -1.2495240298289945], [36.88286270942455, -1.249582368539673], [36.88286271242453, -1.24958241253562], [36.88317973198488, -1.2496434149362348], [36.88318167302507, -1.249643925889601], [36.88319873237854, -1.2496484144795799], [36.88320242345511, -1.2496498903453057], [36.88320873258606, -1.249652414115819], [36.883219732814304, -1.2496564137518322], [36.88322373289713, -1.2496574136604204], [36.883235733145995, -1.2496614132960309], [36.88324473333205, -1.2496624132030494], [36.8832597336428, -1.2496664128377175], [36.88345473767239, -1.2496854110636144], [36.88371630006634, -1.2496753518884285], [36.88374074357039, -1.2496744119655032], [36.88393974768008, -1.2496854109112951], [36.88410375106162, -1.2496774115810336], [36.88435575624041, -1.2496094176320238], [36.884546760142676, -1.2494834289309273], [36.88479176515192, -1.2493344422862749], [36.88495576851331, -1.2492614488155975], [36.885225774033245, -1.2490954636956557], [36.88534177642618, -1.249093463839551], [36.885465778984134, -1.2490914639809352], [36.8856487827602, -1.2490914639234874], [36.88582078633762, -1.2491834555757126], [36.88597378952402, -1.2492784469635112], [36.886118792549034, -1.249385437271938], [36.88615279326231, -1.249423433835606], [36.88622749482995, -1.2495082711633023], [36.886233794962145, -1.249515425516361], [36.8863557975113, -1.2496184161926016], [36.886428799035194, -1.2496754110311343], [36.88653180115119, -1.2496454137032011], [36.886548801499785, -1.2496384143289545], [36.88671080782085, -1.249568418588827], [36.886769790068755, -1.2496683595598146], [36.886755789896526, -1.2500453255775954], [36.886735789606135, -1.250440289974346], [36.88673612864765, -1.250552003902254], [36.88673670671875, -1.2507429586857917], [36.88673670871896, -1.2507435046366147], [36.88673678972893, -1.250770260224326], [36.88670178910145, -1.2510762326491447], [36.886680808696575, -1.2511665625115986], [36.88661736547214, -1.2514397129045411], [36.88661678746103, -1.2514421996805454], [36.886534801913136, -1.25190620987141], [36.88655589937717, -1.2519986795276556], [36.88656712962409, -1.2520479050860318], [36.88657375076972, -1.25207692546739], [36.88657464478937, -1.252080846113682], [36.88659207217265, -1.252157227221612], [36.8865988433215, -1.2521869095433833], [36.88659931833199, -1.252188988355803], [36.88660764751515, -1.2522254980614704], [36.88660813352596, -1.2522279058442531], [36.88659529326693, -1.25224695013124], [36.88657158178857, -1.2522821169681295], [36.88641579964589, -1.2525131551866875], [36.88630128632263, -1.25264058273383], [36.88622979587217, -1.252720136583761], [36.88622969687011, -1.2527201555820808], [36.88616879461723, -1.2527321355211576], [36.88615195726958, -1.252731242606979], [36.8860367918914, -1.2527251361937348], [36.88597279056993, -1.2527221364843588], [36.885949947098254, -1.2527211435810783], [36.8858807886703, -1.2527181368739562], [36.88589478898842, -1.2528121283952214], [36.88589878908643, -1.25286212388641], [36.885899789119776, -1.2529031201898766], [36.88588978892117, -1.2529281179391596], [36.88586441140871, -1.252964037708657], [36.885812787366184, -1.2530371081368714], [36.885812787368664, -1.253045107415605], [36.88583078774813, -1.253071105065999], [36.88585884533344, -1.2530916342062586], [36.88585888033417, -1.2530916602039064], [36.88617379490346, -1.2533220823298052], [36.886264796809364, -1.2534130740972411], [36.886287797290414, -1.2534340721967534], [36.8864818013496, -1.253615055818058], [36.88688480978197, -1.2539920217033431], [36.886921810560885, -1.2540420171840767], [36.88691923351496, -1.254065204094292], [36.88691881050738, -1.2540690147509008], [36.88680251614946, -1.2542028557202531], [36.88662080446506, -1.2544119839222334], [36.88624979693565, -1.254816947527108], [36.8861527949656, -1.2549179384522002], [36.88598079147184, -1.2550959224590954], [36.88583578852962, -1.2552559080802534], [36.885724786277535, -1.2553788970263264], [36.885610783964076, -1.2555038857931111], [36.88553778248763, -1.2555998771613261], [36.885435780418696, -1.255714866825828], [36.88536377896009, -1.2558018590051616], [36.885359378872295, -1.2558115381338615], [36.885365763006284, -1.2558188054765878], [36.885830916735564, -1.2562415582133664], [36.88594661415549, -1.2563467086961932], [36.88599102008432, -1.2563870670434092], [36.88599177610011, -1.2563877539812025], [36.88599176309985, -1.256387786978234], [36.88599179010043, -1.2563878089762437], [36.885985060966966, -1.2564052354071764], [36.88595292332989, -1.2564888998739074], [36.885893216146314, -1.2566443368781182], [36.88588077389959, -1.2566767279615927], [36.8857357729918, -1.2569467016658304], [36.88553011782749, -1.257201035799177], [36.88519691008043, -1.2576131167500257], [36.88497575560243, -1.2578866191600224], [36.884967007430554, -1.2579143736603347], [36.8849237545808, -1.2580516043008028], [36.884917860473415, -1.258097157195495], [36.8849162164434, -1.2581098580508459], [36.884913300390274, -1.258132397019574], [36.884893501029346, -1.2582853992305585], [36.88489329802564, -1.2582869680892104], [36.884892833017204, -1.2582905657650085], [36.88488495987368, -1.2583514072817734], [36.884873721668896, -1.2584382554547626], [36.88486475350541, -1.2585075632085099], [36.88486293348296, -1.2585559178492494], [36.88485075333244, -1.2588795296750188], [36.88486575364786, -1.2588985279572829], [36.88488375402589, -1.2589195260583628], [36.88488076696879, -1.258934258730925], [36.88487741790482, -1.258950780242283], [36.884873799835795, -1.2589686276342884], [36.88482375288002, -1.2592154993911244], [36.88475775156404, -1.2593624861590422], [36.884634875055795, -1.25944978332678], [36.88445374535851, -1.2595784667815246], [36.884418201631945, -1.2596004108141552], [36.88430474231271, -1.2596704585342826], [36.88411673846834, -1.259782448496227], [36.88409207096563, -1.2598025456920474], [36.884059288297564, -1.2598292542942482], [36.88400873626731, -1.2598704405967438], [36.88396406036042, -1.2599185472733567], [36.88382961863156, -1.26006331526297], [36.883800732045216, -1.260094420467527], [36.8837999280283, -1.2600935735440741], [36.883631022596845, -1.2602657080771453], [36.88339559683851, -1.2605846363956232], [36.88331176814252, -1.2606927906704406], [36.883261721130026, -1.260757360864343], [36.88313973566157, -1.2609133248405309], [36.88300422291929, -1.2610861333021857], [36.882805711900325, -1.2613333090784797], [36.88279288364017, -1.2613475997939598], [36.88267646127833, -1.2614772951368347], [36.88256078092748, -1.2615929627442795], [36.882465704992235, -1.2616782780819784], [36.882442350516655, -1.2616984452710707], [36.88238282430448, -1.2617498486551284], [36.88236664197339, -1.2617589508395115], [36.882301096629554, -1.261786678360217], [36.88227370106792, -1.2617982673240518], [36.88223256722441, -1.2618152278077395], [36.88215664266362, -1.261834207120599], [36.88206739783959, -1.2618899781202808], [36.88199315931698, -1.2619196704665707], [36.881936694158924, -1.2619422544481866], [36.88191094063133, -1.2619544523565565], [36.88183090798779, -1.261979914086146], [36.88174518823507, -1.262031340476441], [36.88169769226983, -1.2620788312095026], [36.88169375618978, -1.2620827668558618], [36.88169375620853, -1.262142764446139], [36.881703912417834, -1.2621417785319093], [36.88170468943741, -1.26215323549861], [36.88176969077593, -1.2621442362893764], [36.881814192692595, -1.2621389277539126], [36.88216767597332, -1.2620967574440758], [36.8825766704003, -1.2620570538943356], [36.882580220471745, -1.262051173423384], [36.88258258351921, -1.2620472597754537], [36.882850972918504, -1.2616027887664043], [36.88292310538883, -1.2615450889459972], [36.88300571607976, -1.261501293868625], [36.883011749203845, -1.261499858996058], [36.883103075081515, -1.2614781409253908], [36.88312527653838, -1.2614742232716205], [36.88313954283121, -1.2614694676958476], [36.883178234626804, -1.2614602665131591], [36.88319071988347, -1.2614572977768987], [36.88321393335848, -1.261444673907797], [36.88327957170606, -1.261422796859508], [36.88329446500652, -1.2614008808308175], [36.88330472221649, -1.2613953033305343], [36.883443885025656, -1.2611957712773119], [36.88346372542621, -1.2611673238360397], [36.883638728951965, -1.260894348393354], [36.883749470189535, -1.2607422160754045], [36.88390463935395, -1.260622325836089], [36.883922469717525, -1.260608549072637], [36.88397407775222, -1.2605117957800365], [36.88399973626935, -1.2604723863252854], [36.884017029619926, -1.2604523211289231], [36.88406131351767, -1.2604009407476153], [36.884181175948825, -1.2602661108666051], [36.88420174036609, -1.2602434069071775], [36.884200607333376, -1.260213521602154], [36.88419677322267, -1.260112418719273], [36.88419677320097, -1.2600428609909449], [36.88419950125546, -1.2600369505229514], [36.88424639319141, -1.2599353636676809], [36.88439201219112, -1.2599194570557994], [36.88448374608076, -1.259909436930183], [36.88460322455961, -1.2599527659856289], [36.884676804087185, -1.25998286324853], [36.88495110779798, -1.2601457134783496], [36.88496375005936, -1.2601474563172579], [36.88510502598357, -1.2601769136164451], [36.88516976032352, -1.2601904113788778], [36.88519429082618, -1.260179251377404], [36.88519969493793, -1.2601799973084082], [36.88527086139528, -1.2601444174939112], [36.88534307587502, -1.2601115654331825], [36.88538076464733, -1.26009441996717], [36.88555176812214, -1.2599224354199843], [36.88579877314485, -1.25968545670896], [36.88580155720032, -1.259679231269323], [36.885919346557344, -1.2594436774707443], [36.88591974056518, -1.259442888541777], [36.88590259712594, -1.259168615276996], [36.88552543008719, -1.2583457965850737], [36.88551998397207, -1.2583370003798793], [36.885511200786496, -1.2583228136618558], [36.88553946036494, -1.2583077860078693], [36.88582007610868, -1.2581590943256935], [36.8859587759476, -1.2580856009083285], [36.885980776397844, -1.258073601983136], [36.88603518951138, -1.2580441686198058], [36.88604179364657, -1.2580406569343208], [36.88618879664963, -1.257943665633], [36.88618871564788, -1.2579434466527515], [36.88635178397896, -1.2578356233230006], [36.8864844386888, -1.2577481371690962], [36.88658678877955, -1.2576806372227967], [36.88674979411901, -1.2576036471130063], [36.88680680928695, -1.2575766985247585], [36.88682216360163, -1.2575694831704043], [36.886862469427335, -1.2575505408656031], [36.88690679533545, -1.2575296507350826], [36.88691006539935, -1.2575184607430308], [36.88691827256001, -1.2574903792723506], [36.8869707965878, -1.2573106704589048], [36.88700400823674, -1.2571939659709188], [36.887005797271655, -1.2571876815369927], [36.88700580625007, -1.257117739843159], [36.88700580224998, -1.2571176868479343], [36.88699481298681, -1.2570007503947962], [36.88698906084832, -1.2569368811553194], [36.886946933833556, -1.2564691583399068], [36.88694680683051, -1.2564677984625336], [36.88694679583026, -1.2564677464673093], [36.88695315295721, -1.2564541886876555], [36.886987812649245, -1.2563798063832978], [36.887052209935376, -1.2562428847081633], [36.88706135811814, -1.2562234334591318], [36.887074798386486, -1.2561947710391104], [36.88708213053671, -1.2561913803424956], [36.88723480166486, -1.2561207776600463], [36.887323581483706, -1.2560791513850884], [36.88739904802984, -1.2560437665517494], [36.8874118052912, -1.2560377850869764], [36.887486771831426, -1.256016722962362], [36.88764370705579, -1.255972629888365], [36.887653810263316, -1.2559697911411563], [36.88772881180274, -1.2559437934614828], [36.88788364398611, -1.255907435690735], [36.88799281723078, -1.255881798967761], [36.88811579873278, -1.2557678282048466], [36.88811581973321, -1.255767809206551], [36.88819482133026, -1.2556618187380288], [36.88827382285654, -1.2553278488246822], [36.88829250121665, -1.2552466921360226], [36.88832882391712, -1.2550888703542389], [36.88837081872667, -1.2549059138366412], [36.888370824726884, -1.2549058868391607], [36.88851382764321, -1.2547958967110557], [36.888552730436444, -1.2547657214193568], [36.88855284443896, -1.2547659513986047], [36.88867884700825, -1.2546679601940274], [36.88869359230968, -1.2546589909980275], [36.88877483297064, -1.254609913397284], [36.8889045666229, -1.2545308044890264], [36.888998245537955, -1.2544736806099643], [36.889038838367874, -1.2544489278288327], [36.88919873365442, -1.2544085804162588], [36.88935584488367, -1.2543689349412461], [36.889379858379165, -1.2543689349336749], [36.88937986137924, -1.2543689869289902], [36.88952586539169, -1.2543689868829593], [36.88956686523764, -1.254368986870033], [36.889821870507404, -1.2543959843554882], [36.890006874318935, -1.2543779859199544], [36.89017387772919, -1.2542639961448576], [36.890187959016195, -1.2542526121667692], [36.890224862768434, -1.2542229478297693], [36.89025302934251, -1.254200104880435], [36.89028998609565, -1.2541701315712506], [36.890314864602715, -1.2541499543826453], [36.89050386841871, -1.253880978574536], [36.89051844371287, -1.2538596704910474], [36.89063587108242, -1.253687995932567], [36.890679871821135, -1.2531430450524732], [36.89079951219611, -1.252841866169481], [36.89088395887256, -1.2526292823098222], [36.890889891990234, -1.2526141446727739], [36.89090482228664, -1.2525766560481018], [36.89092082560437, -1.252536474665828], [36.89093487288323, -1.252501112849675], [36.89108629996798, -1.2523736322958212], [36.891195554193594, -1.2522816595538238], [36.89120688242441, -1.2522721234099694], [36.89122987589716, -1.2522669088728922], [36.89124162213876, -1.2522642451094088], [36.89124589922659, -1.252263176204436], [36.891284227014744, -1.2522545219726409], [36.891345338271314, -1.2522407241974403], [36.89140088641347, -1.252228127315639], [36.891493928341724, -1.2522559667763065], [36.89157956711656, -1.252281590439165], [36.891584904227166, -1.2522831802940952], [36.89160280159815, -1.2522885418050607], [36.89166489188495, -1.2523071201104987], [36.89177006308921, -1.2524179940807825], [36.8917699100861, -1.2524181620657875], [36.89184891174185, -1.2525011545581333], [36.891886600535024, -1.2525513410213598], [36.892059916182404, -1.252782129158646], [36.89216467237259, -1.2528752907260268], [36.892267920531296, -1.252967112414655], [36.89229792115833, -1.252993110061228], [36.892517877723726, -1.253081082060212], [36.89251792572473, -1.2530811020583954], [36.892742948363356, -1.2530682851431172]]]}}, {"type": "Feature", "properties": {"county": "NAIROBI", "subcounty": "Embakasi West Sub County", "ward_count": 4}, "geometry": {"type": "Polygon", "coordinates": [[[36.90043008100805, -1.278753732591965], [36.90045308149643, -1.278797728616934], [36.90050608262156, -1.278897719582549], [36.90060808478731, -1.279091702056026], [36.90071408703811, -1.2792936838068292], [36.90081008907665, -1.2794766672740567], [36.90091209124244, -1.2796706497474273], [36.900972092516064, -1.2797836395384494], [36.90101209336634, -1.279862632401855], [36.90110209527916, -1.280039616411998], [36.901192097192315, -1.2802176003319308], [36.901207097511275, -1.2802475976218564], [36.901305099594595, -1.2804415800963729], [36.901393101464194, -1.28061256464815], [36.901591105671464, -1.2809985297767326], [36.901596105777756, -1.2810085288733961], [36.90178110970861, -1.2813684963506584], [36.90196911370325, -1.2817344632857395], [36.90211012269943, -1.2820090404777533], [36.90236668915098, -1.2825086373391803], [36.90259712704726, -1.2829573527974194], [36.90261287938174, -1.2829871021094572], [36.90257490960517, -1.2830083862021835], [36.90251728942679, -1.2830406853078824], [36.90237387149371, -1.2831210781039104], [36.90237148144438, -1.2831210781046813], [36.902370870431724, -1.2831210781048783], [36.902282975637206, -1.283179937824951], [36.90228315464102, -1.2831802527964247], [36.90141710295897, -1.2837602807659936], [36.901168097879584, -1.2839412645243458], [36.90050928544035, -1.2844193456210515], [36.89973506864684, -1.2849811712025736], [36.89946206307771, -1.285179153435555], [36.899261014976545, -1.2853254083104293], [36.89912805626435, -1.2854221316303323], [36.898571044901864, -1.2858270952883706], [36.89815641045554, -1.2861655678969444], [36.89805903447187, -1.2862450577595526], [36.89805898147084, -1.2862452827392095], [36.89804302316322, -1.2863130966285095], [36.89799103316106, -1.2865340317199945], [36.8979735178237, -1.2866094179268717], [36.897968032718055, -1.286633022799806], [36.89792203183404, -1.286837004418307], [36.89792173582797, -1.2868372024005639], [36.89778302899589, -1.2869299960766507], [36.89710668921117, -1.287459151572753], [36.89685901016311, -1.2876529311766125], [36.89626991215654, -1.288114624728557], [36.89603688840732, -1.288297253333305], [36.89603099328713, -1.288301872918614], [36.89527070278871, -1.2888892101946408], [36.89457096452462, -1.2894297736693818], [36.8940889536988, -1.2898017382790359], [36.89406598623052, -1.2898193446986377], [36.8940589530871, -1.2898247362147608], [36.894058619080255, -1.2898249941915358], [36.89391468014613, -1.2899361462137209], [36.892780927034345, -1.290811647621903], [36.892636240085096, -1.2909240775290043], [36.89260592346711, -1.2909476354141993], [36.89235191828647, -1.2911356185428142], [36.89189090888389, -1.291476587941035], [36.89145289995002, -1.291799558955049], [36.8914328995422, -1.2918145576089268], [36.89131589715469, -1.2918975501619019], [36.891202677845286, -1.2919805107166205], [36.89118628651091, -1.2919925216387151], [36.89092288913807, -1.292185524317644], [36.89082288710356, -1.292275516233881], [36.89027687597393, -1.2927004780845726], [36.89009034517067, -1.2928421893644393], [36.89007287181437, -1.2928554641729129], [36.890039942142934, -1.2928803459395768], [36.889720864636715, -1.293121440299252], [36.8897201066212, -1.2931219942494947], [36.88947585963885, -1.2933004242365231], [36.889359857272176, -1.2933844166990736], [36.88917685354308, -1.2935304035921775], [36.88917038441122, -1.2935355421308217], [36.889143599865406, -1.293556820220467], [36.88885084689954, -1.2937893803413638], [36.88885379995698, -1.2937785553166943], [36.8888538469579, -1.2937783813323562], [36.888099831581854, -1.2943453304449966], [36.888048780541965, -1.2943874826598654], [36.88791058772719, -1.2945015874138335], [36.88781282573589, -1.2945823091654252], [36.88770156546497, -1.294659432245939], [36.887486819081744, -1.2948082888905126], [36.88736681662268, -1.294861284149992], [36.887180812806236, -1.2949282781683298], [36.88706931451607, -1.2949607952719497], [36.8870337127848, -1.2949711773472445], [36.88696480836947, -1.2949912725572732], [36.88670880310612, -1.2950502673198996], [36.88666320716664, -1.2950545679468715], [36.88654979983011, -1.295065266018931], [36.88651590813074, -1.2950652660299624], [36.88650165883679, -1.2950652660346], [36.886477192331974, -1.2950652660425634], [36.886456085896405, -1.2950652660494333], [36.88645179780793, -1.2950652660508288], [36.88643524846633, -1.2950649860814425], [36.88642147018197, -1.2950647521070988], [36.88640002673949, -1.2950643891467841], [36.88639279659028, -1.2950642661602194], [36.88632251003674, -1.2947422752231867], [36.88629479442409, -1.2946153066833443], [36.88616479153986, -1.2939853635394054], [36.88610179013103, -1.2936453942211894], [36.886056789125, -1.2934034160593417], [36.88600978809299, -1.2932094335695339], [36.885899785679236, -1.2927594741860846], [36.88587111805053, -1.292643486656023], [36.885831336178164, -1.2924825321850206], [36.8857487823679, -1.2921485293347048], [36.885712781578086, -1.292001542602614], [36.885669780635155, -1.2918275583076806], [36.88565440429846, -1.2917668987834081], [36.88552277741647, -1.291247610659004], [36.88545777599463, -1.2909956334050288], [36.8854237752443, -1.2908426472132568], [36.88537477416093, -1.2906166676094044], [36.88527296793439, -1.2902228831562126], [36.88522277083671, -1.29002872068316], [36.88514276908469, -1.2897117492951773], [36.88508976792217, -1.2894957687906752], [36.88502576651788, -1.2892337924377575], [36.884941764692655, -1.2889458184358351], [36.88482476212273, -1.2884578624798524], [36.88482226006787, -1.2884475234130286], [36.88462913182834, -1.2876493964539157], [36.88454675602009, -1.2873089661817956], [36.88445475401874, -1.286985995338172], [36.884388752573436, -1.2867240189853688], [36.88433575141193, -1.2865110382097131], [36.884307641795175, -1.2863957486159998], [36.88422774904236, -1.286068078192095], [36.884169747775516, -1.285848098049115], [36.8840737456647, -1.2854401348711701], [36.88405874533481, -1.2853761406471826], [36.883970743399345, -1.2850001745809265], [36.88393474260851, -1.2848491882087936], [36.88384074055177, -1.284481221422969], [36.883818346064594, -1.2844023275449117], [36.883733738224024, -1.284104255452753], [36.88368773722271, -1.2839402702559743], [36.883567734600604, -1.283481311683896], [36.88341173119105, -1.2828813658375784], [36.88318822230499, -1.2820177917865632], [36.88314672539778, -1.281857458258783], [36.88314672539746, -1.2818564583489602], [36.88312272483969, -1.2816594761204645], [36.88311472465847, -1.2816084807217232], [36.88303929094365, -1.2811095487392503], [36.88303972295259, -1.2811095257411835], [36.882940720703004, -1.280457584564192], [36.8828220799865, -1.279610685974071], [36.882746716261096, -1.2790727095118044], [36.882723715733896, -1.2789067244873205], [36.88268372979614, -1.2785508865885793], [36.882683051782195, -1.2785509135863649], [36.88262945852633, -1.2780769243463972], [36.88260504795435, -1.2778610388220544], [36.88245104146946, -1.2768902134168865], [36.88237903784096, -1.2764382951920206], [36.882263649290365, -1.2759015916264422], [36.8820310221486, -1.274819587270441], [36.882021901949095, -1.2747838434965064], [36.881981020054944, -1.2746236219574334], [36.88198041504175, -1.274621246171931], [36.88198006603408, -1.2746198752956366], [36.881963123663525, -1.2745533932960265], [36.881861015430154, -1.2741527074601346], [36.88186069642336, -1.2741521535102316], [36.88177469454443, -1.2738211833825357], [36.881546689520306, -1.2728082747927312], [36.88143790410287, -1.2722602042485123], [36.88136568549805, -1.2718963570804425], [36.88130911026473, -1.2716869529809178], [36.88130869925582, -1.2716854281186005], [36.88130868525552, -1.2716853761232894], [36.88124669890306, -1.2714524491465657], [36.88100684666882, -1.2705466688987297], [36.88089346319446, -1.2701184845447335], [36.880892690177625, -1.2701155698078292], [36.88089267617731, -1.2701155178125176], [36.88081956157525, -1.2698186216071372], [36.88079467302998, -1.2697175537284107], [36.88078372178991, -1.2696727567712929], [36.88078368678913, -1.2696726097845457], [36.88078367378885, -1.2696725577892336], [36.880567381050234, -1.2687957419208513], [36.880470679931605, -1.2684037242998505], [36.8804706669314, -1.26840367230445], [36.88023252273787, -1.2675136506328515], [36.88012365836387, -1.267106789353672], [36.88005065676497, -1.2668118159742212], [36.880005655784025, -1.2666448310453253], [36.87998592535366, -1.2665708517221932], [36.87998567034807, -1.2665698898090174], [36.87998565634776, -1.2665698378137062], [36.87992478601522, -1.266325815836124], [36.879876666961835, -1.2661329292435504], [36.87987665496158, -1.2661328772482388], [36.87986334766773, -1.2660715807794303], [36.87984877034593, -1.2660044328386864], [36.87984766632298, -1.2660039298843462], [36.879726665658225, -1.2654679892472465], [36.879713081357615, -1.265403390076372], [36.87969699800178, -1.265326910977374], [36.87967077542167, -1.2652022132293397], [36.87962627243703, -1.2649905803257873], [36.87959966284835, -1.2648640437436707], [36.87958552753395, -1.264791541285522], [36.87956265902538, -1.2646742498685557], [36.87950895383086, -1.264398791722789], [36.879508931830365, -1.2643986807327061], [36.87950107165562, -1.2643583663702482], [36.8794981155899, -1.264343204738248], [36.879493074477715, -1.2643173480713348], [36.879491748448295, -1.2643105466849833], [36.8794927384684, -1.264309523776905], [36.87949264446629, -1.2643090418203513], [36.87949374248879, -1.264308486870083], [36.879494040494905, -1.2643083358835898], [36.879661189917584, -1.264223817451236], [36.87966326596009, -1.2642227675452447], [36.87966372496957, -1.2642229525283457], [36.87972843126433, -1.264093555175125], [36.879729121278196, -1.2640921752993874], [36.879730917312344, -1.2640829711286723], [36.87973065630661, -1.2640819592200008], [36.879731593325914, -1.2640818532292506], [36.879731580325625, -1.264081797234299], [36.87973512139657, -1.2640749218530667], [36.879796717630136, -1.2639553126182772], [36.87992811026166, -1.2637001715816782], [36.88007622028406, -1.2635919492925578], [36.880076378287505, -1.2635924772449474], [36.880077194303595, -1.2635902064494267], [36.88007765631337, -1.2635911063681242], [36.880143146649914, -1.2635433206560225], [36.880150660803245, -1.2635378381479638], [36.880151657823504, -1.2635371112132208], [36.88021802819312, -1.263537111192148], [36.880327661455325, -1.2635371111573386], [36.88032924048768, -1.2635362322360137], [36.880342805765295, -1.263528676913026], [36.880485664688216, -1.2634491190409913], [36.880552968055596, -1.2633806871898776], [36.88058695474616, -1.2633461312948404], [36.88069547895104, -1.263235787209695], [36.880722669503506, -1.263208140693861], [36.88077237852167, -1.263183832869763], [36.88097386164841, -1.2630853086893554], [36.88097650370247, -1.2630840168050719], [36.88097627169709, -1.2630821659719633], [36.880987664930466, -1.2630764704819482], [36.88099549209146, -1.2630747316361932], [36.88099667511561, -1.2630741526880602], [36.881077250772535, -1.2630558203154334], [36.881163678549775, -1.2630361560610184], [36.88116622960264, -1.2630367940026523], [36.88116710562064, -1.2630365990200279], [36.88134085021925, -1.263079318113047], [36.88134905638751, -1.2630760014094882], [36.88142052885248, -1.263044352240529], [36.88147968506489, -1.2630181575835857], [36.8815424163384, -1.262951069612688], [36.8815943453921, -1.26289420172376], [36.881819358012855, -1.2628230030721053], [36.88194183354018, -1.262823003033239], [36.88194209554581, -1.2628236509746988], [36.88194230755028, -1.262824174927432], [36.88195469480594, -1.262824174923501], [36.88211369804315, -1.2626841874951156], [36.88223735054236, -1.2625170905223684], [36.88226122402491, -1.2624848294236404], [36.88231570212601, -1.2624112120441693], [36.8825617071066, -1.2621052395542893], [36.882581341494834, -1.26205101743708], [36.88313371886875, -1.2619742511835215], [36.883848733592195, -1.2618772597021255], [36.88442974555585, -1.2617972667305475], [36.88497975688122, -1.2617222733179079], [36.885304720572556, -1.2616778962161372], [36.8854117657768, -1.2616632785002497], [36.885799773753725, -1.261570286761954], [36.886358785246244, -1.2614362986658312], [36.88643478680877, -1.2614183002646928], [36.886795794230444, -1.2613313079939998], [36.887218802926974, -1.2612303169657855], [36.887751627880746, -1.2611020713603622], [36.887999818983054, -1.261042333668052], [36.88822582362933, -1.2609883384649414], [36.88853583000264, -1.2609143450384115], [36.88869483326702, -1.2608623496762137], [36.88896283876965, -1.2607753574350522], [36.889279677274914, -1.260672894573404], [36.88953485051397, -1.260590373933148], [36.889957448186536, -1.260440494313303], [36.8900028601185, -1.2604243887511843], [36.890173863625556, -1.260356394827746], [36.89033586694426, -1.2602804016283877], [36.89046386956376, -1.2602114078088276], [36.89048804405846, -1.2601981819936652], [36.89056987173272, -1.2601534130044287], [36.890635873083305, -1.2601174162292625], [36.89093487919787, -1.2599424319121653], [36.89096518581608, -1.2599196269588724], [36.891196127526726, -1.2597458525542524], [36.891229885215346, -1.2597204518338805], [36.891548891724725, -1.2594884726495479], [36.89179110166651, -1.2593105826125524], [36.892177899558405, -1.259026507104123], [36.89227590655807, -1.2589545205638384], [36.8924619103548, -1.2588235323156556], [36.89273991602958, -1.2586275498986605], [36.89289891927482, -1.2585145600361605], [36.89304992235878, -1.2584135690943143], [36.893154924503115, -1.2583425754622837], [36.89321392570825, -1.258303578959741], [36.89337392898595, -1.2582285856709705], [36.893495931485056, -1.2581705908615255], [36.893927940348505, -1.258011605059959], [36.89404695179017, -1.2579676379866496], [36.894046942790084, -1.2579676089892649], [36.8941769454572, -1.2579196132757486], [36.89421817430373, -1.2579064004540275], [36.894254947058755, -1.2578946155049997], [36.89439422491849, -1.2578504924394265], [36.89445695120639, -1.2578306212112504], [36.89447895165815, -1.2578236218353516], [36.89476395751023, -1.2577336298594435], [36.89476479352729, -1.2577333628832288], [36.89516828081172, -1.257604604365273], [36.89516816580923, -1.257604262396204], [36.89523583319865, -1.25758289630131], [36.89528096812531, -1.2575686445720342], [36.89566997610806, -1.2574306568908635], [36.89566984810533, -1.2574303799158546], [36.89605998411108, -1.257291669299464], [36.89634398993893, -1.257190678315622], [36.89683099993217, -1.2570166938491456], [36.897836020569045, -1.2567037217509942], [36.89801802530923, -1.2566567279307466], [36.89829302996063, -1.2565857322452374], [36.89865803746226, -1.2564937404244751], [36.89895704361743, -1.2564507442067174], [36.89912004697274, -1.2564267463190748], [36.89920028762788, -1.2564257113870456], [36.89943005336707, -1.2564227465818094], [36.89966105814541, -1.2564637428123804], [36.899807061165546, -1.256489740422082], [36.90011306750586, -1.2565777323914955], [36.90040607357669, -1.2566617247256546], [36.90066607896797, -1.2567497167095645], [36.901035086625015, -1.2568927037003095], [36.90153909709695, -1.2571316819930405], [36.90157945493569, -1.2571513662054454], [36.90157909792841, -1.2571516801771858], [36.90157972794146, -1.2571520061476216], [36.901599259347556, -1.2571621212294375], [36.9017220108997, -1.2572256914587083], [36.901904815700384, -1.2573203628645875], [36.90202510720135, -1.2573826592094652], [36.90208046935289, -1.2574131144459253], [36.90213013238595, -1.2574404349667536], [36.90219110865428, -1.2574739789229237], [36.902233971545854, -1.25749755778341], [36.902314113212924, -1.2575416447827714], [36.902490116869835, -1.2576256371537478], [36.90249125189339, -1.2576260571154678], [36.90257111855025, -1.2576556344233443], [36.90270812138677, -1.2576886314047326], [36.90287187576114, -1.2576766564326896], [36.90287212476638, -1.2576766324347723], [36.90296272062466, -1.257642610473834], [36.90439515600694, -1.2571046835246034], [36.90504016923373, -1.2568507062213274], [36.90508184208908, -1.256836657474893], [36.90532405306013, -1.2567550037608717], [36.90544531354885, -1.2567141244085431], [36.90547617818228, -1.2567037193370183], [36.905673182234345, -1.2566657227008884], [36.905819185246266, -1.2566657226547542], [36.906763204744664, -1.2567457151436174], [36.90690420765686, -1.2567567141073204], [36.90722921437206, -1.2567917108489741], [36.907497219909516, -1.256820708149632], [36.90766522337641, -1.2568247077358714], [36.90773922490042, -1.2568167084337265], [36.90782522666786, -1.2567957102999519], [36.907881227816844, -1.2567757120854042], [36.90798422992258, -1.2567147175527351], [36.9082102345361, -1.25655873154629], [36.90838423808832, -1.2564397422203895], [36.90838621612872, -1.2564385113307388], [36.90852724101048, -1.2563507501994737], [36.90857824205262, -1.256318753068415], [36.90867124794652, -1.2562397631614508], [36.908692384375186, -1.256216279272285], [36.90877024595443, -1.2561297700481067], [36.90888524828531, -1.2559967820030773], [36.90901801297969, -1.2558546137801432], [36.90918125429261, -1.2556798104902724], [36.90930425678817, -1.2555458225328686], [36.9096062629196, -1.2552298509279713], [36.909632263447875, -1.255203853263896], [36.90968426450339, -1.2551488582062418], [36.90979326671613, -1.2550338685402702], [36.90984026766977, -1.2549828731235295], [36.9099422697387, -1.2548698832793428], [36.91008627267019, -1.2547448945038875], [36.91021827536581, -1.2546569023962697], [36.910346277986, -1.2545919082161974], [36.91046928050733, -1.2545409127755651], [36.91059528310244, -1.2545279139078758], [36.91085328841594, -1.2545009162607719], [36.911050292474265, -1.2544839177313478], [36.91111180774083, -1.2544763523940838], [36.91123729632451, -1.2544609197460734], [36.91126664593066, -1.25446349950415], [36.9113282982041, -1.2544689189960396], [36.91139629961736, -1.25450291590922], [36.911420982133976, -1.25452697873169], [36.911436300454604, -1.2545419123803152], [36.91146330102919, -1.254598907232704], [36.911470204185825, -1.2546446521057757], [36.91152230236783, -1.2549898719615205], [36.91152500442856, -1.2550060804992722], [36.91152530243529, -1.255007870337762], [36.911581303704146, -1.2553738373214742], [36.91165430537178, -1.2558937904149363], [36.9116586214697, -1.2559223428390895], [36.91171930684632, -1.256323751625313], [36.911732307141264, -1.2564097438673716], [36.911760307772596, -1.2565827282606723], [36.91176672791917, -1.256627890186431], [36.91178830841159, -1.2567797104900218], [36.9118469307491, -1.2571918533087503], [36.91184905879764, -1.2572068109593448], [36.91185230987183, -1.2572296698971583], [36.91185730998748, -1.2572696662890481], [36.91186631018864, -1.2573196617781706], [36.91190664409771, -1.2575672634392594], [36.911909311157864, -1.2575836379618597], [36.91194023685418, -1.257771164042902], [36.91194031185587, -1.2577716210016237], [36.91194615798631, -1.2578033561381738], [36.91194731201207, -1.2578096175731994], [36.91194731801229, -1.2578096505703134], [36.91194900405006, -1.2578193796925095], [36.911986312886675, -1.2580345972744393], [36.91202431372292, -1.258202582115202], [36.91203531396417, -1.2582485779642407], [36.91204731422752, -1.2582995733621194], [36.91209531528151, -1.25850455486362], [36.91211431569719, -1.2585805480053216], [36.912163316770894, -1.2587825297768769], [36.91218131716618, -1.2588595228286206], [36.91223831842062, -1.2591115000894992], [36.912276319262425, -1.2592974833071593], [36.91233532056586, -1.259574458313259], [36.91234532078611, -1.259619454252822], [36.912345320786265, -1.2596199412088638], [36.91233449556429, -1.2596241888292754], [36.9122936427263, -1.2596389085148958], [36.91218964059275, -1.2596763841686016], [36.91216410806889, -1.2596855833472376], [36.91204379560073, -1.259728935476175], [36.91199546060915, -1.2597463519210421], [36.91189102246671, -1.2597839835608364], [36.91180173863508, -1.2598161556881136], [36.911754245660745, -1.2598332681600999], [36.91171783691393, -1.2598466609640293], [36.911655261630344, -1.259869678908245], [36.91163491721303, -1.2598771622399054], [36.91155500157383, -1.2599065586145475], [36.9114774919839, -1.2599350700682375], [36.91144391929522, -1.2599474199652232], [36.91143623213762, -1.259950247712645], [36.91143161804308, -1.259952367522958], [36.91139923037964, -1.2599672441917569], [36.91137723192905, -1.2599772922927084], [36.911349932369795, -1.259989760177077], [36.91132528286486, -1.2600010191696913], [36.91130794150961, -1.2600089394610356], [36.91128505704081, -1.2600193915257856], [36.91127904991779, -1.2600221352802412], [36.91084320798969, -1.2602211994684884], [36.91077725263972, -1.2602546944690263], [36.90996317197636, -1.260668119448009], [36.90948080811666, -1.2609571025428044], [36.909480755115545, -1.260957085544352], [36.90944448837427, -1.2609788625922052], [36.909182256014184, -1.2611363184772735], [36.90891425054271, -1.2613183021524481], [36.908829248807415, -1.261376296950007], [36.90865187818941, -1.2615068472342816], [36.908397239995296, -1.261694268414912], [36.90803030950966, -1.2619610614741397], [36.90803032351021, -1.2619618824000898], [36.90747806924396, -1.262363815332285], [36.90680004142808, -1.2629097173223163], [36.906796491355756, -1.2629124130803184], [36.90664203520628, -1.2630296955537563], [36.90645602740862, -1.2631556732531548], [36.906429026864764, -1.263197665475201], [36.90608301282907, -1.2635236071941043], [36.90599953013441, -1.2636113423093014], [36.90582900167268, -1.2637905592030194], [36.90553427969576, -1.2641188046979488], [36.90544298684434, -1.264220481558448], [36.905230977551376, -1.2644774354554977], [36.904896963788744, -1.2648853627777215], [36.904588951556754, -1.265274292804526], [36.904573825250964, -1.265294259008882], [36.90443792450365, -1.2654736428765543], [36.9042888704905, -1.2656703911824263], [36.90428294137068, -1.2656782214782534], [36.903831921274396, -1.2663411008474368], [36.90381647196291, -1.2663642087685807], [36.90357591011328, -1.2667240323985358], [36.902871881906634, -1.267733850562979], [36.90248552009328, -1.268233989586301], [36.902240856145404, -1.2685507041045108], [36.90210785145561, -1.2687226726396699], [36.901557828299936, -1.2693305639984056], [36.901148758991404, -1.2697455177103567], [36.90094180378799, -1.2699554508455326], [36.90059857381229, -1.2702895538271612], [36.90052478631268, -1.27036137837379], [36.900463484066734, -1.2704209120249104], [36.900105768796344, -1.2707683058126609], [36.899950865642545, -1.2709013968605234], [36.89978575628097, -1.271043256120887], [36.89952074488551, -1.2712712146491771], [36.89885971841583, -1.2718031198951745], [36.898666710478416, -1.2719440942443496], [36.898163690216165, -1.2723100284065325], [36.89798560557973, -1.2724291967173016], [36.89778567449716, -1.2725629837167616], [36.897533574343306, -1.2727125993056105], [36.897351276616476, -1.2728207886077623], [36.89753700356497, -1.273191284138178], [36.89795802851585, -1.274031159265614], [36.898061030705534, -1.2742361407478229], [36.89810103155604, -1.2743161335213788], [36.89834703677932, -1.2747850911527807], [36.89844003875416, -1.2749630750726373], [36.89853204070774, -1.2751390591731377], [36.8987190446785, -1.275496026922291], [36.898910048734294, -1.2758609939486234], [36.899113053044665, -1.2762479589871623], [36.899219055295355, -1.2764499407385117], [36.89932405752511, -1.2766509225803218], [36.899418059521366, -1.2768309063191854], [36.89949206109222, -1.2769708936713875], [36.899774067079356, -1.2775058453386146], [36.89990606988201, -1.2777568226628782], [36.89997007124103, -1.2778788116413005], [36.90015907525375, -1.2782377792085229], [36.90031207850272, -1.2785297528287731], [36.90043008100805, -1.278753732591965]]]}}, {"type": "Feature", "properties": {"county": "NAIROBI", "subcounty": "Embakasi Central Sub County", "ward_count": 5}, "geometry": {"type": "Polygon", "coordinates": [[[36.91945847307008, -1.2773338545255315], [36.9193834715374, -1.277378850491643], [36.919187467528566, -1.2774858409056162], [36.91889246150537, -1.277679823505978], [36.9186614567934, -1.2778458086107338], [36.91858245518289, -1.2779058032255566], [36.91853645424804, -1.277949799272532], [36.91846045270582, -1.2780297920828065], [36.91840745163224, -1.278091786508725], [36.91837345094366, -1.2781317829125756], [36.91831444975228, -1.2782127756271975], [36.91827844902721, -1.2782677706789336], [36.91824344832686, -1.2783357645581352], [36.918220447872706, -1.2783997587942115], [36.918203447543696, -1.2784677526675323], [36.91819044730714, -1.2785677436539455], [36.91818144716021, -1.2786897326551063], [36.918179447127834, -1.2787177301307753], [36.91817444705602, -1.2788167212047834], [36.918181447233714, -1.2789217117338194], [36.91819444753537, -1.2790277021708225], [36.91821544805254, -1.2792926782668161], [36.9182184481255, -1.279327675109573], [36.918242448684275, -1.2795286569760036], [36.918251448887695, -1.279584651923123], [36.91827044930176, -1.2796546456045252], [36.918315450266704, -1.2797706351292326], [36.918345450901654, -1.2798216305205063], [36.91835845118239, -1.2798616269091942], [36.91836245127638, -1.279897623661429], [36.918352451085624, -1.2799466192459434], [36.91830745019901, -1.2800776074470026], [36.91826244930731, -1.2801925970908363], [36.91824544897065, -1.2802365931285227], [36.918211448290315, -1.28030258718761], [36.918162447299984, -1.2803665814318965], [36.918089445824414, -1.2804615728884372], [36.91803444471089, -1.2805275669542828], [36.9179704434098, -1.2805875615641373], [36.91791344225164, -1.2806425566226636], [36.91788144160295, -1.2806785533864784], [36.91786244121997, -1.2807065508675881], [36.917825440474616, -1.2807625458294847], [36.9177974399139, -1.2808155410590365], [36.917785439679065, -1.2808555374557533], [36.917774439470556, -1.2809135322288991], [36.91776843936737, -1.2809785263691331], [36.91777243946422, -1.2810235223097641], [36.91778943983327, -1.2810815170738812], [36.9178794417369, -1.281230503608112], [36.91798544396811, -1.28137149085865], [36.918096446293745, -1.2814854805423965], [36.91815544752211, -1.2815214772768637], [36.91820844862422, -1.2815494747347507], [36.918321450971725, -1.2816024699188215], [36.91860945695492, -1.2817374576516505], [36.918671458245136, -1.281773454385224], [36.918707458996614, -1.2818014518484908], [36.91873045947891, -1.2818264495865959], [36.91874545979718, -1.281854447056721], [36.91875145993052, -1.2818844443493738], [36.91874945990802, -1.281943439029379], [36.91873445963633, -1.2820624283027424], [36.918728459532, -1.2821234228036582], [36.91871245925631, -1.2822944073879834], [36.91871045922143, -1.2823144055850737], [36.91870445911391, -1.282365400987757], [36.91868645876832, -1.282446393688975], [36.918562963320845, -1.282760076438064], [36.91856245631084, -1.2827613653220025], [36.918557456207324, -1.2827603654138027], [36.918398452922695, -1.2827443669080048], [36.91759011623695, -1.2827024989448434], [36.917590094236346, -1.2827020389862962], [36.917534499088745, -1.2826991442653317], [36.91751049759335, -1.2826981443632612], [36.91740290436675, -1.2826749704880325], [36.91734039907324, -1.282661507722339], [36.917167479494765, -1.2826242631371898], [36.916888421719996, -1.2825643836276792], [36.91652533019491, -1.282451324941353], [36.916518457052426, -1.2824491881362852], [36.916371389004496, -1.2824035892961594], [36.91628844328554, -1.282377872642344], [36.916202443503124, -1.2823512080748352], [36.91568742180807, -1.2821242487099858], [36.91554758289452, -1.2820321270633395], [36.91542941143234, -1.2819542801222306], [36.91542932543062, -1.2819544711050492], [36.9153353894734, -1.2818924447292768], [36.91495036745739, -1.2816583839628257], [36.91490938060404, -1.2816334682231023], [36.91471137649012, -1.2815394767637045], [36.91455776929855, -1.2814665043943836], [36.914490339897576, -1.2814345253002348], [36.91430506004802, -1.2813466562846014], [36.914009351903985, -1.2812064160277516], [36.91398742544867, -1.2811969308902658], [36.913905347744446, -1.281161424118946], [36.913725234004346, -1.281082789268772], [36.913685159172154, -1.2810652928595991], [36.913676354989335, -1.2810615202027222], [36.913676310988414, -1.2810615032042671], [36.91319334496765, -1.2808765370412802], [36.913162382324586, -1.280862605307708], [36.91309332589031, -1.2808316431223323], [36.91302424045552, -1.2808006689380451], [36.91299930993771, -1.2807894909541393], [36.9126519967437, -1.280694865599896], [36.91265196474304, -1.280694891597564], [36.91257733219718, -1.2806745554556438], [36.91257727119582, -1.280674539457105], [36.91254967462433, -1.2806673541140385], [36.91219331424435, -1.2805749845592458], [36.91210646944586, -1.2805524746172963], [36.912095639221555, -1.2805496678738588], [36.912091272131114, -1.2805485349775199], [36.91194628712576, -1.2805018832314963], [36.911659400178756, -1.2804095646496976], [36.91160397502986, -1.2803917282761637], [36.91151030908821, -1.280361587024624], [36.91151024908696, -1.2803615670264457], [36.91141430609646, -1.2803255933016917], [36.91141424409518, -1.2803255763032435], [36.911191257454064, -1.2801947011779862], [36.91071921462909, -1.279917650315824], [36.910520208467716, -1.2797396834299182], [36.90993118215367, -1.2792227752365657], [36.90980707156169, -1.279122089356707], [36.90979305126887, -1.2791107153870063], [36.90976435066939, -1.2790874304961952], [36.90973892313837, -1.2790668023646876], [36.90971639366785, -1.2790485250202592], [36.90968399499119, -1.279022241401004], [36.909652298329256, -1.278996526730348], [36.90963416895064, -1.2789818190625142], [36.90960384432097, -1.2789688262440047], [36.90958516693321, -1.2789608229718281], [36.909560440418275, -1.2789456773456664], [36.90951339643875, -1.2789168599596794], [36.90947182557319, -1.2788913962694037], [36.90944793807578, -1.2788767645966623], [36.909426040619884, -1.278863351813368], [36.909415667403835, -1.2788569973897788], [36.909385885783756, -1.2788387550445244], [36.90937417453991, -1.278831581695151], [36.90936950944283, -1.2788287239544036], [36.90936302330768, -1.2788247513147843], [36.909339727822655, -1.2788104816091486], [36.90931938539909, -1.2787980207394953], [36.909307161144525, -1.2787905334185763], [36.9093011550195, -1.2787868547523153], [36.90928439067152, -1.2787799043845636], [36.909231382571086, -1.27875793138318], [36.90921236017612, -1.2787500451004818], [36.909194023795564, -1.278742443791887], [36.909178150466055, -1.278735863390425], [36.90916478418807, -1.2787288330287891], [36.909101721876745, -1.278695662040563], [36.90897378321631, -1.2786283661506372], [36.908836167354636, -1.27855598072292], [36.908665985815816, -1.2784664648505526], [36.908600808460214, -1.2784312740450674], [36.90853812315623, -1.2783969251629217], [36.90851680271295, -1.2783859181624024], [36.90838289492882, -1.2783167814404874], [36.90834257809052, -1.2782959673304992], [36.90823620587886, -1.2782410473175467], [36.90820923231802, -1.2782271215820866], [36.90795910911765, -1.2780979843085545], [36.90786823428949, -1.2782447760996012], [36.90786816528807, -1.278244841093767], [36.90741414505735, -1.278670909815469], [36.907087218410624, -1.2789777102522832], [36.90682621310408, -1.2792226882432816], [36.90609319818873, -1.2798716299551407], [36.90546318563639, -1.2812715039114777], [36.90541319862894, -1.2813460912009096], [36.905333183016154, -1.2814654864590882], [36.90515717942063, -1.2815764765062325], [36.90357361203188, -1.2824544168397944], [36.9031917112207, -1.2826661458682003], [36.903191631219, -1.2826660048809295], [36.90280688834972, -1.2828791207852115], [36.90261287938174, -1.2829871021094572], [36.90259712704726, -1.2829573527974194], [36.90236668915098, -1.2825086373391803], [36.90211012269943, -1.2820090404777533], [36.90196911370325, -1.2817344632857395], [36.90178110970861, -1.2813684963506584], [36.901596105777756, -1.2810085288733961], [36.901591105671464, -1.2809985297767326], [36.901393101464194, -1.28061256464815], [36.901305099594595, -1.2804415800963729], [36.901207097511275, -1.2802475976218564], [36.901192097192315, -1.2802176003319308], [36.90110209527916, -1.280039616411998], [36.90101209336634, -1.279862632401855], [36.900972092516064, -1.2797836395384494], [36.90091209124244, -1.2796706497474273], [36.90081008907665, -1.2794766672740567], [36.90071408703811, -1.2792936838068292], [36.90060808478731, -1.279091702056026], [36.90050608262156, -1.278897719582549], [36.90045308149643, -1.278797728616934], [36.90043008100805, -1.278753732591965], [36.90031207850272, -1.2785297528287731], [36.90015907525375, -1.2782377792085229], [36.89997007124103, -1.2778788116413005], [36.89990606988201, -1.2777568226628782], [36.899774067079356, -1.2775058453386146], [36.89949206109222, -1.2769708936713875], [36.899418059521366, -1.2768309063191854], [36.89932405752511, -1.2766509225803218], [36.899219055295355, -1.2764499407385117], [36.899113053044665, -1.2762479589871623], [36.898910048734294, -1.2758609939486234], [36.8987190446785, -1.275496026922291], [36.89853204070774, -1.2751390591731377], [36.89844003875416, -1.2749630750726373], [36.89834703677932, -1.2747850911527807], [36.89810103155604, -1.2743161335213788], [36.898061030705534, -1.2742361407478229], [36.89795802851585, -1.274031159265614], [36.89753700356497, -1.273191284138178], [36.897351276616476, -1.2728207886077623], [36.897533574343306, -1.2727125993056105], [36.89778567449716, -1.2725629837167616], [36.89798560557973, -1.2724291967173016], [36.898163690216165, -1.2723100284065325], [36.898666710478416, -1.2719440942443496], [36.89885971841583, -1.2718031198951745], [36.89952074488551, -1.2712712146491771], [36.89978575628097, -1.271043256120887], [36.899950865642545, -1.2709013968605234], [36.900105768796344, -1.2707683058126609], [36.900463484066734, -1.2704209120249104], [36.90052478631268, -1.27036137837379], [36.90059857381229, -1.2702895538271612], [36.90094180378799, -1.2699554508455326], [36.901148758991404, -1.2697455177103567], [36.901557828299936, -1.2693305639984056], [36.90210785145561, -1.2687226726396699], [36.902240856145404, -1.2685507041045108], [36.90248552009328, -1.268233989586301], [36.902871881906634, -1.267733850562979], [36.90357591011328, -1.2667240323985358], [36.90381647196291, -1.2663642087685807], [36.903831921274396, -1.2663411008474368], [36.90428294137068, -1.2656782214782534], [36.9042888704905, -1.2656703911824263], [36.90443792450365, -1.2654736428765543], [36.904573825250964, -1.265294259008882], [36.904588951556754, -1.265274292804526], [36.904896963788744, -1.2648853627777215], [36.905230977551376, -1.2644774354554977], [36.90544298684434, -1.264220481558448], [36.90553427969576, -1.2641188046979488], [36.90582900167268, -1.2637905592030194], [36.90599953013441, -1.2636113423093014], [36.90608301282907, -1.2635236071941043], [36.906429026864764, -1.263197665475201], [36.90645602740862, -1.2631556732531548], [36.90664203520628, -1.2630296955537563], [36.906796491355756, -1.2629124130803184], [36.90680004142808, -1.2629097173223163], [36.90747806924396, -1.262363815332285], [36.90803032351021, -1.2619618824000898], [36.90803030950966, -1.2619610614741397], [36.908397239995296, -1.261694268414912], [36.90865187818941, -1.2615068472342816], [36.908829248807415, -1.261376296950007], [36.90891425054271, -1.2613183021524481], [36.909182256014184, -1.2611363184772735], [36.90944448837427, -1.2609788625922052], [36.909480755115545, -1.260957085544352], [36.90948080811666, -1.2609571025428044], [36.90996317197636, -1.260668119448009], [36.91077725263972, -1.2602546944690263], [36.91084320798969, -1.2602211994684884], [36.91127904991779, -1.2600221352802412], [36.91128505704081, -1.2600193915257856], [36.91130794150961, -1.2600089394610356], [36.91132528286486, -1.2600010191696913], [36.911349932369795, -1.259989760177077], [36.91137723192905, -1.2599772922927084], [36.91139923037964, -1.2599672441917569], [36.91143161804308, -1.259952367522958], [36.91143623213762, -1.259950247712645], [36.91144391929522, -1.2599474199652232], [36.9114774919839, -1.2599350700682375], [36.91155500157383, -1.2599065586145475], [36.91163491721303, -1.2598771622399054], [36.911655261630344, -1.259869678908245], [36.91171783691393, -1.2598466609640293], [36.911754245660745, -1.2598332681600999], [36.91180173863508, -1.2598161556881136], [36.91189102246671, -1.2597839835608364], [36.91199546060915, -1.2597463519210421], [36.91204379560073, -1.259728935476175], [36.91216410806889, -1.2596855833472376], [36.91218964059275, -1.2596763841686016], [36.9122936427263, -1.2596389085148958], [36.91233449556429, -1.2596241888292754], [36.912345320786265, -1.2596199412088638], [36.91234532078611, -1.259619454252822], [36.91295533330514, -1.2594154724529243], [36.91325433944121, -1.2593144814646289], [36.91350808464831, -1.2592286921200238], [36.91367134799867, -1.259173494045663], [36.9138543517584, -1.2591254983155797], [36.91429036072681, -1.259045505390543], [36.91439536288669, -1.259026507070427], [36.915437384320555, -1.2588365238715713], [36.91620535911585, -1.2586923786262256], [36.91620540011675, -1.25869253661198], [36.91633169171416, -1.258668666724367], [36.916533406862825, -1.2586305420983164], [36.917179420149644, -1.2585095528035757], [36.91788243461327, -1.2583925631302282], [36.917916435312755, -1.2583865636604867], [36.917947133944296, -1.2583814481120699], [36.917980012620774, -1.2583759685957523], [36.918005924153796, -1.2583716499769673], [36.9180377148079, -1.258366352444599], [36.918102603142835, -1.2583555393990884], [36.918169449518125, -1.258344399382414], [36.918191877979545, -1.2583406617123054], [36.91827962778485, -1.258326038003303], [36.91833275787796, -1.2583171837848675], [36.91843923406856, -1.2582994403510803], [36.91849563022878, -1.2582900421807048], [36.9185454932546, -1.2582817319142998], [36.9186173487329, -1.2582697579712585], [36.91870444652489, -1.258255243252468], [36.91878645321199, -1.2582415764589001], [36.91880761464696, -1.2582368348797237], [36.9189296931564, -1.2582094803077524], [36.91896566789584, -1.2582014200231346], [36.919078488214915, -1.258176140266998], [36.919188926485, -1.2581513944634237], [36.919228296294236, -1.2581425722464632], [36.91935648092916, -1.2581138507957932], [36.91939413170308, -1.2581054135446956], [36.919445448757905, -1.258093915565279], [36.919522470341185, -1.2580766570971311], [36.91959254678156, -1.2580609554907474], [36.91961342221061, -1.258056277905986], [36.91970552110371, -1.2580356407377196], [36.91973878478753, -1.2580281873992825], [36.919804012128274, -1.2580135726965156], [36.919856740212126, -1.2580017577452092], [36.91992893369601, -1.2579855811810345], [36.91995836130093, -1.257978986766343], [36.91997347761166, -1.2579756000669322], [36.92003655190829, -1.257961635306206], [36.920113480489604, -1.2579446028177321], [36.92013674996805, -1.2579399082336573], [36.92017391773226, -1.2579324098980396], [36.92031459862495, -1.2579040284127958], [36.92032467183211, -1.2579019965927427], [36.92043154502961, -1.2578804355031306], [36.920496849372476, -1.2578672606705363], [36.920599592485054, -1.257846533507015], [36.920629256094955, -1.2578405490373], [36.92070645568233, -1.2578249744172274], [36.92078570231178, -1.2578089868338005], [36.9208267291554, -1.2578007095672248], [36.92089489655709, -1.2577869577857037], [36.920985484419695, -1.2577686824048848], [36.92100822188724, -1.2577640948114295], [36.921166445140635, -1.2577321746397083], [36.921248793833854, -1.257715562111603], [36.92134198475001, -1.2576967607775231], [36.921472083425094, -1.2576705151029581], [36.921491696828404, -1.2576665574536516], [36.92165923427319, -1.2576327584483413], [36.92173485982823, -1.257617501800215], [36.921813515445535, -1.2576016332061715], [36.921853668270856, -1.257592754994015], [36.921917946592124, -1.2575785412554343], [36.922019188673254, -1.257556155241932], [36.92222638693234, -1.2575103393077498], [36.922250845435066, -1.257504930787797], [36.922377272033906, -1.2574769752685302], [36.92254962357665, -1.2574388656504938], [36.92257123902088, -1.257434086074602], [36.92272283713716, -1.2574005650493034], [36.92274053450089, -1.2573966513966413], [36.92305469095844, -1.257327059572557], [36.923051615891076, -1.2573143907159317], [36.9240507104142, -1.2570501962230405], [36.92479757675598, -1.2568526997956462], [36.92502240637155, -1.2567843138911243], [36.925625321748754, -1.2566009272369918], [36.92567859484235, -1.25658472368126], [36.925678710845, -1.2565855196094298], [36.926710616028394, -1.256270751666713], [36.92671361609003, -1.2562697607551248], [36.926723570294236, -1.2562664950464528], [36.92741277543778, -1.2560410191604199], [36.92801564280925, -1.2558437897546704], [36.93043128933228, -1.2548983222471282], [36.930654696912285, -1.2548108820612727], [36.930705698004125, -1.2549398704139358], [36.93072069835927, -1.255086857154965], [36.93057969556778, -1.2554608234778284], [36.93057069546305, -1.2557208000377416], [36.93051269435001, -1.2559877759818927], [36.93053669491247, -1.2562047564084031], [36.93065969754159, -1.256501729590275], [36.93083370125516, -1.2569036932884816], [36.93099270467625, -1.2573596521223231], [36.93103870567816, -1.2575306366893118], [36.93115770823169, -1.2578496078884724], [36.93122170960396, -1.2580175927202117], [36.931482715167256, -1.2585975403405105], [36.93161471800955, -1.2589825055841335], [36.93169671980891, -1.2593294742700007], [36.9318077222457, -1.2598024315852223], [36.93182372262031, -1.2599454186860817], [36.93187772378007, -1.2600934053240045], [36.9321397294059, -1.2608063409505113], [36.93222173116603, -1.2610273209970793], [36.93232945048472, -1.261338797874587], [36.93236973435192, -1.2614552823575373], [36.93247773666509, -1.2617302575265805], [36.93261173953427, -1.2620682270065549], [36.932880745321846, -1.2628361576702372], [36.93294474671904, -1.2630831353777099], [36.93296074705995, -1.2631181322166063], [36.93305774912515, -1.263325113520353], [36.933073749468555, -1.2633681096379128], [36.93312775062906, -1.2635180960950385], [36.933175751644356, -1.263599088775942], [36.933256753343215, -1.2636900805445705], [36.9333477552483, -1.2637810723100094], [36.93342875695602, -1.2639000615538214], [36.93366076191175, -1.2644470121560791], [36.93373276346048, -1.2646509937380583], [36.9337699342476, -1.2647167947922033], [36.933992548961854, -1.2651108811825142], [36.93417277277841, -1.2654299233535669], [36.934031769908714, -1.265550912487523], [36.93379076501655, -1.2657988902013853], [36.933588760947515, -1.2661068624924123], [36.933441758006765, -1.266395836479199], [36.933307755310594, -1.266609817224828], [36.93316675243454, -1.2667108081622553], [36.9329317475905, -1.266717807605901], [36.93274474372125, -1.2666768113625948], [36.9325467396139, -1.2665998183690677], [36.932331735138, -1.2664658305208054], [36.93180872428094, -1.2662378512468506], [36.93153471860301, -1.26615085917917], [36.93141271607319, -1.2661068631856336], [36.931252712770416, -1.266096864138391], [36.93092470599155, -1.2660498684809167], [36.93055569836909, -1.2660098722054205], [36.93040869534037, -1.2660188714406395], [36.93014668995534, -1.266076866294196], [36.9300126872129, -1.266143860295287], [36.92992568545258, -1.2662518505843576], [36.92975768201305, -1.2663318434241406], [36.92948967648821, -1.2663388428782794], [36.92920767064519, -1.2662518508131044], [36.929158669617735, -1.266197855698072], [36.929026666848934, -1.2660498690855082], [36.928822662623986, -1.2659928742903683], [36.92858065765225, -1.2660538688669505], [36.92827265130652, -1.2660738671615892], [36.92785664278178, -1.2662478516042186], [36.92773664031952, -1.2662878480355984], [36.92755563659099, -1.2663018468308607], [36.927300631355216, -1.2663758402393848], [36.926790620912726, -1.2666168186704396], [36.926160608006, -1.2668917940739772], [36.92587960224207, -1.2669917851463717], [36.92585239568763, -1.26701307423518], [36.92576459989855, -1.2670817770675475], [36.92566459786062, -1.2671597700660768], [36.925529595126946, -1.2673207555913424], [36.925423592980685, -1.2674477441733216], [36.925218588804555, -1.2676127293602741], [36.92509858632527, -1.2675987306609466], [36.925017584673505, -1.2676587252765326], [36.92491058251951, -1.267826710161696], [36.92485058133265, -1.267987695663105], [36.92481658067126, -1.2681146842220956], [36.92485658153837, -1.2682486721262178], [36.924997584543554, -1.2685576442178883], [36.92513858754623, -1.268858617030903], [36.925158588005225, -1.269006603678905], [36.92517158833876, -1.269214584918725], [36.92512858753998, -1.2694945596839236], [36.92510858716898, -1.269626547787418], [36.92504158584005, -1.2697945326597144], [36.924960584234896, -1.2700025139294588], [36.924860582222806, -1.2701624995336196], [36.92480658113245, -1.2702364928780094], [36.9247125792085, -1.2702834886698604], [36.92469257879825, -1.270290488045081], [36.9246895787345, -1.2702844885871194], [36.92448957464234, -1.2703884792728588], [36.92435657192322, -1.2704644724622247], [36.92414756765555, -1.2706004602653533], [36.9238615618227, -1.2708094415104016], [36.923816067895174, -1.2708434274599922], [36.92368755827494, -1.2709394298434225], [36.923581556115515, -1.2710244222125386], [36.923530555072524, -1.2710524197039803], [36.92348555414852, -1.2710654185461163], [36.923403552461345, -1.2710784174000833], [36.92337155180327, -1.2710844168692348], [36.923315550651424, -1.2710944159854294], [36.92315154727686, -1.2711194137835455], [36.922920542517545, -1.2711354124145298], [36.92290954229106, -1.2711364123278677], [36.92277553953009, -1.2711454115591847], [36.922700537985754, -1.2711534108618159], [36.92264553685482, -1.2711644098875123], [36.92253953467649, -1.2711894076669978], [36.922453532913124, -1.2712224047187382], [36.922340530595704, -1.271264400967582], [36.922215528034016, -1.2713163963185539], [36.922119526069814, -1.271366391840612], [36.921972523063054, -1.271446384673672], [36.921833520224254, -1.2715353766926425], [36.92175551863183, -1.2715873720284967], [36.92168351716549, -1.27164636673126], [36.92161951586211, -1.271699361972545], [36.92155551455695, -1.2717463577548203], [36.92148451310483, -1.271785354260777], [36.92138151099588, -1.2718343498751696], [36.921376510893325, -1.271836349696409], [36.921280508927545, -1.2718813456692837], [36.921206507415775, -1.2719273415450292], [36.92107850480408, -1.272017333470304], [36.92105150425389, -1.2720383315852488], [36.92096750254152, -1.2721023258409512], [36.920884500852594, -1.2721753192848888], [36.920805499248765, -1.2722563120060153], [36.92077549864388, -1.2723003080479507], [36.92075349820174, -1.2723373047185875], [36.920722497578126, -1.2723873002197603], [36.9206634963997, -1.2725092892373513], [36.92063149576839, -1.272600281041709], [36.920623495611544, -1.2726262786998448], [36.92061349541639, -1.272661275546907], [36.920604495248064, -1.2727162705902153], [36.92060449526825, -1.272780264819016], [36.920611495448625, -1.2728942545368964], [36.920621495672485, -1.2729502494839322], [36.920632495918625, -1.273011243979742], [36.9206404960966, -1.2730522402799478], [36.92063549600099, -1.2730762381174763], [36.920610495497314, -1.2731142346987905], [36.920575494797546, -1.273184228397697], [36.92054849426083, -1.2732482226352135], [36.920510493506136, -1.273340214351275], [36.92047349277513, -1.273442205165291], [36.92045349238349, -1.2735081992201953], [36.92044949230597, -1.2735241977786687], [36.9204394921124, -1.2735641941748967], [36.92043549204001, -1.2735961912905611], [36.92043449202256, -1.2736061903890705], [36.92044149218109, -1.2736511863290336], [36.92046449267404, -1.2737101810013327], [36.92048149303675, -1.2737481775691784], [36.92048949320802, -1.27376817576308], [36.920496493363714, -1.2738041725145794], [36.92048949323548, -1.2738551679178451], [36.92049049326619, -1.2738871650319896], [36.920496493405054, -1.2739351607016307], [36.92050449357957, -1.273965157993804], [36.92050749365027, -1.2739931554679427], [36.920508493673815, -1.274002154656078], [36.92050349358167, -1.2740371515015099], [36.92048649324716, -1.2740881469079721], [36.92048049313796, -1.2741341427619035], [36.92048549326001, -1.2741941373497672], [36.92048649328316, -1.2742021366280836], [36.92052449412, -1.2743701214663758], [36.920566495033015, -1.274518108106909], [36.92063649655599, -1.274769085450333], [36.92076749941304, -1.275260041131916], [36.92083950098846, -1.2755460153183338], [36.92086350151321, -1.275640006834006], [36.92096750376603, -1.2759809760504532], [36.92099850442691, -1.2760489699085111], [36.92103550521022, -1.2761129641252826], [36.92107150597081, -1.276169958973651], [36.92112150702512, -1.2762429523746819], [36.92115950782853, -1.276304946771486], [36.92120350876545, -1.2763979383709474], [36.921240509557634, -1.2764899300627426], [36.92125950996223, -1.2765299264495769], [36.9213135111007, -1.2766079193983797], [36.92135851204938, -1.2766729135223636], [36.921406513063104, -1.276747906743722], [36.92143051357007, -1.2767859033092184], [36.92144551388744, -1.27681090104999], [36.92146251424809, -1.2768428981588338], [36.92147651454833, -1.276878894907906], [36.92148751478685, -1.2769158915678458], [36.921493514922666, -1.2769538881392068], [36.9214895148557, -1.2770028837217586], [36.92147451456648, -1.277066877955175], [36.9214595142685, -1.2771028747136461], [36.921434513764964, -1.2771408712948729], [36.92139051287675, -1.2772018658082416], [36.92135451214758, -1.2772438620323545], [36.921322511496356, -1.2772718595175776], [36.921290510843015, -1.2772928576341764], [36.921244509899005, -1.2773078562962878], [36.92116650829429, -1.277320855149049], [36.92104950587805, -1.2773108560883903], [36.92098850461856, -1.2773068564686365], [36.920920503218625, -1.2773148557691034], [36.92082050115893, -1.2773238549896684], [36.92076349998105, -1.2773168556392696], [36.92067849822313, -1.2773018570191574], [36.92059549651065, -1.2772998572261924], [36.92045049352271, -1.2773088564612165], [36.92025448947697, -1.2772988574259372], [36.92016748768065, -1.2772928579949911], [36.92012648683317, -1.2772868585492656], [36.92006248550739, -1.2772688601929536], [36.919973483661906, -1.2772378630170573], [36.91991348241868, -1.277219864659547], [36.91986848149022, -1.277218864764188], [36.91976447935086, -1.2772368631743878], [36.91962847655655, -1.2772708601520226], [36.919524474421834, -1.277303857209562], [36.91945847307008, -1.2773338545255315]]]}}]}